Attack_Type,Canonical_Type_Episode_ID,Segment_ID,Origin_Time,Target_Time,Horizon_Minutes,Clean_History
SSH-Patator,SSH-Patator__SEG2__EP0,2,2017-07-04 01:39:00,2017-07-04 02:09:00,30,1
SSH-Patator,SSH-Patator__SEG2__EP0,2,2017-07-04 01:40:00,2017-07-04 02:10:00,30,1
SSH-Patator,SSH-Patator__SEG2__EP0,2,2017-07-04 01:41:00,2017-07-04 02:11:00,30,1
SSH-Patator,SSH-Patator__SEG2__EP0,2,2017-07-04 01:42:00,2017-07-04 02:12:00,30,1
SSH-Patator,SSH-Patator__SEG2__EP0,2,2017-07-04 01:43:00,2017-07-04 02:13:00,30,1
SSH-Patator,SSH-Patator__SEG2__EP0,2,2017-07-04 01:44:00,2017-07-04 02:14:00,30,1
SSH-Patator,SSH-Patator__SEG2__EP0,2,2017-07-04 01:45:00,2017-07-04 02:15:00,30,1
SSH-Patator,SSH-Patator__SEG2__EP0,2,2017-07-04 01:46:00,2017-07-04 02:16:00,30,1
SSH-Patator,SSH-Patator__SEG2__EP0,2,2017-07-04 01:47:00,2017-07-04 02:17:00,30,1
SSH-Patator,SSH-Patator__SEG2__EP0,2,2017-07-04 01:48:00,2017-07-04 02:18:00,30,1
SSH-Patator,SSH-Patator__SEG2__EP0,2,2017-07-04 01:49:00,2017-07-04 02:19:00,30,1
SSH-Patator,SSH-Patator__SEG2__EP0,2,2017-07-04 01:50:00,2017-07-04 02:20:00,30,1
SSH-Patator,SSH-Patator__SEG2__EP0,2,2017-07-04 01:51:00,2017-07-04 02:21:00,30,1
SSH-Patator,SSH-Patator__SEG2__EP0,2,2017-07-04 01:52:00,2017-07-04 02:22:00,30,1
SSH-Patator,SSH-Patator__SEG2__EP0,2,2017-07-04 01:53:00,2017-07-04 02:23:00,30,1
SSH-Patator,SSH-Patator__SEG2__EP0,2,2017-07-04 01:54:00,2017-07-04 02:09:00,15,1
SSH-Patator,SSH-Patator__SEG2__EP0,2,2017-07-04 01:54:00,2017-07-04 02:24:00,30,1
SSH-Patator,SSH-Patator__SEG2__EP0,2,2017-07-04 01:55:00,2017-07-04 02:10:00,15,1
SSH-Patator,SSH-Patator__SEG2__EP0,2,2017-07-04 01:55:00,2017-07-04 02:25:00,30,1
SSH-Patator,SSH-Patator__SEG2__EP0,2,2017-07-04 01:56:00,2017-07-04 02:11:00,15,1
SSH-Patator,SSH-Patator__SEG2__EP0,2,2017-07-04 01:56:00,2017-07-04 02:26:00,30,1
SSH-Patator,SSH-Patator__SEG2__EP0,2,2017-07-04 01:57:00,2017-07-04 02:12:00,15,1
SSH-Patator,SSH-Patator__SEG2__EP0,2,2017-07-04 01:57:00,2017-07-04 02:27:00,30,1
SSH-Patator,SSH-Patator__SEG2__EP0,2,2017-07-04 01:58:00,2017-07-04 02:13:00,15,1
SSH-Patator,SSH-Patator__SEG2__EP0,2,2017-07-04 01:58:00,2017-07-04 02:28:00,30,1
SSH-Patator,SSH-Patator__SEG2__EP0,2,2017-07-04 01:59:00,2017-07-04 02:09:00,10,1
SSH-Patator,SSH-Patator__SEG2__EP0,2,2017-07-04 01:59:00,2017-07-04 02:14:00,15,1
SSH-Patator,SSH-Patator__SEG2__EP0,2,2017-07-04 01:59:00,2017-07-04 02:29:00,30,1
SSH-Patator,SSH-Patator__SEG2__EP0,2,2017-07-04 02:00:00,2017-07-04 02:10:00,10,1
SSH-Patator,SSH-Patator__SEG2__EP0,2,2017-07-04 02:00:00,2017-07-04 02:15:00,15,1
SSH-Patator,SSH-Patator__SEG2__EP0,2,2017-07-04 02:00:00,2017-07-04 02:30:00,30,1
SSH-Patator,SSH-Patator__SEG2__EP0,2,2017-07-04 02:01:00,2017-07-04 02:11:00,10,1
SSH-Patator,SSH-Patator__SEG2__EP0,2,2017-07-04 02:01:00,2017-07-04 02:16:00,15,1
SSH-Patator,SSH-Patator__SEG2__EP0,2,2017-07-04 02:01:00,2017-07-04 02:31:00,30,1
SSH-Patator,SSH-Patator__SEG2__EP0,2,2017-07-04 02:02:00,2017-07-04 02:12:00,10,1
SSH-Patator,SSH-Patator__SEG2__EP0,2,2017-07-04 02:02:00,2017-07-04 02:17:00,15,1
SSH-Patator,SSH-Patator__SEG2__EP0,2,2017-07-04 02:02:00,2017-07-04 02:32:00,30,1
SSH-Patator,SSH-Patator__SEG2__EP0,2,2017-07-04 02:03:00,2017-07-04 02:13:00,10,1
SSH-Patator,SSH-Patator__SEG2__EP0,2,2017-07-04 02:03:00,2017-07-04 02:18:00,15,1
SSH-Patator,SSH-Patator__SEG2__EP0,2,2017-07-04 02:03:00,2017-07-04 02:33:00,30,1
SSH-Patator,SSH-Patator__SEG2__EP0,2,2017-07-04 02:04:00,2017-07-04 02:09:00,5,1
SSH-Patator,SSH-Patator__SEG2__EP0,2,2017-07-04 02:04:00,2017-07-04 02:14:00,10,1
SSH-Patator,SSH-Patator__SEG2__EP0,2,2017-07-04 02:04:00,2017-07-04 02:19:00,15,1
SSH-Patator,SSH-Patator__SEG2__EP0,2,2017-07-04 02:04:00,2017-07-04 02:34:00,30,1
SSH-Patator,SSH-Patator__SEG2__EP0,2,2017-07-04 02:05:00,2017-07-04 02:10:00,5,1
SSH-Patator,SSH-Patator__SEG2__EP0,2,2017-07-04 02:05:00,2017-07-04 02:15:00,10,1
SSH-Patator,SSH-Patator__SEG2__EP0,2,2017-07-04 02:05:00,2017-07-04 02:20:00,15,1
SSH-Patator,SSH-Patator__SEG2__EP0,2,2017-07-04 02:05:00,2017-07-04 02:35:00,30,1
SSH-Patator,SSH-Patator__SEG2__EP0,2,2017-07-04 02:06:00,2017-07-04 02:11:00,5,1
SSH-Patator,SSH-Patator__SEG2__EP0,2,2017-07-04 02:06:00,2017-07-04 02:16:00,10,1
SSH-Patator,SSH-Patator__SEG2__EP0,2,2017-07-04 02:06:00,2017-07-04 02:21:00,15,1
SSH-Patator,SSH-Patator__SEG2__EP0,2,2017-07-04 02:06:00,2017-07-04 02:36:00,30,1
SSH-Patator,SSH-Patator__SEG2__EP0,2,2017-07-04 02:07:00,2017-07-04 02:12:00,5,1
SSH-Patator,SSH-Patator__SEG2__EP0,2,2017-07-04 02:07:00,2017-07-04 02:17:00,10,1
SSH-Patator,SSH-Patator__SEG2__EP0,2,2017-07-04 02:07:00,2017-07-04 02:22:00,15,1
SSH-Patator,SSH-Patator__SEG2__EP0,2,2017-07-04 02:07:00,2017-07-04 02:37:00,30,1
SSH-Patator,SSH-Patator__SEG2__EP0,2,2017-07-04 02:08:00,2017-07-04 02:09:00,1,1
SSH-Patator,SSH-Patator__SEG2__EP0,2,2017-07-04 02:08:00,2017-07-04 02:13:00,5,1
SSH-Patator,SSH-Patator__SEG2__EP0,2,2017-07-04 02:08:00,2017-07-04 02:18:00,10,1
SSH-Patator,SSH-Patator__SEG2__EP0,2,2017-07-04 02:08:00,2017-07-04 02:23:00,15,1
SSH-Patator,SSH-Patator__SEG2__EP0,2,2017-07-04 02:08:00,2017-07-04 02:38:00,30,1
SSH-Patator,SSH-Patator__SEG2__EP0,2,2017-07-04 02:09:00,2017-07-04 02:10:00,1,0
SSH-Patator,SSH-Patator__SEG2__EP0,2,2017-07-04 02:09:00,2017-07-04 02:14:00,5,0
SSH-Patator,SSH-Patator__SEG2__EP0,2,2017-07-04 02:09:00,2017-07-04 02:19:00,10,0
SSH-Patator,SSH-Patator__SEG2__EP0,2,2017-07-04 02:09:00,2017-07-04 02:24:00,15,0
SSH-Patator,SSH-Patator__SEG2__EP0,2,2017-07-04 02:09:00,2017-07-04 02:39:00,30,0
SSH-Patator,SSH-Patator__SEG2__EP0,2,2017-07-04 02:10:00,2017-07-04 02:11:00,1,0
SSH-Patator,SSH-Patator__SEG2__EP0,2,2017-07-04 02:10:00,2017-07-04 02:15:00,5,0
SSH-Patator,SSH-Patator__SEG2__EP0,2,2017-07-04 02:10:00,2017-07-04 02:20:00,10,0
SSH-Patator,SSH-Patator__SEG2__EP0,2,2017-07-04 02:10:00,2017-07-04 02:25:00,15,0
SSH-Patator,SSH-Patator__SEG2__EP0,2,2017-07-04 02:10:00,2017-07-04 02:40:00,30,0
SSH-Patator,SSH-Patator__SEG2__EP0,2,2017-07-04 02:11:00,2017-07-04 02:12:00,1,0
SSH-Patator,SSH-Patator__SEG2__EP0,2,2017-07-04 02:11:00,2017-07-04 02:16:00,5,0
SSH-Patator,SSH-Patator__SEG2__EP0,2,2017-07-04 02:11:00,2017-07-04 02:21:00,10,0
SSH-Patator,SSH-Patator__SEG2__EP0,2,2017-07-04 02:11:00,2017-07-04 02:26:00,15,0
SSH-Patator,SSH-Patator__SEG2__EP0,2,2017-07-04 02:11:00,2017-07-04 02:41:00,30,0
SSH-Patator,SSH-Patator__SEG2__EP0,2,2017-07-04 02:12:00,2017-07-04 02:13:00,1,0
SSH-Patator,SSH-Patator__SEG2__EP0,2,2017-07-04 02:12:00,2017-07-04 02:17:00,5,0
SSH-Patator,SSH-Patator__SEG2__EP0,2,2017-07-04 02:12:00,2017-07-04 02:22:00,10,0
SSH-Patator,SSH-Patator__SEG2__EP0,2,2017-07-04 02:12:00,2017-07-04 02:27:00,15,0
SSH-Patator,SSH-Patator__SEG2__EP0,2,2017-07-04 02:12:00,2017-07-04 02:42:00,30,0
SSH-Patator,SSH-Patator__SEG2__EP0,2,2017-07-04 02:13:00,2017-07-04 02:14:00,1,0
SSH-Patator,SSH-Patator__SEG2__EP0,2,2017-07-04 02:13:00,2017-07-04 02:18:00,5,0
SSH-Patator,SSH-Patator__SEG2__EP0,2,2017-07-04 02:13:00,2017-07-04 02:23:00,10,0
SSH-Patator,SSH-Patator__SEG2__EP0,2,2017-07-04 02:13:00,2017-07-04 02:28:00,15,0
SSH-Patator,SSH-Patator__SEG2__EP0,2,2017-07-04 02:13:00,2017-07-04 02:43:00,30,0
SSH-Patator,SSH-Patator__SEG2__EP0,2,2017-07-04 02:14:00,2017-07-04 02:15:00,1,0
SSH-Patator,SSH-Patator__SEG2__EP0,2,2017-07-04 02:14:00,2017-07-04 02:19:00,5,0
SSH-Patator,SSH-Patator__SEG2__EP0,2,2017-07-04 02:14:00,2017-07-04 02:24:00,10,0
SSH-Patator,SSH-Patator__SEG2__EP0,2,2017-07-04 02:14:00,2017-07-04 02:29:00,15,0
SSH-Patator,SSH-Patator__SEG2__EP0,2,2017-07-04 02:14:00,2017-07-04 02:44:00,30,0
SSH-Patator,SSH-Patator__SEG2__EP0,2,2017-07-04 02:15:00,2017-07-04 02:16:00,1,0
SSH-Patator,SSH-Patator__SEG2__EP0,2,2017-07-04 02:15:00,2017-07-04 02:20:00,5,0
SSH-Patator,SSH-Patator__SEG2__EP0,2,2017-07-04 02:15:00,2017-07-04 02:25:00,10,0
SSH-Patator,SSH-Patator__SEG2__EP0,2,2017-07-04 02:15:00,2017-07-04 02:30:00,15,0
SSH-Patator,SSH-Patator__SEG2__EP0,2,2017-07-04 02:15:00,2017-07-04 02:45:00,30,0
SSH-Patator,SSH-Patator__SEG2__EP0,2,2017-07-04 02:16:00,2017-07-04 02:17:00,1,0
SSH-Patator,SSH-Patator__SEG2__EP0,2,2017-07-04 02:16:00,2017-07-04 02:21:00,5,0
SSH-Patator,SSH-Patator__SEG2__EP0,2,2017-07-04 02:16:00,2017-07-04 02:26:00,10,0
SSH-Patator,SSH-Patator__SEG2__EP0,2,2017-07-04 02:16:00,2017-07-04 02:31:00,15,0
SSH-Patator,SSH-Patator__SEG2__EP0,2,2017-07-04 02:16:00,2017-07-04 02:46:00,30,0
SSH-Patator,SSH-Patator__SEG2__EP0,2,2017-07-04 02:17:00,2017-07-04 02:18:00,1,0
SSH-Patator,SSH-Patator__SEG2__EP0,2,2017-07-04 02:17:00,2017-07-04 02:22:00,5,0
SSH-Patator,SSH-Patator__SEG2__EP0,2,2017-07-04 02:17:00,2017-07-04 02:27:00,10,0
SSH-Patator,SSH-Patator__SEG2__EP0,2,2017-07-04 02:17:00,2017-07-04 02:32:00,15,0
SSH-Patator,SSH-Patator__SEG2__EP0,2,2017-07-04 02:17:00,2017-07-04 02:47:00,30,0
SSH-Patator,SSH-Patator__SEG2__EP0,2,2017-07-04 02:18:00,2017-07-04 02:19:00,1,0
SSH-Patator,SSH-Patator__SEG2__EP0,2,2017-07-04 02:18:00,2017-07-04 02:23:00,5,0
SSH-Patator,SSH-Patator__SEG2__EP0,2,2017-07-04 02:18:00,2017-07-04 02:28:00,10,0
SSH-Patator,SSH-Patator__SEG2__EP0,2,2017-07-04 02:18:00,2017-07-04 02:33:00,15,0
SSH-Patator,SSH-Patator__SEG2__EP0,2,2017-07-04 02:18:00,2017-07-04 02:48:00,30,0
SSH-Patator,SSH-Patator__SEG2__EP0,2,2017-07-04 02:19:00,2017-07-04 02:20:00,1,0
SSH-Patator,SSH-Patator__SEG2__EP0,2,2017-07-04 02:19:00,2017-07-04 02:24:00,5,0
SSH-Patator,SSH-Patator__SEG2__EP0,2,2017-07-04 02:19:00,2017-07-04 02:29:00,10,0
SSH-Patator,SSH-Patator__SEG2__EP0,2,2017-07-04 02:19:00,2017-07-04 02:34:00,15,0
SSH-Patator,SSH-Patator__SEG2__EP0,2,2017-07-04 02:19:00,2017-07-04 02:49:00,30,0
SSH-Patator,SSH-Patator__SEG2__EP0,2,2017-07-04 02:20:00,2017-07-04 02:21:00,1,0
SSH-Patator,SSH-Patator__SEG2__EP0,2,2017-07-04 02:20:00,2017-07-04 02:25:00,5,0
SSH-Patator,SSH-Patator__SEG2__EP0,2,2017-07-04 02:20:00,2017-07-04 02:30:00,10,0
SSH-Patator,SSH-Patator__SEG2__EP0,2,2017-07-04 02:20:00,2017-07-04 02:35:00,15,0
SSH-Patator,SSH-Patator__SEG2__EP0,2,2017-07-04 02:20:00,2017-07-04 02:50:00,30,0
SSH-Patator,SSH-Patator__SEG2__EP0,2,2017-07-04 02:21:00,2017-07-04 02:22:00,1,0
SSH-Patator,SSH-Patator__SEG2__EP0,2,2017-07-04 02:21:00,2017-07-04 02:26:00,5,0
SSH-Patator,SSH-Patator__SEG2__EP0,2,2017-07-04 02:21:00,2017-07-04 02:31:00,10,0
SSH-Patator,SSH-Patator__SEG2__EP0,2,2017-07-04 02:21:00,2017-07-04 02:36:00,15,0
SSH-Patator,SSH-Patator__SEG2__EP0,2,2017-07-04 02:21:00,2017-07-04 02:51:00,30,0
SSH-Patator,SSH-Patator__SEG2__EP0,2,2017-07-04 02:22:00,2017-07-04 02:23:00,1,0
SSH-Patator,SSH-Patator__SEG2__EP0,2,2017-07-04 02:22:00,2017-07-04 02:27:00,5,0
SSH-Patator,SSH-Patator__SEG2__EP0,2,2017-07-04 02:22:00,2017-07-04 02:32:00,10,0
SSH-Patator,SSH-Patator__SEG2__EP0,2,2017-07-04 02:22:00,2017-07-04 02:37:00,15,0
SSH-Patator,SSH-Patator__SEG2__EP0,2,2017-07-04 02:22:00,2017-07-04 02:52:00,30,0
SSH-Patator,SSH-Patator__SEG2__EP0,2,2017-07-04 02:23:00,2017-07-04 02:24:00,1,0
SSH-Patator,SSH-Patator__SEG2__EP0,2,2017-07-04 02:23:00,2017-07-04 02:28:00,5,0
SSH-Patator,SSH-Patator__SEG2__EP0,2,2017-07-04 02:23:00,2017-07-04 02:33:00,10,0
SSH-Patator,SSH-Patator__SEG2__EP0,2,2017-07-04 02:23:00,2017-07-04 02:38:00,15,0
SSH-Patator,SSH-Patator__SEG2__EP0,2,2017-07-04 02:23:00,2017-07-04 02:53:00,30,0
SSH-Patator,SSH-Patator__SEG2__EP0,2,2017-07-04 02:24:00,2017-07-04 02:25:00,1,0
SSH-Patator,SSH-Patator__SEG2__EP0,2,2017-07-04 02:24:00,2017-07-04 02:29:00,5,0
SSH-Patator,SSH-Patator__SEG2__EP0,2,2017-07-04 02:24:00,2017-07-04 02:34:00,10,0
SSH-Patator,SSH-Patator__SEG2__EP0,2,2017-07-04 02:24:00,2017-07-04 02:39:00,15,0
SSH-Patator,SSH-Patator__SEG2__EP0,2,2017-07-04 02:24:00,2017-07-04 02:54:00,30,0
SSH-Patator,SSH-Patator__SEG2__EP0,2,2017-07-04 02:25:00,2017-07-04 02:26:00,1,0
SSH-Patator,SSH-Patator__SEG2__EP0,2,2017-07-04 02:25:00,2017-07-04 02:30:00,5,0
SSH-Patator,SSH-Patator__SEG2__EP0,2,2017-07-04 02:25:00,2017-07-04 02:35:00,10,0
SSH-Patator,SSH-Patator__SEG2__EP0,2,2017-07-04 02:25:00,2017-07-04 02:40:00,15,0
SSH-Patator,SSH-Patator__SEG2__EP0,2,2017-07-04 02:25:00,2017-07-04 02:55:00,30,0
SSH-Patator,SSH-Patator__SEG2__EP0,2,2017-07-04 02:26:00,2017-07-04 02:27:00,1,0
SSH-Patator,SSH-Patator__SEG2__EP0,2,2017-07-04 02:26:00,2017-07-04 02:31:00,5,0
SSH-Patator,SSH-Patator__SEG2__EP0,2,2017-07-04 02:26:00,2017-07-04 02:36:00,10,0
SSH-Patator,SSH-Patator__SEG2__EP0,2,2017-07-04 02:26:00,2017-07-04 02:41:00,15,0
SSH-Patator,SSH-Patator__SEG2__EP0,2,2017-07-04 02:26:00,2017-07-04 02:56:00,30,0
SSH-Patator,SSH-Patator__SEG2__EP0,2,2017-07-04 02:27:00,2017-07-04 02:28:00,1,0
SSH-Patator,SSH-Patator__SEG2__EP0,2,2017-07-04 02:27:00,2017-07-04 02:32:00,5,0
SSH-Patator,SSH-Patator__SEG2__EP0,2,2017-07-04 02:27:00,2017-07-04 02:37:00,10,0
SSH-Patator,SSH-Patator__SEG2__EP0,2,2017-07-04 02:27:00,2017-07-04 02:42:00,15,0
SSH-Patator,SSH-Patator__SEG2__EP0,2,2017-07-04 02:27:00,2017-07-04 02:57:00,30,0
SSH-Patator,SSH-Patator__SEG2__EP0,2,2017-07-04 02:28:00,2017-07-04 02:29:00,1,0
SSH-Patator,SSH-Patator__SEG2__EP0,2,2017-07-04 02:28:00,2017-07-04 02:33:00,5,0
SSH-Patator,SSH-Patator__SEG2__EP0,2,2017-07-04 02:28:00,2017-07-04 02:38:00,10,0
SSH-Patator,SSH-Patator__SEG2__EP0,2,2017-07-04 02:28:00,2017-07-04 02:43:00,15,0
SSH-Patator,SSH-Patator__SEG2__EP0,2,2017-07-04 02:28:00,2017-07-04 02:58:00,30,0
SSH-Patator,SSH-Patator__SEG2__EP0,2,2017-07-04 02:29:00,2017-07-04 02:30:00,1,0
SSH-Patator,SSH-Patator__SEG2__EP0,2,2017-07-04 02:29:00,2017-07-04 02:34:00,5,0
SSH-Patator,SSH-Patator__SEG2__EP0,2,2017-07-04 02:29:00,2017-07-04 02:39:00,10,0
SSH-Patator,SSH-Patator__SEG2__EP0,2,2017-07-04 02:29:00,2017-07-04 02:44:00,15,0
SSH-Patator,SSH-Patator__SEG2__EP0,2,2017-07-04 02:29:00,2017-07-04 02:59:00,30,0
SSH-Patator,SSH-Patator__SEG2__EP0,2,2017-07-04 02:30:00,2017-07-04 02:31:00,1,0
SSH-Patator,SSH-Patator__SEG2__EP0,2,2017-07-04 02:30:00,2017-07-04 02:35:00,5,0
SSH-Patator,SSH-Patator__SEG2__EP0,2,2017-07-04 02:30:00,2017-07-04 02:40:00,10,0
SSH-Patator,SSH-Patator__SEG2__EP0,2,2017-07-04 02:30:00,2017-07-04 02:45:00,15,0
SSH-Patator,SSH-Patator__SEG2__EP0,2,2017-07-04 02:30:00,2017-07-04 03:00:00,30,0
SSH-Patator,SSH-Patator__SEG2__EP0,2,2017-07-04 02:31:00,2017-07-04 02:32:00,1,0
SSH-Patator,SSH-Patator__SEG2__EP0,2,2017-07-04 02:31:00,2017-07-04 02:36:00,5,0
SSH-Patator,SSH-Patator__SEG2__EP0,2,2017-07-04 02:31:00,2017-07-04 02:41:00,10,0
SSH-Patator,SSH-Patator__SEG2__EP0,2,2017-07-04 02:31:00,2017-07-04 02:46:00,15,0
SSH-Patator,SSH-Patator__SEG2__EP0,2,2017-07-04 02:31:00,2017-07-04 03:01:00,30,0
SSH-Patator,SSH-Patator__SEG2__EP0,2,2017-07-04 02:32:00,2017-07-04 02:33:00,1,0
SSH-Patator,SSH-Patator__SEG2__EP0,2,2017-07-04 02:32:00,2017-07-04 02:37:00,5,0
SSH-Patator,SSH-Patator__SEG2__EP0,2,2017-07-04 02:32:00,2017-07-04 02:42:00,10,0
SSH-Patator,SSH-Patator__SEG2__EP0,2,2017-07-04 02:32:00,2017-07-04 02:47:00,15,0
SSH-Patator,SSH-Patator__SEG2__EP0,2,2017-07-04 02:32:00,2017-07-04 03:02:00,30,0
SSH-Patator,SSH-Patator__SEG2__EP0,2,2017-07-04 02:33:00,2017-07-04 02:34:00,1,0
SSH-Patator,SSH-Patator__SEG2__EP0,2,2017-07-04 02:33:00,2017-07-04 02:38:00,5,0
SSH-Patator,SSH-Patator__SEG2__EP0,2,2017-07-04 02:33:00,2017-07-04 02:43:00,10,0
SSH-Patator,SSH-Patator__SEG2__EP0,2,2017-07-04 02:33:00,2017-07-04 02:48:00,15,0
SSH-Patator,SSH-Patator__SEG2__EP0,2,2017-07-04 02:33:00,2017-07-04 03:03:00,30,0
SSH-Patator,SSH-Patator__SEG2__EP0,2,2017-07-04 02:34:00,2017-07-04 02:35:00,1,0
SSH-Patator,SSH-Patator__SEG2__EP0,2,2017-07-04 02:34:00,2017-07-04 02:39:00,5,0
SSH-Patator,SSH-Patator__SEG2__EP0,2,2017-07-04 02:34:00,2017-07-04 02:44:00,10,0
SSH-Patator,SSH-Patator__SEG2__EP0,2,2017-07-04 02:34:00,2017-07-04 02:49:00,15,0
SSH-Patator,SSH-Patator__SEG2__EP0,2,2017-07-04 02:34:00,2017-07-04 03:04:00,30,0
SSH-Patator,SSH-Patator__SEG2__EP0,2,2017-07-04 02:35:00,2017-07-04 02:36:00,1,0
SSH-Patator,SSH-Patator__SEG2__EP0,2,2017-07-04 02:35:00,2017-07-04 02:40:00,5,0
SSH-Patator,SSH-Patator__SEG2__EP0,2,2017-07-04 02:35:00,2017-07-04 02:45:00,10,0
SSH-Patator,SSH-Patator__SEG2__EP0,2,2017-07-04 02:35:00,2017-07-04 02:50:00,15,0
SSH-Patator,SSH-Patator__SEG2__EP0,2,2017-07-04 02:35:00,2017-07-04 03:05:00,30,0
SSH-Patator,SSH-Patator__SEG2__EP0,2,2017-07-04 02:36:00,2017-07-04 02:37:00,1,0
SSH-Patator,SSH-Patator__SEG2__EP0,2,2017-07-04 02:36:00,2017-07-04 02:41:00,5,0
SSH-Patator,SSH-Patator__SEG2__EP0,2,2017-07-04 02:36:00,2017-07-04 02:46:00,10,0
SSH-Patator,SSH-Patator__SEG2__EP0,2,2017-07-04 02:36:00,2017-07-04 02:51:00,15,0
SSH-Patator,SSH-Patator__SEG2__EP0,2,2017-07-04 02:36:00,2017-07-04 03:06:00,30,0
SSH-Patator,SSH-Patator__SEG2__EP0,2,2017-07-04 02:37:00,2017-07-04 02:38:00,1,0
SSH-Patator,SSH-Patator__SEG2__EP0,2,2017-07-04 02:37:00,2017-07-04 02:42:00,5,0
SSH-Patator,SSH-Patator__SEG2__EP0,2,2017-07-04 02:37:00,2017-07-04 02:47:00,10,0
SSH-Patator,SSH-Patator__SEG2__EP0,2,2017-07-04 02:37:00,2017-07-04 02:52:00,15,0
SSH-Patator,SSH-Patator__SEG2__EP0,2,2017-07-04 02:37:00,2017-07-04 03:07:00,30,0
SSH-Patator,SSH-Patator__SEG2__EP0,2,2017-07-04 02:38:00,2017-07-04 02:39:00,1,0
SSH-Patator,SSH-Patator__SEG2__EP0,2,2017-07-04 02:38:00,2017-07-04 02:43:00,5,0
SSH-Patator,SSH-Patator__SEG2__EP0,2,2017-07-04 02:38:00,2017-07-04 02:48:00,10,0
SSH-Patator,SSH-Patator__SEG2__EP0,2,2017-07-04 02:38:00,2017-07-04 02:53:00,15,0
SSH-Patator,SSH-Patator__SEG2__EP0,2,2017-07-04 02:38:00,2017-07-04 03:08:00,30,0
SSH-Patator,SSH-Patator__SEG2__EP0,2,2017-07-04 02:39:00,2017-07-04 02:40:00,1,0
SSH-Patator,SSH-Patator__SEG2__EP0,2,2017-07-04 02:39:00,2017-07-04 02:44:00,5,0
SSH-Patator,SSH-Patator__SEG2__EP0,2,2017-07-04 02:39:00,2017-07-04 02:49:00,10,0
SSH-Patator,SSH-Patator__SEG2__EP0,2,2017-07-04 02:39:00,2017-07-04 02:54:00,15,0
SSH-Patator,SSH-Patator__SEG2__EP0,2,2017-07-04 02:39:00,2017-07-04 03:09:00,30,0
SSH-Patator,SSH-Patator__SEG2__EP0,2,2017-07-04 02:40:00,2017-07-04 02:41:00,1,0
SSH-Patator,SSH-Patator__SEG2__EP0,2,2017-07-04 02:40:00,2017-07-04 02:45:00,5,0
SSH-Patator,SSH-Patator__SEG2__EP0,2,2017-07-04 02:40:00,2017-07-04 02:50:00,10,0
SSH-Patator,SSH-Patator__SEG2__EP0,2,2017-07-04 02:40:00,2017-07-04 02:55:00,15,0
SSH-Patator,SSH-Patator__SEG2__EP0,2,2017-07-04 02:40:00,2017-07-04 03:10:00,30,0
SSH-Patator,SSH-Patator__SEG2__EP0,2,2017-07-04 02:41:00,2017-07-04 02:42:00,1,0
SSH-Patator,SSH-Patator__SEG2__EP0,2,2017-07-04 02:41:00,2017-07-04 02:46:00,5,0
SSH-Patator,SSH-Patator__SEG2__EP0,2,2017-07-04 02:41:00,2017-07-04 02:51:00,10,0
SSH-Patator,SSH-Patator__SEG2__EP0,2,2017-07-04 02:41:00,2017-07-04 02:56:00,15,0
SSH-Patator,SSH-Patator__SEG2__EP0,2,2017-07-04 02:41:00,2017-07-04 03:11:00,30,0
SSH-Patator,SSH-Patator__SEG2__EP0,2,2017-07-04 02:42:00,2017-07-04 02:43:00,1,0
SSH-Patator,SSH-Patator__SEG2__EP0,2,2017-07-04 02:42:00,2017-07-04 02:47:00,5,0
SSH-Patator,SSH-Patator__SEG2__EP0,2,2017-07-04 02:42:00,2017-07-04 02:52:00,10,0
SSH-Patator,SSH-Patator__SEG2__EP0,2,2017-07-04 02:42:00,2017-07-04 02:57:00,15,0
SSH-Patator,SSH-Patator__SEG2__EP0,2,2017-07-04 02:43:00,2017-07-04 02:44:00,1,0
SSH-Patator,SSH-Patator__SEG2__EP0,2,2017-07-04 02:43:00,2017-07-04 02:48:00,5,0
SSH-Patator,SSH-Patator__SEG2__EP0,2,2017-07-04 02:43:00,2017-07-04 02:53:00,10,0
SSH-Patator,SSH-Patator__SEG2__EP0,2,2017-07-04 02:43:00,2017-07-04 02:58:00,15,0
SSH-Patator,SSH-Patator__SEG2__EP0,2,2017-07-04 02:44:00,2017-07-04 02:45:00,1,0
SSH-Patator,SSH-Patator__SEG2__EP0,2,2017-07-04 02:44:00,2017-07-04 02:49:00,5,0
SSH-Patator,SSH-Patator__SEG2__EP0,2,2017-07-04 02:44:00,2017-07-04 02:54:00,10,0
SSH-Patator,SSH-Patator__SEG2__EP0,2,2017-07-04 02:44:00,2017-07-04 02:59:00,15,0
SSH-Patator,SSH-Patator__SEG2__EP0,2,2017-07-04 02:45:00,2017-07-04 02:46:00,1,0
SSH-Patator,SSH-Patator__SEG2__EP0,2,2017-07-04 02:45:00,2017-07-04 02:50:00,5,0
SSH-Patator,SSH-Patator__SEG2__EP0,2,2017-07-04 02:45:00,2017-07-04 02:55:00,10,0
SSH-Patator,SSH-Patator__SEG2__EP0,2,2017-07-04 02:45:00,2017-07-04 03:00:00,15,0
SSH-Patator,SSH-Patator__SEG2__EP0,2,2017-07-04 02:46:00,2017-07-04 02:47:00,1,0
SSH-Patator,SSH-Patator__SEG2__EP0,2,2017-07-04 02:46:00,2017-07-04 02:51:00,5,0
SSH-Patator,SSH-Patator__SEG2__EP0,2,2017-07-04 02:46:00,2017-07-04 02:56:00,10,0
SSH-Patator,SSH-Patator__SEG2__EP0,2,2017-07-04 02:46:00,2017-07-04 03:01:00,15,0
SSH-Patator,SSH-Patator__SEG2__EP0,2,2017-07-04 02:47:00,2017-07-04 02:48:00,1,0
SSH-Patator,SSH-Patator__SEG2__EP0,2,2017-07-04 02:47:00,2017-07-04 02:52:00,5,0
SSH-Patator,SSH-Patator__SEG2__EP0,2,2017-07-04 02:47:00,2017-07-04 02:57:00,10,0
SSH-Patator,SSH-Patator__SEG2__EP0,2,2017-07-04 02:47:00,2017-07-04 03:02:00,15,0
SSH-Patator,SSH-Patator__SEG2__EP0,2,2017-07-04 02:48:00,2017-07-04 02:49:00,1,0
SSH-Patator,SSH-Patator__SEG2__EP0,2,2017-07-04 02:48:00,2017-07-04 02:53:00,5,0
SSH-Patator,SSH-Patator__SEG2__EP0,2,2017-07-04 02:48:00,2017-07-04 02:58:00,10,0
SSH-Patator,SSH-Patator__SEG2__EP0,2,2017-07-04 02:48:00,2017-07-04 03:03:00,15,0
SSH-Patator,SSH-Patator__SEG2__EP0,2,2017-07-04 02:49:00,2017-07-04 02:50:00,1,0
SSH-Patator,SSH-Patator__SEG2__EP0,2,2017-07-04 02:49:00,2017-07-04 02:54:00,5,0
SSH-Patator,SSH-Patator__SEG2__EP0,2,2017-07-04 02:49:00,2017-07-04 02:59:00,10,0
SSH-Patator,SSH-Patator__SEG2__EP0,2,2017-07-04 02:49:00,2017-07-04 03:04:00,15,0
SSH-Patator,SSH-Patator__SEG2__EP0,2,2017-07-04 02:50:00,2017-07-04 02:51:00,1,0
SSH-Patator,SSH-Patator__SEG2__EP0,2,2017-07-04 02:50:00,2017-07-04 02:55:00,5,0
SSH-Patator,SSH-Patator__SEG2__EP0,2,2017-07-04 02:50:00,2017-07-04 03:00:00,10,0
SSH-Patator,SSH-Patator__SEG2__EP0,2,2017-07-04 02:50:00,2017-07-04 03:05:00,15,0
SSH-Patator,SSH-Patator__SEG2__EP0,2,2017-07-04 02:51:00,2017-07-04 02:52:00,1,0
SSH-Patator,SSH-Patator__SEG2__EP0,2,2017-07-04 02:51:00,2017-07-04 02:56:00,5,0
SSH-Patator,SSH-Patator__SEG2__EP0,2,2017-07-04 02:51:00,2017-07-04 03:01:00,10,0
SSH-Patator,SSH-Patator__SEG2__EP0,2,2017-07-04 02:51:00,2017-07-04 03:06:00,15,0
SSH-Patator,SSH-Patator__SEG2__EP0,2,2017-07-04 02:52:00,2017-07-04 02:53:00,1,0
SSH-Patator,SSH-Patator__SEG2__EP0,2,2017-07-04 02:52:00,2017-07-04 02:57:00,5,0
SSH-Patator,SSH-Patator__SEG2__EP0,2,2017-07-04 02:52:00,2017-07-04 03:02:00,10,0
SSH-Patator,SSH-Patator__SEG2__EP0,2,2017-07-04 02:52:00,2017-07-04 03:07:00,15,0
SSH-Patator,SSH-Patator__SEG2__EP0,2,2017-07-04 02:53:00,2017-07-04 02:54:00,1,0
SSH-Patator,SSH-Patator__SEG2__EP0,2,2017-07-04 02:53:00,2017-07-04 02:58:00,5,0
SSH-Patator,SSH-Patator__SEG2__EP0,2,2017-07-04 02:53:00,2017-07-04 03:03:00,10,0
SSH-Patator,SSH-Patator__SEG2__EP0,2,2017-07-04 02:53:00,2017-07-04 03:08:00,15,0
SSH-Patator,SSH-Patator__SEG2__EP0,2,2017-07-04 02:54:00,2017-07-04 02:55:00,1,0
SSH-Patator,SSH-Patator__SEG2__EP0,2,2017-07-04 02:54:00,2017-07-04 02:59:00,5,0
SSH-Patator,SSH-Patator__SEG2__EP0,2,2017-07-04 02:54:00,2017-07-04 03:04:00,10,0
SSH-Patator,SSH-Patator__SEG2__EP0,2,2017-07-04 02:54:00,2017-07-04 03:09:00,15,0
SSH-Patator,SSH-Patator__SEG2__EP0,2,2017-07-04 02:55:00,2017-07-04 02:56:00,1,0
SSH-Patator,SSH-Patator__SEG2__EP0,2,2017-07-04 02:55:00,2017-07-04 03:00:00,5,0
SSH-Patator,SSH-Patator__SEG2__EP0,2,2017-07-04 02:55:00,2017-07-04 03:05:00,10,0
SSH-Patator,SSH-Patator__SEG2__EP0,2,2017-07-04 02:55:00,2017-07-04 03:10:00,15,0
SSH-Patator,SSH-Patator__SEG2__EP0,2,2017-07-04 02:56:00,2017-07-04 02:57:00,1,0
SSH-Patator,SSH-Patator__SEG2__EP0,2,2017-07-04 02:56:00,2017-07-04 03:01:00,5,0
SSH-Patator,SSH-Patator__SEG2__EP0,2,2017-07-04 02:56:00,2017-07-04 03:06:00,10,0
SSH-Patator,SSH-Patator__SEG2__EP0,2,2017-07-04 02:56:00,2017-07-04 03:11:00,15,0
SSH-Patator,SSH-Patator__SEG2__EP0,2,2017-07-04 02:57:00,2017-07-04 02:58:00,1,0
SSH-Patator,SSH-Patator__SEG2__EP0,2,2017-07-04 02:57:00,2017-07-04 03:02:00,5,0
SSH-Patator,SSH-Patator__SEG2__EP0,2,2017-07-04 02:57:00,2017-07-04 03:07:00,10,0
SSH-Patator,SSH-Patator__SEG2__EP0,2,2017-07-04 02:58:00,2017-07-04 02:59:00,1,0
SSH-Patator,SSH-Patator__SEG2__EP0,2,2017-07-04 02:58:00,2017-07-04 03:03:00,5,0
SSH-Patator,SSH-Patator__SEG2__EP0,2,2017-07-04 02:58:00,2017-07-04 03:08:00,10,0
SSH-Patator,SSH-Patator__SEG2__EP0,2,2017-07-04 02:59:00,2017-07-04 03:00:00,1,0
SSH-Patator,SSH-Patator__SEG2__EP0,2,2017-07-04 02:59:00,2017-07-04 03:04:00,5,0
SSH-Patator,SSH-Patator__SEG2__EP0,2,2017-07-04 02:59:00,2017-07-04 03:09:00,10,0
SSH-Patator,SSH-Patator__SEG2__EP0,2,2017-07-04 03:00:00,2017-07-04 03:01:00,1,0
SSH-Patator,SSH-Patator__SEG2__EP0,2,2017-07-04 03:00:00,2017-07-04 03:05:00,5,0
SSH-Patator,SSH-Patator__SEG2__EP0,2,2017-07-04 03:00:00,2017-07-04 03:10:00,10,0
SSH-Patator,SSH-Patator__SEG2__EP0,2,2017-07-04 03:01:00,2017-07-04 03:02:00,1,0
SSH-Patator,SSH-Patator__SEG2__EP0,2,2017-07-04 03:01:00,2017-07-04 03:06:00,5,0
SSH-Patator,SSH-Patator__SEG2__EP0,2,2017-07-04 03:01:00,2017-07-04 03:11:00,10,0
SSH-Patator,SSH-Patator__SEG2__EP0,2,2017-07-04 03:02:00,2017-07-04 03:03:00,1,0
SSH-Patator,SSH-Patator__SEG2__EP0,2,2017-07-04 03:02:00,2017-07-04 03:07:00,5,0
SSH-Patator,SSH-Patator__SEG2__EP0,2,2017-07-04 03:03:00,2017-07-04 03:04:00,1,0
SSH-Patator,SSH-Patator__SEG2__EP0,2,2017-07-04 03:03:00,2017-07-04 03:08:00,5,0
SSH-Patator,SSH-Patator__SEG2__EP0,2,2017-07-04 03:04:00,2017-07-04 03:05:00,1,0
SSH-Patator,SSH-Patator__SEG2__EP0,2,2017-07-04 03:04:00,2017-07-04 03:09:00,5,0
SSH-Patator,SSH-Patator__SEG2__EP0,2,2017-07-04 03:05:00,2017-07-04 03:06:00,1,0
SSH-Patator,SSH-Patator__SEG2__EP0,2,2017-07-04 03:05:00,2017-07-04 03:10:00,5,0
SSH-Patator,SSH-Patator__SEG2__EP0,2,2017-07-04 03:06:00,2017-07-04 03:07:00,1,0
SSH-Patator,SSH-Patator__SEG2__EP0,2,2017-07-04 03:06:00,2017-07-04 03:11:00,5,0
SSH-Patator,SSH-Patator__SEG2__EP0,2,2017-07-04 03:07:00,2017-07-04 03:08:00,1,0
SSH-Patator,SSH-Patator__SEG2__EP0,2,2017-07-04 03:08:00,2017-07-04 03:09:00,1,0
SSH-Patator,SSH-Patator__SEG2__EP0,2,2017-07-04 03:09:00,2017-07-04 03:10:00,1,0
SSH-Patator,SSH-Patator__SEG2__EP0,2,2017-07-04 03:10:00,2017-07-04 03:11:00,1,0
FTP-Patator,FTP-Patator__SEG3__EP0,3,2017-07-04 09:07:00,2017-07-04 09:17:00,10,1
FTP-Patator,FTP-Patator__SEG3__EP0,3,2017-07-04 09:07:00,2017-07-04 09:22:00,15,1
FTP-Patator,FTP-Patator__SEG3__EP0,3,2017-07-04 09:07:00,2017-07-04 09:37:00,30,1
FTP-Patator,FTP-Patator__SEG3__EP0,3,2017-07-04 09:08:00,2017-07-04 09:23:00,15,1
FTP-Patator,FTP-Patator__SEG3__EP0,3,2017-07-04 09:08:00,2017-07-04 09:38:00,30,1
FTP-Patator,FTP-Patator__SEG3__EP0,3,2017-07-04 09:09:00,2017-07-04 09:19:00,10,1
FTP-Patator,FTP-Patator__SEG3__EP0,3,2017-07-04 09:09:00,2017-07-04 09:24:00,15,1
FTP-Patator,FTP-Patator__SEG3__EP0,3,2017-07-04 09:09:00,2017-07-04 09:39:00,30,1
FTP-Patator,FTP-Patator__SEG3__EP0,3,2017-07-04 09:10:00,2017-07-04 09:20:00,10,1
FTP-Patator,FTP-Patator__SEG3__EP0,3,2017-07-04 09:10:00,2017-07-04 09:25:00,15,1
FTP-Patator,FTP-Patator__SEG3__EP0,3,2017-07-04 09:10:00,2017-07-04 09:40:00,30,1
FTP-Patator,FTP-Patator__SEG3__EP0,3,2017-07-04 09:11:00,2017-07-04 09:21:00,10,1
FTP-Patator,FTP-Patator__SEG3__EP0,3,2017-07-04 09:11:00,2017-07-04 09:26:00,15,1
FTP-Patator,FTP-Patator__SEG3__EP0,3,2017-07-04 09:11:00,2017-07-04 09:41:00,30,1
FTP-Patator,FTP-Patator__SEG3__EP0,3,2017-07-04 09:12:00,2017-07-04 09:17:00,5,1
FTP-Patator,FTP-Patator__SEG3__EP0,3,2017-07-04 09:12:00,2017-07-04 09:22:00,10,1
FTP-Patator,FTP-Patator__SEG3__EP0,3,2017-07-04 09:12:00,2017-07-04 09:27:00,15,1
FTP-Patator,FTP-Patator__SEG3__EP0,3,2017-07-04 09:12:00,2017-07-04 09:42:00,30,1
FTP-Patator,FTP-Patator__SEG3__EP0,3,2017-07-04 09:13:00,2017-07-04 09:23:00,10,1
FTP-Patator,FTP-Patator__SEG3__EP0,3,2017-07-04 09:13:00,2017-07-04 09:28:00,15,1
FTP-Patator,FTP-Patator__SEG3__EP0,3,2017-07-04 09:13:00,2017-07-04 09:43:00,30,1
FTP-Patator,FTP-Patator__SEG3__EP0,3,2017-07-04 09:14:00,2017-07-04 09:19:00,5,1
FTP-Patator,FTP-Patator__SEG3__EP0,3,2017-07-04 09:14:00,2017-07-04 09:24:00,10,1
FTP-Patator,FTP-Patator__SEG3__EP0,3,2017-07-04 09:14:00,2017-07-04 09:29:00,15,1
FTP-Patator,FTP-Patator__SEG3__EP0,3,2017-07-04 09:14:00,2017-07-04 09:44:00,30,1
FTP-Patator,FTP-Patator__SEG3__EP0,3,2017-07-04 09:15:00,2017-07-04 09:20:00,5,1
FTP-Patator,FTP-Patator__SEG3__EP0,3,2017-07-04 09:15:00,2017-07-04 09:25:00,10,1
FTP-Patator,FTP-Patator__SEG3__EP0,3,2017-07-04 09:15:00,2017-07-04 09:30:00,15,1
FTP-Patator,FTP-Patator__SEG3__EP0,3,2017-07-04 09:15:00,2017-07-04 09:45:00,30,1
FTP-Patator,FTP-Patator__SEG3__EP0,3,2017-07-04 09:16:00,2017-07-04 09:17:00,1,1
FTP-Patator,FTP-Patator__SEG3__EP0,3,2017-07-04 09:16:00,2017-07-04 09:21:00,5,1
FTP-Patator,FTP-Patator__SEG3__EP0,3,2017-07-04 09:16:00,2017-07-04 09:26:00,10,1
FTP-Patator,FTP-Patator__SEG3__EP0,3,2017-07-04 09:16:00,2017-07-04 09:31:00,15,1
FTP-Patator,FTP-Patator__SEG3__EP0,3,2017-07-04 09:16:00,2017-07-04 09:46:00,30,1
FTP-Patator,FTP-Patator__SEG3__EP0,3,2017-07-04 09:17:00,2017-07-04 09:22:00,5,0
FTP-Patator,FTP-Patator__SEG3__EP0,3,2017-07-04 09:17:00,2017-07-04 09:27:00,10,0
FTP-Patator,FTP-Patator__SEG3__EP0,3,2017-07-04 09:17:00,2017-07-04 09:32:00,15,0
FTP-Patator,FTP-Patator__SEG3__EP0,3,2017-07-04 09:17:00,2017-07-04 09:47:00,30,0
FTP-Patator,FTP-Patator__SEG3__EP0,3,2017-07-04 09:18:00,2017-07-04 09:19:00,1,0
FTP-Patator,FTP-Patator__SEG3__EP0,3,2017-07-04 09:18:00,2017-07-04 09:23:00,5,0
FTP-Patator,FTP-Patator__SEG3__EP0,3,2017-07-04 09:18:00,2017-07-04 09:28:00,10,0
FTP-Patator,FTP-Patator__SEG3__EP0,3,2017-07-04 09:18:00,2017-07-04 09:33:00,15,0
FTP-Patator,FTP-Patator__SEG3__EP0,3,2017-07-04 09:18:00,2017-07-04 09:48:00,30,0
FTP-Patator,FTP-Patator__SEG3__EP0,3,2017-07-04 09:19:00,2017-07-04 09:20:00,1,0
FTP-Patator,FTP-Patator__SEG3__EP0,3,2017-07-04 09:19:00,2017-07-04 09:24:00,5,0
FTP-Patator,FTP-Patator__SEG3__EP0,3,2017-07-04 09:19:00,2017-07-04 09:29:00,10,0
FTP-Patator,FTP-Patator__SEG3__EP0,3,2017-07-04 09:19:00,2017-07-04 09:34:00,15,0
FTP-Patator,FTP-Patator__SEG3__EP0,3,2017-07-04 09:19:00,2017-07-04 09:49:00,30,0
FTP-Patator,FTP-Patator__SEG3__EP0,3,2017-07-04 09:20:00,2017-07-04 09:21:00,1,0
FTP-Patator,FTP-Patator__SEG3__EP0,3,2017-07-04 09:20:00,2017-07-04 09:25:00,5,0
FTP-Patator,FTP-Patator__SEG3__EP0,3,2017-07-04 09:20:00,2017-07-04 09:30:00,10,0
FTP-Patator,FTP-Patator__SEG3__EP0,3,2017-07-04 09:20:00,2017-07-04 09:35:00,15,0
FTP-Patator,FTP-Patator__SEG3__EP0,3,2017-07-04 09:20:00,2017-07-04 09:50:00,30,0
FTP-Patator,FTP-Patator__SEG3__EP0,3,2017-07-04 09:21:00,2017-07-04 09:22:00,1,0
FTP-Patator,FTP-Patator__SEG3__EP0,3,2017-07-04 09:21:00,2017-07-04 09:26:00,5,0
FTP-Patator,FTP-Patator__SEG3__EP0,3,2017-07-04 09:21:00,2017-07-04 09:31:00,10,0
FTP-Patator,FTP-Patator__SEG3__EP0,3,2017-07-04 09:21:00,2017-07-04 09:36:00,15,0
FTP-Patator,FTP-Patator__SEG3__EP0,3,2017-07-04 09:21:00,2017-07-04 09:51:00,30,0
FTP-Patator,FTP-Patator__SEG3__EP0,3,2017-07-04 09:22:00,2017-07-04 09:23:00,1,0
FTP-Patator,FTP-Patator__SEG3__EP0,3,2017-07-04 09:22:00,2017-07-04 09:27:00,5,0
FTP-Patator,FTP-Patator__SEG3__EP0,3,2017-07-04 09:22:00,2017-07-04 09:32:00,10,0
FTP-Patator,FTP-Patator__SEG3__EP0,3,2017-07-04 09:22:00,2017-07-04 09:37:00,15,0
FTP-Patator,FTP-Patator__SEG3__EP0,3,2017-07-04 09:22:00,2017-07-04 09:52:00,30,0
FTP-Patator,FTP-Patator__SEG3__EP0,3,2017-07-04 09:23:00,2017-07-04 09:24:00,1,0
FTP-Patator,FTP-Patator__SEG3__EP0,3,2017-07-04 09:23:00,2017-07-04 09:28:00,5,0
FTP-Patator,FTP-Patator__SEG3__EP0,3,2017-07-04 09:23:00,2017-07-04 09:33:00,10,0
FTP-Patator,FTP-Patator__SEG3__EP0,3,2017-07-04 09:23:00,2017-07-04 09:38:00,15,0
FTP-Patator,FTP-Patator__SEG3__EP0,3,2017-07-04 09:23:00,2017-07-04 09:53:00,30,0
FTP-Patator,FTP-Patator__SEG3__EP0,3,2017-07-04 09:24:00,2017-07-04 09:25:00,1,0
FTP-Patator,FTP-Patator__SEG3__EP0,3,2017-07-04 09:24:00,2017-07-04 09:29:00,5,0
FTP-Patator,FTP-Patator__SEG3__EP0,3,2017-07-04 09:24:00,2017-07-04 09:34:00,10,0
FTP-Patator,FTP-Patator__SEG3__EP0,3,2017-07-04 09:24:00,2017-07-04 09:39:00,15,0
FTP-Patator,FTP-Patator__SEG3__EP0,3,2017-07-04 09:24:00,2017-07-04 09:54:00,30,0
FTP-Patator,FTP-Patator__SEG3__EP0,3,2017-07-04 09:25:00,2017-07-04 09:26:00,1,0
FTP-Patator,FTP-Patator__SEG3__EP0,3,2017-07-04 09:25:00,2017-07-04 09:30:00,5,0
FTP-Patator,FTP-Patator__SEG3__EP0,3,2017-07-04 09:25:00,2017-07-04 09:35:00,10,0
FTP-Patator,FTP-Patator__SEG3__EP0,3,2017-07-04 09:25:00,2017-07-04 09:40:00,15,0
FTP-Patator,FTP-Patator__SEG3__EP0,3,2017-07-04 09:25:00,2017-07-04 09:55:00,30,0
FTP-Patator,FTP-Patator__SEG3__EP0,3,2017-07-04 09:26:00,2017-07-04 09:27:00,1,0
FTP-Patator,FTP-Patator__SEG3__EP0,3,2017-07-04 09:26:00,2017-07-04 09:31:00,5,0
FTP-Patator,FTP-Patator__SEG3__EP0,3,2017-07-04 09:26:00,2017-07-04 09:36:00,10,0
FTP-Patator,FTP-Patator__SEG3__EP0,3,2017-07-04 09:26:00,2017-07-04 09:41:00,15,0
FTP-Patator,FTP-Patator__SEG3__EP0,3,2017-07-04 09:26:00,2017-07-04 09:56:00,30,0
FTP-Patator,FTP-Patator__SEG3__EP0,3,2017-07-04 09:27:00,2017-07-04 09:28:00,1,0
FTP-Patator,FTP-Patator__SEG3__EP0,3,2017-07-04 09:27:00,2017-07-04 09:32:00,5,0
FTP-Patator,FTP-Patator__SEG3__EP0,3,2017-07-04 09:27:00,2017-07-04 09:37:00,10,0
FTP-Patator,FTP-Patator__SEG3__EP0,3,2017-07-04 09:27:00,2017-07-04 09:42:00,15,0
FTP-Patator,FTP-Patator__SEG3__EP0,3,2017-07-04 09:27:00,2017-07-04 09:57:00,30,0
FTP-Patator,FTP-Patator__SEG3__EP0,3,2017-07-04 09:28:00,2017-07-04 09:29:00,1,0
FTP-Patator,FTP-Patator__SEG3__EP0,3,2017-07-04 09:28:00,2017-07-04 09:33:00,5,0
FTP-Patator,FTP-Patator__SEG3__EP0,3,2017-07-04 09:28:00,2017-07-04 09:38:00,10,0
FTP-Patator,FTP-Patator__SEG3__EP0,3,2017-07-04 09:28:00,2017-07-04 09:43:00,15,0
FTP-Patator,FTP-Patator__SEG3__EP0,3,2017-07-04 09:28:00,2017-07-04 09:58:00,30,0
FTP-Patator,FTP-Patator__SEG3__EP0,3,2017-07-04 09:29:00,2017-07-04 09:30:00,1,0
FTP-Patator,FTP-Patator__SEG3__EP0,3,2017-07-04 09:29:00,2017-07-04 09:34:00,5,0
FTP-Patator,FTP-Patator__SEG3__EP0,3,2017-07-04 09:29:00,2017-07-04 09:39:00,10,0
FTP-Patator,FTP-Patator__SEG3__EP0,3,2017-07-04 09:29:00,2017-07-04 09:44:00,15,0
FTP-Patator,FTP-Patator__SEG3__EP0,3,2017-07-04 09:29:00,2017-07-04 09:59:00,30,0
FTP-Patator,FTP-Patator__SEG3__EP0,3,2017-07-04 09:30:00,2017-07-04 09:31:00,1,0
FTP-Patator,FTP-Patator__SEG3__EP0,3,2017-07-04 09:30:00,2017-07-04 09:35:00,5,0
FTP-Patator,FTP-Patator__SEG3__EP0,3,2017-07-04 09:30:00,2017-07-04 09:40:00,10,0
FTP-Patator,FTP-Patator__SEG3__EP0,3,2017-07-04 09:30:00,2017-07-04 09:45:00,15,0
FTP-Patator,FTP-Patator__SEG3__EP0,3,2017-07-04 09:30:00,2017-07-04 10:00:00,30,0
FTP-Patator,FTP-Patator__SEG3__EP0,3,2017-07-04 09:31:00,2017-07-04 09:32:00,1,0
FTP-Patator,FTP-Patator__SEG3__EP0,3,2017-07-04 09:31:00,2017-07-04 09:36:00,5,0
FTP-Patator,FTP-Patator__SEG3__EP0,3,2017-07-04 09:31:00,2017-07-04 09:41:00,10,0
FTP-Patator,FTP-Patator__SEG3__EP0,3,2017-07-04 09:31:00,2017-07-04 09:46:00,15,0
FTP-Patator,FTP-Patator__SEG3__EP0,3,2017-07-04 09:31:00,2017-07-04 10:01:00,30,0
FTP-Patator,FTP-Patator__SEG3__EP0,3,2017-07-04 09:32:00,2017-07-04 09:33:00,1,0
FTP-Patator,FTP-Patator__SEG3__EP0,3,2017-07-04 09:32:00,2017-07-04 09:37:00,5,0
FTP-Patator,FTP-Patator__SEG3__EP0,3,2017-07-04 09:32:00,2017-07-04 09:42:00,10,0
FTP-Patator,FTP-Patator__SEG3__EP0,3,2017-07-04 09:32:00,2017-07-04 09:47:00,15,0
FTP-Patator,FTP-Patator__SEG3__EP0,3,2017-07-04 09:32:00,2017-07-04 10:02:00,30,0
FTP-Patator,FTP-Patator__SEG3__EP0,3,2017-07-04 09:33:00,2017-07-04 09:34:00,1,0
FTP-Patator,FTP-Patator__SEG3__EP0,3,2017-07-04 09:33:00,2017-07-04 09:38:00,5,0
FTP-Patator,FTP-Patator__SEG3__EP0,3,2017-07-04 09:33:00,2017-07-04 09:43:00,10,0
FTP-Patator,FTP-Patator__SEG3__EP0,3,2017-07-04 09:33:00,2017-07-04 09:48:00,15,0
FTP-Patator,FTP-Patator__SEG3__EP0,3,2017-07-04 09:33:00,2017-07-04 10:03:00,30,0
FTP-Patator,FTP-Patator__SEG3__EP0,3,2017-07-04 09:34:00,2017-07-04 09:35:00,1,0
FTP-Patator,FTP-Patator__SEG3__EP0,3,2017-07-04 09:34:00,2017-07-04 09:39:00,5,0
FTP-Patator,FTP-Patator__SEG3__EP0,3,2017-07-04 09:34:00,2017-07-04 09:44:00,10,0
FTP-Patator,FTP-Patator__SEG3__EP0,3,2017-07-04 09:34:00,2017-07-04 09:49:00,15,0
FTP-Patator,FTP-Patator__SEG3__EP0,3,2017-07-04 09:34:00,2017-07-04 10:04:00,30,0
FTP-Patator,FTP-Patator__SEG3__EP0,3,2017-07-04 09:35:00,2017-07-04 09:36:00,1,0
FTP-Patator,FTP-Patator__SEG3__EP0,3,2017-07-04 09:35:00,2017-07-04 09:40:00,5,0
FTP-Patator,FTP-Patator__SEG3__EP0,3,2017-07-04 09:35:00,2017-07-04 09:45:00,10,0
FTP-Patator,FTP-Patator__SEG3__EP0,3,2017-07-04 09:35:00,2017-07-04 09:50:00,15,0
FTP-Patator,FTP-Patator__SEG3__EP0,3,2017-07-04 09:35:00,2017-07-04 10:05:00,30,0
FTP-Patator,FTP-Patator__SEG3__EP0,3,2017-07-04 09:36:00,2017-07-04 09:37:00,1,0
FTP-Patator,FTP-Patator__SEG3__EP0,3,2017-07-04 09:36:00,2017-07-04 09:41:00,5,0
FTP-Patator,FTP-Patator__SEG3__EP0,3,2017-07-04 09:36:00,2017-07-04 09:46:00,10,0
FTP-Patator,FTP-Patator__SEG3__EP0,3,2017-07-04 09:36:00,2017-07-04 09:51:00,15,0
FTP-Patator,FTP-Patator__SEG3__EP0,3,2017-07-04 09:36:00,2017-07-04 10:06:00,30,0
FTP-Patator,FTP-Patator__SEG3__EP0,3,2017-07-04 09:37:00,2017-07-04 09:38:00,1,0
FTP-Patator,FTP-Patator__SEG3__EP0,3,2017-07-04 09:37:00,2017-07-04 09:42:00,5,0
FTP-Patator,FTP-Patator__SEG3__EP0,3,2017-07-04 09:37:00,2017-07-04 09:47:00,10,0
FTP-Patator,FTP-Patator__SEG3__EP0,3,2017-07-04 09:37:00,2017-07-04 09:52:00,15,0
FTP-Patator,FTP-Patator__SEG3__EP0,3,2017-07-04 09:37:00,2017-07-04 10:07:00,30,0
FTP-Patator,FTP-Patator__SEG3__EP0,3,2017-07-04 09:38:00,2017-07-04 09:39:00,1,0
FTP-Patator,FTP-Patator__SEG3__EP0,3,2017-07-04 09:38:00,2017-07-04 09:43:00,5,0
FTP-Patator,FTP-Patator__SEG3__EP0,3,2017-07-04 09:38:00,2017-07-04 09:48:00,10,0
FTP-Patator,FTP-Patator__SEG3__EP0,3,2017-07-04 09:38:00,2017-07-04 09:53:00,15,0
FTP-Patator,FTP-Patator__SEG3__EP0,3,2017-07-04 09:38:00,2017-07-04 10:08:00,30,0
FTP-Patator,FTP-Patator__SEG3__EP0,3,2017-07-04 09:39:00,2017-07-04 09:40:00,1,0
FTP-Patator,FTP-Patator__SEG3__EP0,3,2017-07-04 09:39:00,2017-07-04 09:44:00,5,0
FTP-Patator,FTP-Patator__SEG3__EP0,3,2017-07-04 09:39:00,2017-07-04 09:49:00,10,0
FTP-Patator,FTP-Patator__SEG3__EP0,3,2017-07-04 09:39:00,2017-07-04 09:54:00,15,0
FTP-Patator,FTP-Patator__SEG3__EP0,3,2017-07-04 09:39:00,2017-07-04 10:09:00,30,0
FTP-Patator,FTP-Patator__SEG3__EP0,3,2017-07-04 09:40:00,2017-07-04 09:41:00,1,0
FTP-Patator,FTP-Patator__SEG3__EP0,3,2017-07-04 09:40:00,2017-07-04 09:45:00,5,0
FTP-Patator,FTP-Patator__SEG3__EP0,3,2017-07-04 09:40:00,2017-07-04 09:50:00,10,0
FTP-Patator,FTP-Patator__SEG3__EP0,3,2017-07-04 09:40:00,2017-07-04 09:55:00,15,0
FTP-Patator,FTP-Patator__SEG3__EP0,3,2017-07-04 09:40:00,2017-07-04 10:10:00,30,0
FTP-Patator,FTP-Patator__SEG3__EP0,3,2017-07-04 09:41:00,2017-07-04 09:42:00,1,0
FTP-Patator,FTP-Patator__SEG3__EP0,3,2017-07-04 09:41:00,2017-07-04 09:46:00,5,0
FTP-Patator,FTP-Patator__SEG3__EP0,3,2017-07-04 09:41:00,2017-07-04 09:51:00,10,0
FTP-Patator,FTP-Patator__SEG3__EP0,3,2017-07-04 09:41:00,2017-07-04 09:56:00,15,0
FTP-Patator,FTP-Patator__SEG3__EP0,3,2017-07-04 09:41:00,2017-07-04 10:11:00,30,0
FTP-Patator,FTP-Patator__SEG3__EP0,3,2017-07-04 09:42:00,2017-07-04 09:43:00,1,0
FTP-Patator,FTP-Patator__SEG3__EP0,3,2017-07-04 09:42:00,2017-07-04 09:47:00,5,0
FTP-Patator,FTP-Patator__SEG3__EP0,3,2017-07-04 09:42:00,2017-07-04 09:52:00,10,0
FTP-Patator,FTP-Patator__SEG3__EP0,3,2017-07-04 09:42:00,2017-07-04 09:57:00,15,0
FTP-Patator,FTP-Patator__SEG3__EP0,3,2017-07-04 09:42:00,2017-07-04 10:12:00,30,0
FTP-Patator,FTP-Patator__SEG3__EP0,3,2017-07-04 09:43:00,2017-07-04 09:44:00,1,0
FTP-Patator,FTP-Patator__SEG3__EP0,3,2017-07-04 09:43:00,2017-07-04 09:48:00,5,0
FTP-Patator,FTP-Patator__SEG3__EP0,3,2017-07-04 09:43:00,2017-07-04 09:53:00,10,0
FTP-Patator,FTP-Patator__SEG3__EP0,3,2017-07-04 09:43:00,2017-07-04 09:58:00,15,0
FTP-Patator,FTP-Patator__SEG3__EP0,3,2017-07-04 09:43:00,2017-07-04 10:13:00,30,0
FTP-Patator,FTP-Patator__SEG3__EP0,3,2017-07-04 09:44:00,2017-07-04 09:45:00,1,0
FTP-Patator,FTP-Patator__SEG3__EP0,3,2017-07-04 09:44:00,2017-07-04 09:49:00,5,0
FTP-Patator,FTP-Patator__SEG3__EP0,3,2017-07-04 09:44:00,2017-07-04 09:54:00,10,0
FTP-Patator,FTP-Patator__SEG3__EP0,3,2017-07-04 09:44:00,2017-07-04 09:59:00,15,0
FTP-Patator,FTP-Patator__SEG3__EP0,3,2017-07-04 09:44:00,2017-07-04 10:14:00,30,0
FTP-Patator,FTP-Patator__SEG3__EP0,3,2017-07-04 09:45:00,2017-07-04 09:46:00,1,0
FTP-Patator,FTP-Patator__SEG3__EP0,3,2017-07-04 09:45:00,2017-07-04 09:50:00,5,0
FTP-Patator,FTP-Patator__SEG3__EP0,3,2017-07-04 09:45:00,2017-07-04 09:55:00,10,0
FTP-Patator,FTP-Patator__SEG3__EP0,3,2017-07-04 09:45:00,2017-07-04 10:00:00,15,0
FTP-Patator,FTP-Patator__SEG3__EP0,3,2017-07-04 09:45:00,2017-07-04 10:15:00,30,0
FTP-Patator,FTP-Patator__SEG3__EP0,3,2017-07-04 09:46:00,2017-07-04 09:47:00,1,0
FTP-Patator,FTP-Patator__SEG3__EP0,3,2017-07-04 09:46:00,2017-07-04 09:51:00,5,0
FTP-Patator,FTP-Patator__SEG3__EP0,3,2017-07-04 09:46:00,2017-07-04 09:56:00,10,0
FTP-Patator,FTP-Patator__SEG3__EP0,3,2017-07-04 09:46:00,2017-07-04 10:01:00,15,0
FTP-Patator,FTP-Patator__SEG3__EP0,3,2017-07-04 09:46:00,2017-07-04 10:16:00,30,0
FTP-Patator,FTP-Patator__SEG3__EP0,3,2017-07-04 09:47:00,2017-07-04 09:48:00,1,0
FTP-Patator,FTP-Patator__SEG3__EP0,3,2017-07-04 09:47:00,2017-07-04 09:52:00,5,0
FTP-Patator,FTP-Patator__SEG3__EP0,3,2017-07-04 09:47:00,2017-07-04 09:57:00,10,0
FTP-Patator,FTP-Patator__SEG3__EP0,3,2017-07-04 09:47:00,2017-07-04 10:02:00,15,0
FTP-Patator,FTP-Patator__SEG3__EP0,3,2017-07-04 09:47:00,2017-07-04 10:17:00,30,0
FTP-Patator,FTP-Patator__SEG3__EP0,3,2017-07-04 09:48:00,2017-07-04 09:49:00,1,0
FTP-Patator,FTP-Patator__SEG3__EP0,3,2017-07-04 09:48:00,2017-07-04 09:53:00,5,0
FTP-Patator,FTP-Patator__SEG3__EP0,3,2017-07-04 09:48:00,2017-07-04 09:58:00,10,0
FTP-Patator,FTP-Patator__SEG3__EP0,3,2017-07-04 09:48:00,2017-07-04 10:03:00,15,0
FTP-Patator,FTP-Patator__SEG3__EP0,3,2017-07-04 09:48:00,2017-07-04 10:18:00,30,0
FTP-Patator,FTP-Patator__SEG3__EP0,3,2017-07-04 09:49:00,2017-07-04 09:50:00,1,0
FTP-Patator,FTP-Patator__SEG3__EP0,3,2017-07-04 09:49:00,2017-07-04 09:54:00,5,0
FTP-Patator,FTP-Patator__SEG3__EP0,3,2017-07-04 09:49:00,2017-07-04 09:59:00,10,0
FTP-Patator,FTP-Patator__SEG3__EP0,3,2017-07-04 09:49:00,2017-07-04 10:04:00,15,0
FTP-Patator,FTP-Patator__SEG3__EP0,3,2017-07-04 09:49:00,2017-07-04 10:19:00,30,0
FTP-Patator,FTP-Patator__SEG3__EP0,3,2017-07-04 09:50:00,2017-07-04 09:51:00,1,0
FTP-Patator,FTP-Patator__SEG3__EP0,3,2017-07-04 09:50:00,2017-07-04 09:55:00,5,0
FTP-Patator,FTP-Patator__SEG3__EP0,3,2017-07-04 09:50:00,2017-07-04 10:00:00,10,0
FTP-Patator,FTP-Patator__SEG3__EP0,3,2017-07-04 09:50:00,2017-07-04 10:05:00,15,0
FTP-Patator,FTP-Patator__SEG3__EP0,3,2017-07-04 09:50:00,2017-07-04 10:20:00,30,0
FTP-Patator,FTP-Patator__SEG3__EP0,3,2017-07-04 09:51:00,2017-07-04 09:52:00,1,0
FTP-Patator,FTP-Patator__SEG3__EP0,3,2017-07-04 09:51:00,2017-07-04 09:56:00,5,0
FTP-Patator,FTP-Patator__SEG3__EP0,3,2017-07-04 09:51:00,2017-07-04 10:01:00,10,0
FTP-Patator,FTP-Patator__SEG3__EP0,3,2017-07-04 09:51:00,2017-07-04 10:06:00,15,0
FTP-Patator,FTP-Patator__SEG3__EP0,3,2017-07-04 09:52:00,2017-07-04 09:53:00,1,0
FTP-Patator,FTP-Patator__SEG3__EP0,3,2017-07-04 09:52:00,2017-07-04 09:57:00,5,0
FTP-Patator,FTP-Patator__SEG3__EP0,3,2017-07-04 09:52:00,2017-07-04 10:02:00,10,0
FTP-Patator,FTP-Patator__SEG3__EP0,3,2017-07-04 09:52:00,2017-07-04 10:07:00,15,0
FTP-Patator,FTP-Patator__SEG3__EP0,3,2017-07-04 09:53:00,2017-07-04 09:54:00,1,0
FTP-Patator,FTP-Patator__SEG3__EP0,3,2017-07-04 09:53:00,2017-07-04 09:58:00,5,0
FTP-Patator,FTP-Patator__SEG3__EP0,3,2017-07-04 09:53:00,2017-07-04 10:03:00,10,0
FTP-Patator,FTP-Patator__SEG3__EP0,3,2017-07-04 09:53:00,2017-07-04 10:08:00,15,0
FTP-Patator,FTP-Patator__SEG3__EP0,3,2017-07-04 09:54:00,2017-07-04 09:55:00,1,0
FTP-Patator,FTP-Patator__SEG3__EP0,3,2017-07-04 09:54:00,2017-07-04 09:59:00,5,0
FTP-Patator,FTP-Patator__SEG3__EP0,3,2017-07-04 09:54:00,2017-07-04 10:04:00,10,0
FTP-Patator,FTP-Patator__SEG3__EP0,3,2017-07-04 09:54:00,2017-07-04 10:09:00,15,0
FTP-Patator,FTP-Patator__SEG3__EP0,3,2017-07-04 09:55:00,2017-07-04 09:56:00,1,0
FTP-Patator,FTP-Patator__SEG3__EP0,3,2017-07-04 09:55:00,2017-07-04 10:00:00,5,0
FTP-Patator,FTP-Patator__SEG3__EP0,3,2017-07-04 09:55:00,2017-07-04 10:05:00,10,0
FTP-Patator,FTP-Patator__SEG3__EP0,3,2017-07-04 09:55:00,2017-07-04 10:10:00,15,0
FTP-Patator,FTP-Patator__SEG3__EP0,3,2017-07-04 09:56:00,2017-07-04 09:57:00,1,0
FTP-Patator,FTP-Patator__SEG3__EP0,3,2017-07-04 09:56:00,2017-07-04 10:01:00,5,0
FTP-Patator,FTP-Patator__SEG3__EP0,3,2017-07-04 09:56:00,2017-07-04 10:06:00,10,0
FTP-Patator,FTP-Patator__SEG3__EP0,3,2017-07-04 09:56:00,2017-07-04 10:11:00,15,0
FTP-Patator,FTP-Patator__SEG3__EP0,3,2017-07-04 09:57:00,2017-07-04 09:58:00,1,0
FTP-Patator,FTP-Patator__SEG3__EP0,3,2017-07-04 09:57:00,2017-07-04 10:02:00,5,0
FTP-Patator,FTP-Patator__SEG3__EP0,3,2017-07-04 09:57:00,2017-07-04 10:07:00,10,0
FTP-Patator,FTP-Patator__SEG3__EP0,3,2017-07-04 09:57:00,2017-07-04 10:12:00,15,0
FTP-Patator,FTP-Patator__SEG3__EP0,3,2017-07-04 09:58:00,2017-07-04 09:59:00,1,0
FTP-Patator,FTP-Patator__SEG3__EP0,3,2017-07-04 09:58:00,2017-07-04 10:03:00,5,0
FTP-Patator,FTP-Patator__SEG3__EP0,3,2017-07-04 09:58:00,2017-07-04 10:08:00,10,0
FTP-Patator,FTP-Patator__SEG3__EP0,3,2017-07-04 09:58:00,2017-07-04 10:13:00,15,0
FTP-Patator,FTP-Patator__SEG3__EP0,3,2017-07-04 09:59:00,2017-07-04 10:00:00,1,0
FTP-Patator,FTP-Patator__SEG3__EP0,3,2017-07-04 09:59:00,2017-07-04 10:04:00,5,0
FTP-Patator,FTP-Patator__SEG3__EP0,3,2017-07-04 09:59:00,2017-07-04 10:09:00,10,0
FTP-Patator,FTP-Patator__SEG3__EP0,3,2017-07-04 09:59:00,2017-07-04 10:14:00,15,0
FTP-Patator,FTP-Patator__SEG3__EP0,3,2017-07-04 10:00:00,2017-07-04 10:01:00,1,0
FTP-Patator,FTP-Patator__SEG3__EP0,3,2017-07-04 10:00:00,2017-07-04 10:05:00,5,0
FTP-Patator,FTP-Patator__SEG3__EP0,3,2017-07-04 10:00:00,2017-07-04 10:10:00,10,0
FTP-Patator,FTP-Patator__SEG3__EP0,3,2017-07-04 10:00:00,2017-07-04 10:15:00,15,0
FTP-Patator,FTP-Patator__SEG3__EP1,3,2017-07-04 10:00:00,2017-07-04 10:30:00,30,0
FTP-Patator,FTP-Patator__SEG3__EP0,3,2017-07-04 10:01:00,2017-07-04 10:02:00,1,0
FTP-Patator,FTP-Patator__SEG3__EP0,3,2017-07-04 10:01:00,2017-07-04 10:06:00,5,0
FTP-Patator,FTP-Patator__SEG3__EP0,3,2017-07-04 10:01:00,2017-07-04 10:11:00,10,0
FTP-Patator,FTP-Patator__SEG3__EP0,3,2017-07-04 10:01:00,2017-07-04 10:16:00,15,0
FTP-Patator,FTP-Patator__SEG3__EP0,3,2017-07-04 10:02:00,2017-07-04 10:03:00,1,0
FTP-Patator,FTP-Patator__SEG3__EP0,3,2017-07-04 10:02:00,2017-07-04 10:07:00,5,0
FTP-Patator,FTP-Patator__SEG3__EP0,3,2017-07-04 10:02:00,2017-07-04 10:12:00,10,0
FTP-Patator,FTP-Patator__SEG3__EP0,3,2017-07-04 10:02:00,2017-07-04 10:17:00,15,0
FTP-Patator,FTP-Patator__SEG3__EP0,3,2017-07-04 10:03:00,2017-07-04 10:04:00,1,0
FTP-Patator,FTP-Patator__SEG3__EP0,3,2017-07-04 10:03:00,2017-07-04 10:08:00,5,0
FTP-Patator,FTP-Patator__SEG3__EP0,3,2017-07-04 10:03:00,2017-07-04 10:13:00,10,0
FTP-Patator,FTP-Patator__SEG3__EP0,3,2017-07-04 10:03:00,2017-07-04 10:18:00,15,0
FTP-Patator,FTP-Patator__SEG3__EP0,3,2017-07-04 10:04:00,2017-07-04 10:05:00,1,0
FTP-Patator,FTP-Patator__SEG3__EP0,3,2017-07-04 10:04:00,2017-07-04 10:09:00,5,0
FTP-Patator,FTP-Patator__SEG3__EP0,3,2017-07-04 10:04:00,2017-07-04 10:14:00,10,0
FTP-Patator,FTP-Patator__SEG3__EP0,3,2017-07-04 10:04:00,2017-07-04 10:19:00,15,0
FTP-Patator,FTP-Patator__SEG3__EP0,3,2017-07-04 10:05:00,2017-07-04 10:06:00,1,0
FTP-Patator,FTP-Patator__SEG3__EP0,3,2017-07-04 10:05:00,2017-07-04 10:10:00,5,0
FTP-Patator,FTP-Patator__SEG3__EP0,3,2017-07-04 10:05:00,2017-07-04 10:15:00,10,0
FTP-Patator,FTP-Patator__SEG3__EP0,3,2017-07-04 10:05:00,2017-07-04 10:20:00,15,0
FTP-Patator,FTP-Patator__SEG3__EP0,3,2017-07-04 10:06:00,2017-07-04 10:07:00,1,0
FTP-Patator,FTP-Patator__SEG3__EP0,3,2017-07-04 10:06:00,2017-07-04 10:11:00,5,0
FTP-Patator,FTP-Patator__SEG3__EP0,3,2017-07-04 10:06:00,2017-07-04 10:16:00,10,0
FTP-Patator,FTP-Patator__SEG3__EP0,3,2017-07-04 10:07:00,2017-07-04 10:08:00,1,0
FTP-Patator,FTP-Patator__SEG3__EP0,3,2017-07-04 10:07:00,2017-07-04 10:12:00,5,0
FTP-Patator,FTP-Patator__SEG3__EP0,3,2017-07-04 10:07:00,2017-07-04 10:17:00,10,0
FTP-Patator,FTP-Patator__SEG3__EP0,3,2017-07-04 10:08:00,2017-07-04 10:09:00,1,0
FTP-Patator,FTP-Patator__SEG3__EP0,3,2017-07-04 10:08:00,2017-07-04 10:13:00,5,0
FTP-Patator,FTP-Patator__SEG3__EP0,3,2017-07-04 10:08:00,2017-07-04 10:18:00,10,0
FTP-Patator,FTP-Patator__SEG3__EP0,3,2017-07-04 10:09:00,2017-07-04 10:10:00,1,0
FTP-Patator,FTP-Patator__SEG3__EP0,3,2017-07-04 10:09:00,2017-07-04 10:14:00,5,0
FTP-Patator,FTP-Patator__SEG3__EP0,3,2017-07-04 10:09:00,2017-07-04 10:19:00,10,0
FTP-Patator,FTP-Patator__SEG3__EP0,3,2017-07-04 10:10:00,2017-07-04 10:11:00,1,0
FTP-Patator,FTP-Patator__SEG3__EP0,3,2017-07-04 10:10:00,2017-07-04 10:15:00,5,0
FTP-Patator,FTP-Patator__SEG3__EP0,3,2017-07-04 10:10:00,2017-07-04 10:20:00,10,0
FTP-Patator,FTP-Patator__SEG3__EP0,3,2017-07-04 10:11:00,2017-07-04 10:12:00,1,0
FTP-Patator,FTP-Patator__SEG3__EP0,3,2017-07-04 10:11:00,2017-07-04 10:16:00,5,0
FTP-Patator,FTP-Patator__SEG3__EP0,3,2017-07-04 10:12:00,2017-07-04 10:13:00,1,0
FTP-Patator,FTP-Patator__SEG3__EP0,3,2017-07-04 10:12:00,2017-07-04 10:17:00,5,0
FTP-Patator,FTP-Patator__SEG3__EP0,3,2017-07-04 10:13:00,2017-07-04 10:14:00,1,0
FTP-Patator,FTP-Patator__SEG3__EP0,3,2017-07-04 10:13:00,2017-07-04 10:18:00,5,0
FTP-Patator,FTP-Patator__SEG3__EP0,3,2017-07-04 10:14:00,2017-07-04 10:15:00,1,0
FTP-Patator,FTP-Patator__SEG3__EP0,3,2017-07-04 10:14:00,2017-07-04 10:19:00,5,0
FTP-Patator,FTP-Patator__SEG3__EP0,3,2017-07-04 10:15:00,2017-07-04 10:16:00,1,0
FTP-Patator,FTP-Patator__SEG3__EP0,3,2017-07-04 10:15:00,2017-07-04 10:20:00,5,0
FTP-Patator,FTP-Patator__SEG3__EP1,3,2017-07-04 10:15:00,2017-07-04 10:30:00,15,0
FTP-Patator,FTP-Patator__SEG3__EP0,3,2017-07-04 10:16:00,2017-07-04 10:17:00,1,0
FTP-Patator,FTP-Patator__SEG3__EP0,3,2017-07-04 10:17:00,2017-07-04 10:18:00,1,0
FTP-Patator,FTP-Patator__SEG3__EP0,3,2017-07-04 10:18:00,2017-07-04 10:19:00,1,0
FTP-Patator,FTP-Patator__SEG3__EP0,3,2017-07-04 10:19:00,2017-07-04 10:20:00,1,0
FTP-Patator,FTP-Patator__SEG3__EP1,3,2017-07-04 10:20:00,2017-07-04 10:30:00,10,0
FTP-Patator,FTP-Patator__SEG3__EP1,3,2017-07-04 10:25:00,2017-07-04 10:30:00,5,0
FTP-Patator,FTP-Patator__SEG3__EP1,3,2017-07-04 10:29:00,2017-07-04 10:30:00,1,0
DoS slowloris,DoS slowloris__SEG4__EP0,4,2017-07-05 01:54:00,2017-07-05 02:24:00,30,1
DoS slowloris,DoS slowloris__SEG4__EP0,4,2017-07-05 01:55:00,2017-07-05 02:25:00,30,1
DoS slowloris,DoS slowloris__SEG4__EP0,4,2017-07-05 02:09:00,2017-07-05 02:24:00,15,1
DoS slowloris,DoS slowloris__SEG4__EP0,4,2017-07-05 02:10:00,2017-07-05 02:25:00,15,1
DoS slowloris,DoS slowloris__SEG4__EP0,4,2017-07-05 02:14:00,2017-07-05 02:24:00,10,1
DoS slowloris,DoS slowloris__SEG4__EP0,4,2017-07-05 02:15:00,2017-07-05 02:25:00,10,1
DoS slowloris,DoS slowloris__SEG4__EP0,4,2017-07-05 02:19:00,2017-07-05 02:24:00,5,1
DoS slowloris,DoS slowloris__SEG4__EP0,4,2017-07-05 02:20:00,2017-07-05 02:25:00,5,1
DoS slowloris,DoS slowloris__SEG4__EP0,4,2017-07-05 02:23:00,2017-07-05 02:24:00,1,1
DoS slowloris,DoS slowloris__SEG4__EP0,4,2017-07-05 02:24:00,2017-07-05 02:25:00,1,0
Heartbleed,Heartbleed__SEG4__EP0,4,2017-07-05 02:42:00,2017-07-05 03:12:00,30,1
Heartbleed,Heartbleed__SEG4__EP0,4,2017-07-05 02:44:00,2017-07-05 03:14:00,30,1
Heartbleed,Heartbleed__SEG4__EP0,4,2017-07-05 02:46:00,2017-07-05 03:16:00,30,1
Heartbleed,Heartbleed__SEG4__EP0,4,2017-07-05 02:48:00,2017-07-05 03:18:00,30,1
Heartbleed,Heartbleed__SEG4__EP0,4,2017-07-05 02:50:00,2017-07-05 03:20:00,30,1
Heartbleed,Heartbleed__SEG4__EP0,4,2017-07-05 02:52:00,2017-07-05 03:22:00,30,1
Heartbleed,Heartbleed__SEG4__EP0,4,2017-07-05 02:54:00,2017-07-05 03:24:00,30,1
Heartbleed,Heartbleed__SEG4__EP0,4,2017-07-05 02:56:00,2017-07-05 03:26:00,30,1
Heartbleed,Heartbleed__SEG4__EP0,4,2017-07-05 02:57:00,2017-07-05 03:12:00,15,1
Heartbleed,Heartbleed__SEG4__EP0,4,2017-07-05 02:58:00,2017-07-05 03:28:00,30,1
Heartbleed,Heartbleed__SEG4__EP0,4,2017-07-05 02:59:00,2017-07-05 03:14:00,15,1
Heartbleed,Heartbleed__SEG4__EP0,4,2017-07-05 03:00:00,2017-07-05 03:30:00,30,1
Heartbleed,Heartbleed__SEG4__EP0,4,2017-07-05 03:01:00,2017-07-05 03:16:00,15,1
Heartbleed,Heartbleed__SEG4__EP0,4,2017-07-05 03:02:00,2017-07-05 03:12:00,10,1
Heartbleed,Heartbleed__SEG4__EP0,4,2017-07-05 03:02:00,2017-07-05 03:32:00,30,1
Heartbleed,Heartbleed__SEG4__EP0,4,2017-07-05 03:03:00,2017-07-05 03:18:00,15,1
Heartbleed,Heartbleed__SEG4__EP0,4,2017-07-05 03:04:00,2017-07-05 03:14:00,10,1
Heartbleed,Heartbleed__SEG4__EP0,4,2017-07-05 03:05:00,2017-07-05 03:20:00,15,1
Heartbleed,Heartbleed__SEG4__EP0,4,2017-07-05 03:06:00,2017-07-05 03:16:00,10,1
Heartbleed,Heartbleed__SEG4__EP0,4,2017-07-05 03:07:00,2017-07-05 03:12:00,5,1
Heartbleed,Heartbleed__SEG4__EP0,4,2017-07-05 03:07:00,2017-07-05 03:22:00,15,1
Heartbleed,Heartbleed__SEG4__EP0,4,2017-07-05 03:08:00,2017-07-05 03:18:00,10,1
Heartbleed,Heartbleed__SEG4__EP0,4,2017-07-05 03:09:00,2017-07-05 03:14:00,5,1
Heartbleed,Heartbleed__SEG4__EP0,4,2017-07-05 03:09:00,2017-07-05 03:24:00,15,1
Heartbleed,Heartbleed__SEG4__EP0,4,2017-07-05 03:10:00,2017-07-05 03:20:00,10,1
Heartbleed,Heartbleed__SEG4__EP0,4,2017-07-05 03:11:00,2017-07-05 03:12:00,1,1
Heartbleed,Heartbleed__SEG4__EP0,4,2017-07-05 03:11:00,2017-07-05 03:16:00,5,1
Heartbleed,Heartbleed__SEG4__EP0,4,2017-07-05 03:11:00,2017-07-05 03:26:00,15,1
Heartbleed,Heartbleed__SEG4__EP0,4,2017-07-05 03:12:00,2017-07-05 03:22:00,10,0
Heartbleed,Heartbleed__SEG4__EP0,4,2017-07-05 03:13:00,2017-07-05 03:14:00,1,0
Heartbleed,Heartbleed__SEG4__EP0,4,2017-07-05 03:13:00,2017-07-05 03:18:00,5,0
Heartbleed,Heartbleed__SEG4__EP0,4,2017-07-05 03:13:00,2017-07-05 03:28:00,15,0
Heartbleed,Heartbleed__SEG4__EP0,4,2017-07-05 03:14:00,2017-07-05 03:24:00,10,0
Heartbleed,Heartbleed__SEG4__EP0,4,2017-07-05 03:15:00,2017-07-05 03:16:00,1,0
Heartbleed,Heartbleed__SEG4__EP0,4,2017-07-05 03:15:00,2017-07-05 03:20:00,5,0
Heartbleed,Heartbleed__SEG4__EP0,4,2017-07-05 03:15:00,2017-07-05 03:30:00,15,0
Heartbleed,Heartbleed__SEG4__EP0,4,2017-07-05 03:16:00,2017-07-05 03:26:00,10,0
Heartbleed,Heartbleed__SEG4__EP0,4,2017-07-05 03:17:00,2017-07-05 03:18:00,1,0
Heartbleed,Heartbleed__SEG4__EP0,4,2017-07-05 03:17:00,2017-07-05 03:22:00,5,0
Heartbleed,Heartbleed__SEG4__EP0,4,2017-07-05 03:17:00,2017-07-05 03:32:00,15,0
Heartbleed,Heartbleed__SEG4__EP0,4,2017-07-05 03:18:00,2017-07-05 03:28:00,10,0
Heartbleed,Heartbleed__SEG4__EP0,4,2017-07-05 03:19:00,2017-07-05 03:20:00,1,0
Heartbleed,Heartbleed__SEG4__EP0,4,2017-07-05 03:19:00,2017-07-05 03:24:00,5,0
Heartbleed,Heartbleed__SEG4__EP0,4,2017-07-05 03:20:00,2017-07-05 03:30:00,10,0
Heartbleed,Heartbleed__SEG4__EP0,4,2017-07-05 03:21:00,2017-07-05 03:22:00,1,0
Heartbleed,Heartbleed__SEG4__EP0,4,2017-07-05 03:21:00,2017-07-05 03:26:00,5,0
Heartbleed,Heartbleed__SEG4__EP0,4,2017-07-05 03:22:00,2017-07-05 03:32:00,10,0
Heartbleed,Heartbleed__SEG4__EP0,4,2017-07-05 03:23:00,2017-07-05 03:24:00,1,0
Heartbleed,Heartbleed__SEG4__EP0,4,2017-07-05 03:23:00,2017-07-05 03:28:00,5,0
Heartbleed,Heartbleed__SEG4__EP0,4,2017-07-05 03:25:00,2017-07-05 03:26:00,1,0
Heartbleed,Heartbleed__SEG4__EP0,4,2017-07-05 03:25:00,2017-07-05 03:30:00,5,0
Heartbleed,Heartbleed__SEG4__EP0,4,2017-07-05 03:27:00,2017-07-05 03:28:00,1,0
Heartbleed,Heartbleed__SEG4__EP0,4,2017-07-05 03:27:00,2017-07-05 03:32:00,5,0
Heartbleed,Heartbleed__SEG4__EP0,4,2017-07-05 03:29:00,2017-07-05 03:30:00,1,0
Heartbleed,Heartbleed__SEG4__EP0,4,2017-07-05 03:31:00,2017-07-05 03:32:00,1,0
DoS slowloris,DoS slowloris__SEG5__EP1,5,2017-07-05 08:56:00,2017-07-05 09:01:00,5,1
DoS slowloris,DoS slowloris__SEG5__EP1,5,2017-07-05 09:00:00,2017-07-05 09:01:00,1,1
DoS slowloris,DoS slowloris__SEG5__EP2,5,2017-07-05 09:18:00,2017-07-05 09:48:00,30,1
DoS slowloris,DoS slowloris__SEG5__EP2,5,2017-07-05 09:19:00,2017-07-05 09:49:00,30,1
DoS slowloris,DoS slowloris__SEG5__EP2,5,2017-07-05 09:20:00,2017-07-05 09:50:00,30,1
DoS slowloris,DoS slowloris__SEG5__EP2,5,2017-07-05 09:21:00,2017-07-05 09:51:00,30,1
DoS slowloris,DoS slowloris__SEG5__EP2,5,2017-07-05 09:22:00,2017-07-05 09:52:00,30,1
DoS slowloris,DoS slowloris__SEG5__EP2,5,2017-07-05 09:23:00,2017-07-05 09:53:00,30,1
DoS slowloris,DoS slowloris__SEG5__EP2,5,2017-07-05 09:24:00,2017-07-05 09:54:00,30,1
DoS slowloris,DoS slowloris__SEG5__EP2,5,2017-07-05 09:25:00,2017-07-05 09:55:00,30,1
DoS slowloris,DoS slowloris__SEG5__EP2,5,2017-07-05 09:26:00,2017-07-05 09:56:00,30,1
DoS slowloris,DoS slowloris__SEG5__EP2,5,2017-07-05 09:27:00,2017-07-05 09:57:00,30,1
DoS slowloris,DoS slowloris__SEG5__EP2,5,2017-07-05 09:28:00,2017-07-05 09:58:00,30,1
DoS slowloris,DoS slowloris__SEG5__EP2,5,2017-07-05 09:29:00,2017-07-05 09:59:00,30,1
DoS slowloris,DoS slowloris__SEG5__EP2,5,2017-07-05 09:30:00,2017-07-05 10:00:00,30,1
DoS slowloris,DoS slowloris__SEG5__EP2,5,2017-07-05 09:31:00,2017-07-05 10:01:00,30,1
DoS slowloris,DoS slowloris__SEG5__EP2,5,2017-07-05 09:32:00,2017-07-05 10:02:00,30,1
DoS slowloris,DoS slowloris__SEG5__EP2,5,2017-07-05 09:33:00,2017-07-05 09:48:00,15,1
DoS slowloris,DoS slowloris__SEG5__EP2,5,2017-07-05 09:33:00,2017-07-05 10:03:00,30,1
DoS slowloris,DoS slowloris__SEG5__EP2,5,2017-07-05 09:34:00,2017-07-05 09:49:00,15,1
DoS slowloris,DoS slowloris__SEG5__EP2,5,2017-07-05 09:34:00,2017-07-05 10:04:00,30,1
DoS slowloris,DoS slowloris__SEG5__EP2,5,2017-07-05 09:35:00,2017-07-05 09:50:00,15,1
DoS slowloris,DoS slowloris__SEG5__EP2,5,2017-07-05 09:35:00,2017-07-05 10:05:00,30,1
DoS slowloris,DoS slowloris__SEG5__EP2,5,2017-07-05 09:36:00,2017-07-05 09:51:00,15,1
DoS slowloris,DoS slowloris__SEG5__EP2,5,2017-07-05 09:36:00,2017-07-05 10:06:00,30,1
DoS slowloris,DoS slowloris__SEG5__EP2,5,2017-07-05 09:37:00,2017-07-05 09:52:00,15,1
DoS slowloris,DoS slowloris__SEG5__EP2,5,2017-07-05 09:37:00,2017-07-05 10:07:00,30,1
DoS slowloris,DoS slowloris__SEG5__EP2,5,2017-07-05 09:38:00,2017-07-05 09:48:00,10,1
DoS slowloris,DoS slowloris__SEG5__EP2,5,2017-07-05 09:38:00,2017-07-05 09:53:00,15,1
DoS slowloris,DoS slowloris__SEG5__EP2,5,2017-07-05 09:38:00,2017-07-05 10:08:00,30,1
DoS slowloris,DoS slowloris__SEG5__EP2,5,2017-07-05 09:39:00,2017-07-05 09:49:00,10,1
DoS slowloris,DoS slowloris__SEG5__EP2,5,2017-07-05 09:39:00,2017-07-05 09:54:00,15,1
DoS slowloris,DoS slowloris__SEG5__EP2,5,2017-07-05 09:39:00,2017-07-05 10:09:00,30,1
DoS slowloris,DoS slowloris__SEG5__EP2,5,2017-07-05 09:40:00,2017-07-05 09:50:00,10,1
DoS slowloris,DoS slowloris__SEG5__EP2,5,2017-07-05 09:40:00,2017-07-05 09:55:00,15,1
DoS slowloris,DoS slowloris__SEG5__EP2,5,2017-07-05 09:40:00,2017-07-05 10:10:00,30,1
DoS slowloris,DoS slowloris__SEG5__EP2,5,2017-07-05 09:41:00,2017-07-05 09:51:00,10,1
DoS slowloris,DoS slowloris__SEG5__EP2,5,2017-07-05 09:41:00,2017-07-05 09:56:00,15,1
DoS slowloris,DoS slowloris__SEG5__EP2,5,2017-07-05 09:41:00,2017-07-05 10:11:00,30,1
DoS slowloris,DoS slowloris__SEG5__EP2,5,2017-07-05 09:42:00,2017-07-05 09:52:00,10,1
DoS slowloris,DoS slowloris__SEG5__EP2,5,2017-07-05 09:42:00,2017-07-05 09:57:00,15,1
DoS slowloris,DoS slowloris__SEG5__EP2,5,2017-07-05 09:43:00,2017-07-05 09:48:00,5,1
DoS slowloris,DoS slowloris__SEG5__EP2,5,2017-07-05 09:43:00,2017-07-05 09:53:00,10,1
DoS slowloris,DoS slowloris__SEG5__EP2,5,2017-07-05 09:43:00,2017-07-05 09:58:00,15,1
DoS slowloris,DoS slowloris__SEG5__EP2,5,2017-07-05 09:44:00,2017-07-05 09:49:00,5,1
DoS slowloris,DoS slowloris__SEG5__EP2,5,2017-07-05 09:44:00,2017-07-05 09:54:00,10,1
DoS slowloris,DoS slowloris__SEG5__EP2,5,2017-07-05 09:44:00,2017-07-05 09:59:00,15,1
DoS slowloris,DoS slowloris__SEG5__EP2,5,2017-07-05 09:45:00,2017-07-05 09:50:00,5,1
DoS slowloris,DoS slowloris__SEG5__EP2,5,2017-07-05 09:45:00,2017-07-05 09:55:00,10,1
DoS slowloris,DoS slowloris__SEG5__EP2,5,2017-07-05 09:45:00,2017-07-05 10:00:00,15,1
DoS Slowhttptest,DoS Slowhttptest__SEG5__EP0,5,2017-07-05 09:45:00,2017-07-05 10:15:00,30,1
DoS slowloris,DoS slowloris__SEG5__EP2,5,2017-07-05 09:46:00,2017-07-05 09:51:00,5,1
DoS slowloris,DoS slowloris__SEG5__EP2,5,2017-07-05 09:46:00,2017-07-05 09:56:00,10,1
DoS slowloris,DoS slowloris__SEG5__EP2,5,2017-07-05 09:46:00,2017-07-05 10:01:00,15,1
DoS Slowhttptest,DoS Slowhttptest__SEG5__EP0,5,2017-07-05 09:46:00,2017-07-05 10:16:00,30,1
DoS slowloris,DoS slowloris__SEG5__EP2,5,2017-07-05 09:47:00,2017-07-05 09:48:00,1,1
DoS slowloris,DoS slowloris__SEG5__EP2,5,2017-07-05 09:47:00,2017-07-05 09:52:00,5,1
DoS slowloris,DoS slowloris__SEG5__EP2,5,2017-07-05 09:47:00,2017-07-05 09:57:00,10,1
DoS slowloris,DoS slowloris__SEG5__EP2,5,2017-07-05 09:47:00,2017-07-05 10:02:00,15,1
DoS Slowhttptest,DoS Slowhttptest__SEG5__EP0,5,2017-07-05 09:47:00,2017-07-05 10:17:00,30,1
DoS slowloris,DoS slowloris__SEG5__EP2,5,2017-07-05 09:48:00,2017-07-05 09:49:00,1,0
DoS slowloris,DoS slowloris__SEG5__EP2,5,2017-07-05 09:48:00,2017-07-05 09:53:00,5,0
DoS slowloris,DoS slowloris__SEG5__EP2,5,2017-07-05 09:48:00,2017-07-05 09:58:00,10,0
DoS slowloris,DoS slowloris__SEG5__EP2,5,2017-07-05 09:48:00,2017-07-05 10:03:00,15,0
DoS Slowhttptest,DoS Slowhttptest__SEG5__EP0,5,2017-07-05 09:48:00,2017-07-05 10:18:00,30,0
DoS slowloris,DoS slowloris__SEG5__EP2,5,2017-07-05 09:49:00,2017-07-05 09:50:00,1,0
DoS slowloris,DoS slowloris__SEG5__EP2,5,2017-07-05 09:49:00,2017-07-05 09:54:00,5,0
DoS slowloris,DoS slowloris__SEG5__EP2,5,2017-07-05 09:49:00,2017-07-05 09:59:00,10,0
DoS slowloris,DoS slowloris__SEG5__EP2,5,2017-07-05 09:49:00,2017-07-05 10:04:00,15,0
DoS Slowhttptest,DoS Slowhttptest__SEG5__EP0,5,2017-07-05 09:49:00,2017-07-05 10:19:00,30,0
DoS slowloris,DoS slowloris__SEG5__EP2,5,2017-07-05 09:50:00,2017-07-05 09:51:00,1,0
DoS slowloris,DoS slowloris__SEG5__EP2,5,2017-07-05 09:50:00,2017-07-05 09:55:00,5,0
DoS slowloris,DoS slowloris__SEG5__EP2,5,2017-07-05 09:50:00,2017-07-05 10:00:00,10,0
DoS slowloris,DoS slowloris__SEG5__EP2,5,2017-07-05 09:50:00,2017-07-05 10:05:00,15,0
DoS slowloris,DoS slowloris__SEG5__EP2,5,2017-07-05 09:51:00,2017-07-05 09:52:00,1,0
DoS slowloris,DoS slowloris__SEG5__EP2,5,2017-07-05 09:51:00,2017-07-05 09:56:00,5,0
DoS slowloris,DoS slowloris__SEG5__EP2,5,2017-07-05 09:51:00,2017-07-05 10:01:00,10,0
DoS slowloris,DoS slowloris__SEG5__EP2,5,2017-07-05 09:51:00,2017-07-05 10:06:00,15,0
DoS slowloris,DoS slowloris__SEG5__EP2,5,2017-07-05 09:52:00,2017-07-05 09:53:00,1,0
DoS slowloris,DoS slowloris__SEG5__EP2,5,2017-07-05 09:52:00,2017-07-05 09:57:00,5,0
DoS slowloris,DoS slowloris__SEG5__EP2,5,2017-07-05 09:52:00,2017-07-05 10:02:00,10,0
DoS slowloris,DoS slowloris__SEG5__EP2,5,2017-07-05 09:52:00,2017-07-05 10:07:00,15,0
DoS Slowhttptest,DoS Slowhttptest__SEG5__EP0,5,2017-07-05 09:52:00,2017-07-05 10:22:00,30,0
DoS slowloris,DoS slowloris__SEG5__EP2,5,2017-07-05 09:53:00,2017-07-05 09:54:00,1,0
DoS slowloris,DoS slowloris__SEG5__EP2,5,2017-07-05 09:53:00,2017-07-05 09:58:00,5,0
DoS slowloris,DoS slowloris__SEG5__EP2,5,2017-07-05 09:53:00,2017-07-05 10:03:00,10,0
DoS slowloris,DoS slowloris__SEG5__EP2,5,2017-07-05 09:53:00,2017-07-05 10:08:00,15,0
DoS Slowhttptest,DoS Slowhttptest__SEG5__EP0,5,2017-07-05 09:53:00,2017-07-05 10:23:00,30,0
DoS slowloris,DoS slowloris__SEG5__EP2,5,2017-07-05 09:54:00,2017-07-05 09:55:00,1,0
DoS slowloris,DoS slowloris__SEG5__EP2,5,2017-07-05 09:54:00,2017-07-05 09:59:00,5,0
DoS slowloris,DoS slowloris__SEG5__EP2,5,2017-07-05 09:54:00,2017-07-05 10:04:00,10,0
DoS slowloris,DoS slowloris__SEG5__EP2,5,2017-07-05 09:54:00,2017-07-05 10:09:00,15,0
DoS Slowhttptest,DoS Slowhttptest__SEG5__EP0,5,2017-07-05 09:54:00,2017-07-05 10:24:00,30,0
DoS slowloris,DoS slowloris__SEG5__EP2,5,2017-07-05 09:55:00,2017-07-05 09:56:00,1,0
DoS slowloris,DoS slowloris__SEG5__EP2,5,2017-07-05 09:55:00,2017-07-05 10:00:00,5,0
DoS slowloris,DoS slowloris__SEG5__EP2,5,2017-07-05 09:55:00,2017-07-05 10:05:00,10,0
DoS slowloris,DoS slowloris__SEG5__EP2,5,2017-07-05 09:55:00,2017-07-05 10:10:00,15,0
DoS Slowhttptest,DoS Slowhttptest__SEG5__EP0,5,2017-07-05 09:55:00,2017-07-05 10:25:00,30,0
DoS slowloris,DoS slowloris__SEG5__EP2,5,2017-07-05 09:56:00,2017-07-05 09:57:00,1,0
DoS slowloris,DoS slowloris__SEG5__EP2,5,2017-07-05 09:56:00,2017-07-05 10:01:00,5,0
DoS slowloris,DoS slowloris__SEG5__EP2,5,2017-07-05 09:56:00,2017-07-05 10:06:00,10,0
DoS slowloris,DoS slowloris__SEG5__EP2,5,2017-07-05 09:56:00,2017-07-05 10:11:00,15,0
DoS Slowhttptest,DoS Slowhttptest__SEG5__EP0,5,2017-07-05 09:56:00,2017-07-05 10:26:00,30,0
DoS slowloris,DoS slowloris__SEG5__EP2,5,2017-07-05 09:57:00,2017-07-05 09:58:00,1,0
DoS slowloris,DoS slowloris__SEG5__EP2,5,2017-07-05 09:57:00,2017-07-05 10:02:00,5,0
DoS slowloris,DoS slowloris__SEG5__EP2,5,2017-07-05 09:57:00,2017-07-05 10:07:00,10,0
DoS Slowhttptest,DoS Slowhttptest__SEG5__EP0,5,2017-07-05 09:57:00,2017-07-05 10:27:00,30,0
DoS slowloris,DoS slowloris__SEG5__EP2,5,2017-07-05 09:58:00,2017-07-05 09:59:00,1,0
DoS slowloris,DoS slowloris__SEG5__EP2,5,2017-07-05 09:58:00,2017-07-05 10:03:00,5,0
DoS slowloris,DoS slowloris__SEG5__EP2,5,2017-07-05 09:58:00,2017-07-05 10:08:00,10,0
DoS Slowhttptest,DoS Slowhttptest__SEG5__EP0,5,2017-07-05 09:58:00,2017-07-05 10:28:00,30,0
DoS slowloris,DoS slowloris__SEG5__EP2,5,2017-07-05 09:59:00,2017-07-05 10:00:00,1,0
DoS slowloris,DoS slowloris__SEG5__EP2,5,2017-07-05 09:59:00,2017-07-05 10:04:00,5,0
DoS slowloris,DoS slowloris__SEG5__EP2,5,2017-07-05 09:59:00,2017-07-05 10:09:00,10,0
DoS Slowhttptest,DoS Slowhttptest__SEG5__EP0,5,2017-07-05 09:59:00,2017-07-05 10:29:00,30,0
DoS slowloris,DoS slowloris__SEG5__EP2,5,2017-07-05 10:00:00,2017-07-05 10:01:00,1,0
DoS slowloris,DoS slowloris__SEG5__EP2,5,2017-07-05 10:00:00,2017-07-05 10:05:00,5,0
DoS slowloris,DoS slowloris__SEG5__EP2,5,2017-07-05 10:00:00,2017-07-05 10:10:00,10,0
DoS Slowhttptest,DoS Slowhttptest__SEG5__EP0,5,2017-07-05 10:00:00,2017-07-05 10:15:00,15,0
DoS slowloris,DoS slowloris__SEG5__EP2,5,2017-07-05 10:01:00,2017-07-05 10:02:00,1,0
DoS slowloris,DoS slowloris__SEG5__EP2,5,2017-07-05 10:01:00,2017-07-05 10:06:00,5,0
DoS slowloris,DoS slowloris__SEG5__EP2,5,2017-07-05 10:01:00,2017-07-05 10:11:00,10,0
DoS Slowhttptest,DoS Slowhttptest__SEG5__EP0,5,2017-07-05 10:01:00,2017-07-05 10:16:00,15,0
DoS slowloris,DoS slowloris__SEG5__EP2,5,2017-07-05 10:02:00,2017-07-05 10:03:00,1,0
DoS slowloris,DoS slowloris__SEG5__EP2,5,2017-07-05 10:02:00,2017-07-05 10:07:00,5,0
DoS Slowhttptest,DoS Slowhttptest__SEG5__EP0,5,2017-07-05 10:02:00,2017-07-05 10:17:00,15,0
DoS Slowhttptest,DoS Slowhttptest__SEG5__EP0,5,2017-07-05 10:02:00,2017-07-05 10:32:00,30,0
DoS slowloris,DoS slowloris__SEG5__EP2,5,2017-07-05 10:03:00,2017-07-05 10:04:00,1,0
DoS slowloris,DoS slowloris__SEG5__EP2,5,2017-07-05 10:03:00,2017-07-05 10:08:00,5,0
DoS Slowhttptest,DoS Slowhttptest__SEG5__EP0,5,2017-07-05 10:03:00,2017-07-05 10:18:00,15,0
DoS Slowhttptest,DoS Slowhttptest__SEG5__EP0,5,2017-07-05 10:03:00,2017-07-05 10:33:00,30,0
DoS slowloris,DoS slowloris__SEG5__EP2,5,2017-07-05 10:04:00,2017-07-05 10:05:00,1,0
DoS slowloris,DoS slowloris__SEG5__EP2,5,2017-07-05 10:04:00,2017-07-05 10:09:00,5,0
DoS Slowhttptest,DoS Slowhttptest__SEG5__EP0,5,2017-07-05 10:04:00,2017-07-05 10:19:00,15,0
DoS Slowhttptest,DoS Slowhttptest__SEG5__EP0,5,2017-07-05 10:04:00,2017-07-05 10:34:00,30,0
DoS slowloris,DoS slowloris__SEG5__EP2,5,2017-07-05 10:05:00,2017-07-05 10:06:00,1,0
DoS slowloris,DoS slowloris__SEG5__EP2,5,2017-07-05 10:05:00,2017-07-05 10:10:00,5,0
DoS Slowhttptest,DoS Slowhttptest__SEG5__EP0,5,2017-07-05 10:05:00,2017-07-05 10:15:00,10,0
DoS Slowhttptest,DoS Slowhttptest__SEG5__EP0,5,2017-07-05 10:05:00,2017-07-05 10:35:00,30,0
DoS slowloris,DoS slowloris__SEG5__EP2,5,2017-07-05 10:06:00,2017-07-05 10:07:00,1,0
DoS slowloris,DoS slowloris__SEG5__EP2,5,2017-07-05 10:06:00,2017-07-05 10:11:00,5,0
DoS Slowhttptest,DoS Slowhttptest__SEG5__EP0,5,2017-07-05 10:06:00,2017-07-05 10:16:00,10,0
DoS Slowhttptest,DoS Slowhttptest__SEG5__EP0,5,2017-07-05 10:06:00,2017-07-05 10:36:00,30,0
DoS slowloris,DoS slowloris__SEG5__EP2,5,2017-07-05 10:07:00,2017-07-05 10:08:00,1,0
DoS Slowhttptest,DoS Slowhttptest__SEG5__EP0,5,2017-07-05 10:07:00,2017-07-05 10:17:00,10,0
DoS Slowhttptest,DoS Slowhttptest__SEG5__EP0,5,2017-07-05 10:07:00,2017-07-05 10:22:00,15,0
DoS Slowhttptest,DoS Slowhttptest__SEG5__EP0,5,2017-07-05 10:07:00,2017-07-05 10:37:00,30,0
DoS slowloris,DoS slowloris__SEG5__EP2,5,2017-07-05 10:08:00,2017-07-05 10:09:00,1,0
DoS Slowhttptest,DoS Slowhttptest__SEG5__EP0,5,2017-07-05 10:08:00,2017-07-05 10:18:00,10,0
DoS Slowhttptest,DoS Slowhttptest__SEG5__EP0,5,2017-07-05 10:08:00,2017-07-05 10:23:00,15,0
DoS slowloris,DoS slowloris__SEG5__EP2,5,2017-07-05 10:09:00,2017-07-05 10:10:00,1,0
DoS Slowhttptest,DoS Slowhttptest__SEG5__EP0,5,2017-07-05 10:09:00,2017-07-05 10:19:00,10,0
DoS Slowhttptest,DoS Slowhttptest__SEG5__EP0,5,2017-07-05 10:09:00,2017-07-05 10:24:00,15,0
DoS slowloris,DoS slowloris__SEG5__EP2,5,2017-07-05 10:10:00,2017-07-05 10:11:00,1,0
DoS Slowhttptest,DoS Slowhttptest__SEG5__EP0,5,2017-07-05 10:10:00,2017-07-05 10:15:00,5,0
DoS Slowhttptest,DoS Slowhttptest__SEG5__EP0,5,2017-07-05 10:10:00,2017-07-05 10:25:00,15,0
DoS Slowhttptest,DoS Slowhttptest__SEG5__EP0,5,2017-07-05 10:11:00,2017-07-05 10:16:00,5,0
DoS Slowhttptest,DoS Slowhttptest__SEG5__EP0,5,2017-07-05 10:11:00,2017-07-05 10:26:00,15,0
DoS Slowhttptest,DoS Slowhttptest__SEG5__EP0,5,2017-07-05 10:12:00,2017-07-05 10:17:00,5,0
DoS Slowhttptest,DoS Slowhttptest__SEG5__EP0,5,2017-07-05 10:12:00,2017-07-05 10:22:00,10,0
DoS Slowhttptest,DoS Slowhttptest__SEG5__EP0,5,2017-07-05 10:12:00,2017-07-05 10:27:00,15,0
DoS Slowhttptest,DoS Slowhttptest__SEG5__EP0,5,2017-07-05 10:13:00,2017-07-05 10:18:00,5,0
DoS Slowhttptest,DoS Slowhttptest__SEG5__EP0,5,2017-07-05 10:13:00,2017-07-05 10:23:00,10,0
DoS Slowhttptest,DoS Slowhttptest__SEG5__EP0,5,2017-07-05 10:13:00,2017-07-05 10:28:00,15,0
DoS Hulk,DoS Hulk__SEG5__EP0,5,2017-07-05 10:13:00,2017-07-05 10:43:00,30,0
DoS Slowhttptest,DoS Slowhttptest__SEG5__EP0,5,2017-07-05 10:14:00,2017-07-05 10:15:00,1,0
DoS Slowhttptest,DoS Slowhttptest__SEG5__EP0,5,2017-07-05 10:14:00,2017-07-05 10:19:00,5,0
DoS Slowhttptest,DoS Slowhttptest__SEG5__EP0,5,2017-07-05 10:14:00,2017-07-05 10:24:00,10,0
DoS Slowhttptest,DoS Slowhttptest__SEG5__EP0,5,2017-07-05 10:14:00,2017-07-05 10:29:00,15,0
DoS Hulk,DoS Hulk__SEG5__EP0,5,2017-07-05 10:14:00,2017-07-05 10:44:00,30,0
DoS Slowhttptest,DoS Slowhttptest__SEG5__EP0,5,2017-07-05 10:15:00,2017-07-05 10:16:00,1,0
DoS Slowhttptest,DoS Slowhttptest__SEG5__EP0,5,2017-07-05 10:15:00,2017-07-05 10:25:00,10,0
DoS Hulk,DoS Hulk__SEG5__EP0,5,2017-07-05 10:15:00,2017-07-05 10:45:00,30,0
DoS Slowhttptest,DoS Slowhttptest__SEG5__EP0,5,2017-07-05 10:16:00,2017-07-05 10:17:00,1,0
DoS Slowhttptest,DoS Slowhttptest__SEG5__EP0,5,2017-07-05 10:16:00,2017-07-05 10:26:00,10,0
DoS Hulk,DoS Hulk__SEG5__EP0,5,2017-07-05 10:16:00,2017-07-05 10:46:00,30,0
DoS Slowhttptest,DoS Slowhttptest__SEG5__EP0,5,2017-07-05 10:17:00,2017-07-05 10:18:00,1,0
DoS Slowhttptest,DoS Slowhttptest__SEG5__EP0,5,2017-07-05 10:17:00,2017-07-05 10:22:00,5,0
DoS Slowhttptest,DoS Slowhttptest__SEG5__EP0,5,2017-07-05 10:17:00,2017-07-05 10:27:00,10,0
DoS Slowhttptest,DoS Slowhttptest__SEG5__EP0,5,2017-07-05 10:17:00,2017-07-05 10:32:00,15,0
DoS Hulk,DoS Hulk__SEG5__EP0,5,2017-07-05 10:17:00,2017-07-05 10:47:00,30,0
DoS Slowhttptest,DoS Slowhttptest__SEG5__EP0,5,2017-07-05 10:18:00,2017-07-05 10:19:00,1,0
DoS Slowhttptest,DoS Slowhttptest__SEG5__EP0,5,2017-07-05 10:18:00,2017-07-05 10:23:00,5,0
DoS Slowhttptest,DoS Slowhttptest__SEG5__EP0,5,2017-07-05 10:18:00,2017-07-05 10:28:00,10,0
DoS Slowhttptest,DoS Slowhttptest__SEG5__EP0,5,2017-07-05 10:18:00,2017-07-05 10:33:00,15,0
DoS Hulk,DoS Hulk__SEG5__EP0,5,2017-07-05 10:18:00,2017-07-05 10:48:00,30,0
DoS Slowhttptest,DoS Slowhttptest__SEG5__EP0,5,2017-07-05 10:19:00,2017-07-05 10:24:00,5,0
DoS Slowhttptest,DoS Slowhttptest__SEG5__EP0,5,2017-07-05 10:19:00,2017-07-05 10:29:00,10,0
DoS Slowhttptest,DoS Slowhttptest__SEG5__EP0,5,2017-07-05 10:19:00,2017-07-05 10:34:00,15,0
DoS Hulk,DoS Hulk__SEG5__EP0,5,2017-07-05 10:19:00,2017-07-05 10:49:00,30,0
DoS Slowhttptest,DoS Slowhttptest__SEG5__EP0,5,2017-07-05 10:20:00,2017-07-05 10:25:00,5,0
DoS Slowhttptest,DoS Slowhttptest__SEG5__EP0,5,2017-07-05 10:20:00,2017-07-05 10:35:00,15,0
DoS Hulk,DoS Hulk__SEG5__EP0,5,2017-07-05 10:20:00,2017-07-05 10:50:00,30,0
DoS Slowhttptest,DoS Slowhttptest__SEG5__EP0,5,2017-07-05 10:21:00,2017-07-05 10:22:00,1,0
DoS Slowhttptest,DoS Slowhttptest__SEG5__EP0,5,2017-07-05 10:21:00,2017-07-05 10:26:00,5,0
DoS Slowhttptest,DoS Slowhttptest__SEG5__EP0,5,2017-07-05 10:21:00,2017-07-05 10:36:00,15,0
DoS Hulk,DoS Hulk__SEG5__EP0,5,2017-07-05 10:21:00,2017-07-05 10:51:00,30,0
DoS Slowhttptest,DoS Slowhttptest__SEG5__EP0,5,2017-07-05 10:22:00,2017-07-05 10:23:00,1,0
DoS Slowhttptest,DoS Slowhttptest__SEG5__EP0,5,2017-07-05 10:22:00,2017-07-05 10:27:00,5,0
DoS Slowhttptest,DoS Slowhttptest__SEG5__EP0,5,2017-07-05 10:22:00,2017-07-05 10:32:00,10,0
DoS Slowhttptest,DoS Slowhttptest__SEG5__EP0,5,2017-07-05 10:22:00,2017-07-05 10:37:00,15,0
DoS Hulk,DoS Hulk__SEG5__EP0,5,2017-07-05 10:22:00,2017-07-05 10:52:00,30,0
DoS Slowhttptest,DoS Slowhttptest__SEG5__EP0,5,2017-07-05 10:23:00,2017-07-05 10:24:00,1,0
DoS Slowhttptest,DoS Slowhttptest__SEG5__EP0,5,2017-07-05 10:23:00,2017-07-05 10:28:00,5,0
DoS Slowhttptest,DoS Slowhttptest__SEG5__EP0,5,2017-07-05 10:23:00,2017-07-05 10:33:00,10,0
DoS Hulk,DoS Hulk__SEG5__EP0,5,2017-07-05 10:23:00,2017-07-05 10:53:00,30,0
DoS Slowhttptest,DoS Slowhttptest__SEG5__EP0,5,2017-07-05 10:24:00,2017-07-05 10:25:00,1,0
DoS Slowhttptest,DoS Slowhttptest__SEG5__EP0,5,2017-07-05 10:24:00,2017-07-05 10:29:00,5,0
DoS Slowhttptest,DoS Slowhttptest__SEG5__EP0,5,2017-07-05 10:24:00,2017-07-05 10:34:00,10,0
DoS Hulk,DoS Hulk__SEG5__EP0,5,2017-07-05 10:24:00,2017-07-05 10:54:00,30,0
DoS Slowhttptest,DoS Slowhttptest__SEG5__EP0,5,2017-07-05 10:25:00,2017-07-05 10:26:00,1,0
DoS Slowhttptest,DoS Slowhttptest__SEG5__EP0,5,2017-07-05 10:25:00,2017-07-05 10:35:00,10,0
DoS Hulk,DoS Hulk__SEG5__EP0,5,2017-07-05 10:25:00,2017-07-05 10:55:00,30,0
DoS Slowhttptest,DoS Slowhttptest__SEG5__EP0,5,2017-07-05 10:26:00,2017-07-05 10:27:00,1,0
DoS Slowhttptest,DoS Slowhttptest__SEG5__EP0,5,2017-07-05 10:26:00,2017-07-05 10:36:00,10,0
DoS Hulk,DoS Hulk__SEG5__EP0,5,2017-07-05 10:26:00,2017-07-05 10:56:00,30,0
DoS Slowhttptest,DoS Slowhttptest__SEG5__EP0,5,2017-07-05 10:27:00,2017-07-05 10:28:00,1,0
DoS Slowhttptest,DoS Slowhttptest__SEG5__EP0,5,2017-07-05 10:27:00,2017-07-05 10:32:00,5,0
DoS Slowhttptest,DoS Slowhttptest__SEG5__EP0,5,2017-07-05 10:27:00,2017-07-05 10:37:00,10,0
DoS Hulk,DoS Hulk__SEG5__EP0,5,2017-07-05 10:27:00,2017-07-05 10:57:00,30,0
DoS Slowhttptest,DoS Slowhttptest__SEG5__EP0,5,2017-07-05 10:28:00,2017-07-05 10:29:00,1,0
DoS Slowhttptest,DoS Slowhttptest__SEG5__EP0,5,2017-07-05 10:28:00,2017-07-05 10:33:00,5,0
DoS Hulk,DoS Hulk__SEG5__EP0,5,2017-07-05 10:28:00,2017-07-05 10:43:00,15,0
DoS Hulk,DoS Hulk__SEG5__EP0,5,2017-07-05 10:28:00,2017-07-05 10:58:00,30,0
DoS Slowhttptest,DoS Slowhttptest__SEG5__EP0,5,2017-07-05 10:29:00,2017-07-05 10:34:00,5,0
DoS Hulk,DoS Hulk__SEG5__EP0,5,2017-07-05 10:29:00,2017-07-05 10:44:00,15,0
DoS Hulk,DoS Hulk__SEG5__EP0,5,2017-07-05 10:29:00,2017-07-05 10:59:00,30,0
DoS Slowhttptest,DoS Slowhttptest__SEG5__EP0,5,2017-07-05 10:30:00,2017-07-05 10:35:00,5,0
DoS Hulk,DoS Hulk__SEG5__EP0,5,2017-07-05 10:30:00,2017-07-05 10:45:00,15,0
DoS Hulk,DoS Hulk__SEG5__EP0,5,2017-07-05 10:30:00,2017-07-05 11:00:00,30,0
DoS Slowhttptest,DoS Slowhttptest__SEG5__EP0,5,2017-07-05 10:31:00,2017-07-05 10:32:00,1,0
DoS Slowhttptest,DoS Slowhttptest__SEG5__EP0,5,2017-07-05 10:31:00,2017-07-05 10:36:00,5,0
DoS Hulk,DoS Hulk__SEG5__EP0,5,2017-07-05 10:31:00,2017-07-05 10:46:00,15,0
DoS Hulk,DoS Hulk__SEG5__EP0,5,2017-07-05 10:31:00,2017-07-05 11:01:00,30,0
DoS Slowhttptest,DoS Slowhttptest__SEG5__EP0,5,2017-07-05 10:32:00,2017-07-05 10:33:00,1,0
DoS Slowhttptest,DoS Slowhttptest__SEG5__EP0,5,2017-07-05 10:32:00,2017-07-05 10:37:00,5,0
DoS Hulk,DoS Hulk__SEG5__EP0,5,2017-07-05 10:32:00,2017-07-05 10:47:00,15,0
DoS Slowhttptest,DoS Slowhttptest__SEG5__EP0,5,2017-07-05 10:33:00,2017-07-05 10:34:00,1,0
DoS Hulk,DoS Hulk__SEG5__EP0,5,2017-07-05 10:33:00,2017-07-05 10:43:00,10,0
DoS Hulk,DoS Hulk__SEG5__EP0,5,2017-07-05 10:33:00,2017-07-05 10:48:00,15,0
DoS Slowhttptest,DoS Slowhttptest__SEG5__EP0,5,2017-07-05 10:34:00,2017-07-05 10:35:00,1,0
DoS Hulk,DoS Hulk__SEG5__EP0,5,2017-07-05 10:34:00,2017-07-05 10:44:00,10,0
DoS Hulk,DoS Hulk__SEG5__EP0,5,2017-07-05 10:34:00,2017-07-05 10:49:00,15,0
DoS Slowhttptest,DoS Slowhttptest__SEG5__EP0,5,2017-07-05 10:35:00,2017-07-05 10:36:00,1,0
DoS Hulk,DoS Hulk__SEG5__EP0,5,2017-07-05 10:35:00,2017-07-05 10:45:00,10,0
DoS Hulk,DoS Hulk__SEG5__EP0,5,2017-07-05 10:35:00,2017-07-05 10:50:00,15,0
DoS Slowhttptest,DoS Slowhttptest__SEG5__EP0,5,2017-07-05 10:36:00,2017-07-05 10:37:00,1,0
DoS Hulk,DoS Hulk__SEG5__EP0,5,2017-07-05 10:36:00,2017-07-05 10:46:00,10,0
DoS Hulk,DoS Hulk__SEG5__EP0,5,2017-07-05 10:36:00,2017-07-05 10:51:00,15,0
DoS Hulk,DoS Hulk__SEG5__EP0,5,2017-07-05 10:36:00,2017-07-05 11:06:00,30,0
DoS Hulk,DoS Hulk__SEG5__EP0,5,2017-07-05 10:37:00,2017-07-05 10:47:00,10,0
DoS Hulk,DoS Hulk__SEG5__EP0,5,2017-07-05 10:37:00,2017-07-05 10:52:00,15,0
DoS Hulk,DoS Hulk__SEG5__EP0,5,2017-07-05 10:37:00,2017-07-05 11:07:00,30,0
DoS Hulk,DoS Hulk__SEG5__EP0,5,2017-07-05 10:38:00,2017-07-05 10:43:00,5,0
DoS Hulk,DoS Hulk__SEG5__EP0,5,2017-07-05 10:38:00,2017-07-05 10:48:00,10,0
DoS Hulk,DoS Hulk__SEG5__EP0,5,2017-07-05 10:38:00,2017-07-05 10:53:00,15,0
DoS Hulk,DoS Hulk__SEG5__EP0,5,2017-07-05 10:39:00,2017-07-05 10:44:00,5,0
DoS Hulk,DoS Hulk__SEG5__EP0,5,2017-07-05 10:39:00,2017-07-05 10:49:00,10,0
DoS Hulk,DoS Hulk__SEG5__EP0,5,2017-07-05 10:39:00,2017-07-05 10:54:00,15,0
DoS Hulk,DoS Hulk__SEG5__EP0,5,2017-07-05 10:40:00,2017-07-05 10:45:00,5,0
DoS Hulk,DoS Hulk__SEG5__EP0,5,2017-07-05 10:40:00,2017-07-05 10:50:00,10,0
DoS Hulk,DoS Hulk__SEG5__EP0,5,2017-07-05 10:40:00,2017-07-05 10:55:00,15,0
DoS GoldenEye,DoS GoldenEye__SEG5__EP0,5,2017-07-05 10:40:00,2017-07-05 11:10:00,30,0
DoS Hulk,DoS Hulk__SEG5__EP0,5,2017-07-05 10:41:00,2017-07-05 10:46:00,5,0
DoS Hulk,DoS Hulk__SEG5__EP0,5,2017-07-05 10:41:00,2017-07-05 10:51:00,10,0
DoS Hulk,DoS Hulk__SEG5__EP0,5,2017-07-05 10:41:00,2017-07-05 10:56:00,15,0
DoS GoldenEye,DoS GoldenEye__SEG5__EP0,5,2017-07-05 10:41:00,2017-07-05 11:11:00,30,0
DoS Hulk,DoS Hulk__SEG5__EP0,5,2017-07-05 10:42:00,2017-07-05 10:43:00,1,0
DoS Hulk,DoS Hulk__SEG5__EP0,5,2017-07-05 10:42:00,2017-07-05 10:47:00,5,0
DoS Hulk,DoS Hulk__SEG5__EP0,5,2017-07-05 10:42:00,2017-07-05 10:52:00,10,0
DoS Hulk,DoS Hulk__SEG5__EP0,5,2017-07-05 10:42:00,2017-07-05 10:57:00,15,0
DoS GoldenEye,DoS GoldenEye__SEG5__EP0,5,2017-07-05 10:42:00,2017-07-05 11:12:00,30,0
DoS Hulk,DoS Hulk__SEG5__EP0,5,2017-07-05 10:43:00,2017-07-05 10:44:00,1,0
DoS Hulk,DoS Hulk__SEG5__EP0,5,2017-07-05 10:43:00,2017-07-05 10:48:00,5,0
DoS Hulk,DoS Hulk__SEG5__EP0,5,2017-07-05 10:43:00,2017-07-05 10:53:00,10,0
DoS Hulk,DoS Hulk__SEG5__EP0,5,2017-07-05 10:43:00,2017-07-05 10:58:00,15,0
DoS GoldenEye,DoS GoldenEye__SEG5__EP0,5,2017-07-05 10:43:00,2017-07-05 11:13:00,30,0
DoS Hulk,DoS Hulk__SEG5__EP0,5,2017-07-05 10:44:00,2017-07-05 10:45:00,1,0
DoS Hulk,DoS Hulk__SEG5__EP0,5,2017-07-05 10:44:00,2017-07-05 10:49:00,5,0
DoS Hulk,DoS Hulk__SEG5__EP0,5,2017-07-05 10:44:00,2017-07-05 10:54:00,10,0
DoS Hulk,DoS Hulk__SEG5__EP0,5,2017-07-05 10:44:00,2017-07-05 10:59:00,15,0
DoS GoldenEye,DoS GoldenEye__SEG5__EP0,5,2017-07-05 10:44:00,2017-07-05 11:14:00,30,0
DoS Hulk,DoS Hulk__SEG5__EP0,5,2017-07-05 10:45:00,2017-07-05 10:46:00,1,0
DoS Hulk,DoS Hulk__SEG5__EP0,5,2017-07-05 10:45:00,2017-07-05 10:50:00,5,0
DoS Hulk,DoS Hulk__SEG5__EP0,5,2017-07-05 10:45:00,2017-07-05 10:55:00,10,0
DoS Hulk,DoS Hulk__SEG5__EP0,5,2017-07-05 10:45:00,2017-07-05 11:00:00,15,0
DoS Hulk,DoS Hulk__SEG5__EP0,5,2017-07-05 10:46:00,2017-07-05 10:47:00,1,0
DoS Hulk,DoS Hulk__SEG5__EP0,5,2017-07-05 10:46:00,2017-07-05 10:51:00,5,0
DoS Hulk,DoS Hulk__SEG5__EP0,5,2017-07-05 10:46:00,2017-07-05 10:56:00,10,0
DoS Hulk,DoS Hulk__SEG5__EP0,5,2017-07-05 10:46:00,2017-07-05 11:01:00,15,0
DoS Hulk,DoS Hulk__SEG5__EP0,5,2017-07-05 10:47:00,2017-07-05 10:48:00,1,0
DoS Hulk,DoS Hulk__SEG5__EP0,5,2017-07-05 10:47:00,2017-07-05 10:52:00,5,0
DoS Hulk,DoS Hulk__SEG5__EP0,5,2017-07-05 10:47:00,2017-07-05 10:57:00,10,0
DoS GoldenEye,DoS GoldenEye__SEG5__EP0,5,2017-07-05 10:47:00,2017-07-05 11:17:00,30,0
DoS Hulk,DoS Hulk__SEG5__EP0,5,2017-07-05 10:48:00,2017-07-05 10:49:00,1,0
DoS Hulk,DoS Hulk__SEG5__EP0,5,2017-07-05 10:48:00,2017-07-05 10:53:00,5,0
DoS Hulk,DoS Hulk__SEG5__EP0,5,2017-07-05 10:48:00,2017-07-05 10:58:00,10,0
DoS GoldenEye,DoS GoldenEye__SEG5__EP0,5,2017-07-05 10:48:00,2017-07-05 11:18:00,30,0
DoS Hulk,DoS Hulk__SEG5__EP0,5,2017-07-05 10:49:00,2017-07-05 10:50:00,1,0
DoS Hulk,DoS Hulk__SEG5__EP0,5,2017-07-05 10:49:00,2017-07-05 10:54:00,5,0
DoS Hulk,DoS Hulk__SEG5__EP0,5,2017-07-05 10:49:00,2017-07-05 10:59:00,10,0
DoS GoldenEye,DoS GoldenEye__SEG5__EP0,5,2017-07-05 10:49:00,2017-07-05 11:19:00,30,0
DoS Hulk,DoS Hulk__SEG5__EP0,5,2017-07-05 10:50:00,2017-07-05 10:51:00,1,0
DoS Hulk,DoS Hulk__SEG5__EP0,5,2017-07-05 10:50:00,2017-07-05 10:55:00,5,0
DoS Hulk,DoS Hulk__SEG5__EP0,5,2017-07-05 10:50:00,2017-07-05 11:00:00,10,0
DoS Hulk,DoS Hulk__SEG5__EP0,5,2017-07-05 10:51:00,2017-07-05 10:52:00,1,0
DoS Hulk,DoS Hulk__SEG5__EP0,5,2017-07-05 10:51:00,2017-07-05 10:56:00,5,0
DoS Hulk,DoS Hulk__SEG5__EP0,5,2017-07-05 10:51:00,2017-07-05 11:01:00,10,0
DoS Hulk,DoS Hulk__SEG5__EP0,5,2017-07-05 10:51:00,2017-07-05 11:06:00,15,0
DoS Hulk,DoS Hulk__SEG5__EP0,5,2017-07-05 10:52:00,2017-07-05 10:53:00,1,0
DoS Hulk,DoS Hulk__SEG5__EP0,5,2017-07-05 10:52:00,2017-07-05 10:57:00,5,0
DoS Hulk,DoS Hulk__SEG5__EP0,5,2017-07-05 10:52:00,2017-07-05 11:07:00,15,0
DoS Hulk,DoS Hulk__SEG5__EP0,5,2017-07-05 10:53:00,2017-07-05 10:54:00,1,0
DoS Hulk,DoS Hulk__SEG5__EP0,5,2017-07-05 10:53:00,2017-07-05 10:58:00,5,0
DoS Hulk,DoS Hulk__SEG5__EP0,5,2017-07-05 10:54:00,2017-07-05 10:55:00,1,0
DoS Hulk,DoS Hulk__SEG5__EP0,5,2017-07-05 10:54:00,2017-07-05 10:59:00,5,0
DoS Hulk,DoS Hulk__SEG5__EP0,5,2017-07-05 10:55:00,2017-07-05 10:56:00,1,0
DoS Hulk,DoS Hulk__SEG5__EP0,5,2017-07-05 10:55:00,2017-07-05 11:00:00,5,0
DoS GoldenEye,DoS GoldenEye__SEG5__EP0,5,2017-07-05 10:55:00,2017-07-05 11:10:00,15,0
DoS Hulk,DoS Hulk__SEG5__EP0,5,2017-07-05 10:56:00,2017-07-05 10:57:00,1,0
DoS Hulk,DoS Hulk__SEG5__EP0,5,2017-07-05 10:56:00,2017-07-05 11:01:00,5,0
DoS Hulk,DoS Hulk__SEG5__EP0,5,2017-07-05 10:56:00,2017-07-05 11:06:00,10,0
DoS GoldenEye,DoS GoldenEye__SEG5__EP0,5,2017-07-05 10:56:00,2017-07-05 11:11:00,15,0
DoS Hulk,DoS Hulk__SEG5__EP0,5,2017-07-05 10:57:00,2017-07-05 10:58:00,1,0
DoS Hulk,DoS Hulk__SEG5__EP0,5,2017-07-05 10:57:00,2017-07-05 11:07:00,10,0
DoS GoldenEye,DoS GoldenEye__SEG5__EP0,5,2017-07-05 10:57:00,2017-07-05 11:12:00,15,0
DoS Hulk,DoS Hulk__SEG5__EP0,5,2017-07-05 10:58:00,2017-07-05 10:59:00,1,0
DoS GoldenEye,DoS GoldenEye__SEG5__EP0,5,2017-07-05 10:58:00,2017-07-05 11:13:00,15,0
DoS Hulk,DoS Hulk__SEG5__EP0,5,2017-07-05 10:59:00,2017-07-05 11:00:00,1,0
DoS GoldenEye,DoS GoldenEye__SEG5__EP0,5,2017-07-05 10:59:00,2017-07-05 11:14:00,15,0
DoS Hulk,DoS Hulk__SEG5__EP0,5,2017-07-05 11:00:00,2017-07-05 11:01:00,1,0
DoS GoldenEye,DoS GoldenEye__SEG5__EP0,5,2017-07-05 11:00:00,2017-07-05 11:10:00,10,0
DoS Hulk,DoS Hulk__SEG5__EP0,5,2017-07-05 11:01:00,2017-07-05 11:06:00,5,0
DoS GoldenEye,DoS GoldenEye__SEG5__EP0,5,2017-07-05 11:01:00,2017-07-05 11:11:00,10,0
DoS Hulk,DoS Hulk__SEG5__EP0,5,2017-07-05 11:02:00,2017-07-05 11:07:00,5,0
DoS GoldenEye,DoS GoldenEye__SEG5__EP0,5,2017-07-05 11:02:00,2017-07-05 11:12:00,10,0
DoS GoldenEye,DoS GoldenEye__SEG5__EP0,5,2017-07-05 11:02:00,2017-07-05 11:17:00,15,0
DoS GoldenEye,DoS GoldenEye__SEG5__EP0,5,2017-07-05 11:03:00,2017-07-05 11:13:00,10,0
DoS GoldenEye,DoS GoldenEye__SEG5__EP0,5,2017-07-05 11:03:00,2017-07-05 11:18:00,15,0
DoS GoldenEye,DoS GoldenEye__SEG5__EP0,5,2017-07-05 11:04:00,2017-07-05 11:14:00,10,0
DoS GoldenEye,DoS GoldenEye__SEG5__EP0,5,2017-07-05 11:04:00,2017-07-05 11:19:00,15,0
DoS Hulk,DoS Hulk__SEG5__EP0,5,2017-07-05 11:05:00,2017-07-05 11:06:00,1,0
DoS GoldenEye,DoS GoldenEye__SEG5__EP0,5,2017-07-05 11:05:00,2017-07-05 11:10:00,5,0
DoS Hulk,DoS Hulk__SEG5__EP0,5,2017-07-05 11:06:00,2017-07-05 11:07:00,1,0
DoS GoldenEye,DoS GoldenEye__SEG5__EP0,5,2017-07-05 11:06:00,2017-07-05 11:11:00,5,0
DoS GoldenEye,DoS GoldenEye__SEG5__EP0,5,2017-07-05 11:07:00,2017-07-05 11:12:00,5,0
DoS GoldenEye,DoS GoldenEye__SEG5__EP0,5,2017-07-05 11:07:00,2017-07-05 11:17:00,10,0
DoS GoldenEye,DoS GoldenEye__SEG5__EP0,5,2017-07-05 11:08:00,2017-07-05 11:13:00,5,0
DoS GoldenEye,DoS GoldenEye__SEG5__EP0,5,2017-07-05 11:08:00,2017-07-05 11:18:00,10,0
DoS GoldenEye,DoS GoldenEye__SEG5__EP0,5,2017-07-05 11:09:00,2017-07-05 11:10:00,1,0
DoS GoldenEye,DoS GoldenEye__SEG5__EP0,5,2017-07-05 11:09:00,2017-07-05 11:14:00,5,0
DoS GoldenEye,DoS GoldenEye__SEG5__EP0,5,2017-07-05 11:09:00,2017-07-05 11:19:00,10,0
DoS GoldenEye,DoS GoldenEye__SEG5__EP0,5,2017-07-05 11:10:00,2017-07-05 11:11:00,1,0
DoS GoldenEye,DoS GoldenEye__SEG5__EP0,5,2017-07-05 11:11:00,2017-07-05 11:12:00,1,0
DoS GoldenEye,DoS GoldenEye__SEG5__EP0,5,2017-07-05 11:12:00,2017-07-05 11:13:00,1,0
DoS GoldenEye,DoS GoldenEye__SEG5__EP0,5,2017-07-05 11:12:00,2017-07-05 11:17:00,5,0
DoS GoldenEye,DoS GoldenEye__SEG5__EP0,5,2017-07-05 11:13:00,2017-07-05 11:14:00,1,0
DoS GoldenEye,DoS GoldenEye__SEG5__EP0,5,2017-07-05 11:13:00,2017-07-05 11:18:00,5,0
DoS GoldenEye,DoS GoldenEye__SEG5__EP0,5,2017-07-05 11:14:00,2017-07-05 11:19:00,5,0
DoS GoldenEye,DoS GoldenEye__SEG5__EP0,5,2017-07-05 11:16:00,2017-07-05 11:17:00,1,0
DoS GoldenEye,DoS GoldenEye__SEG5__EP0,5,2017-07-05 11:17:00,2017-07-05 11:18:00,1,0
DoS GoldenEye,DoS GoldenEye__SEG5__EP0,5,2017-07-05 11:18:00,2017-07-05 11:19:00,1,0
Infiltration,Infiltration__SEG6__EP0,6,2017-07-06 01:49:00,2017-07-06 02:19:00,30,1
Infiltration,Infiltration__SEG6__EP1,6,2017-07-06 01:58:00,2017-07-06 02:28:00,30,1
Infiltration,Infiltration__SEG6__EP1,6,2017-07-06 02:00:00,2017-07-06 02:30:00,30,1
Infiltration,Infiltration__SEG6__EP1,6,2017-07-06 02:02:00,2017-07-06 02:32:00,30,1
Infiltration,Infiltration__SEG6__EP0,6,2017-07-06 02:04:00,2017-07-06 02:19:00,15,1
Infiltration,Infiltration__SEG6__EP1,6,2017-07-06 02:04:00,2017-07-06 02:34:00,30,1
Infiltration,Infiltration__SEG6__EP1,6,2017-07-06 02:06:00,2017-07-06 02:36:00,30,1
Infiltration,Infiltration__SEG6__EP1,6,2017-07-06 02:08:00,2017-07-06 02:38:00,30,1
Infiltration,Infiltration__SEG6__EP0,6,2017-07-06 02:09:00,2017-07-06 02:19:00,10,1
Infiltration,Infiltration__SEG6__EP1,6,2017-07-06 02:09:00,2017-07-06 02:39:00,30,1
Infiltration,Infiltration__SEG6__EP1,6,2017-07-06 02:10:00,2017-07-06 02:40:00,30,1
Infiltration,Infiltration__SEG6__EP1,6,2017-07-06 02:12:00,2017-07-06 02:42:00,30,1
Infiltration,Infiltration__SEG6__EP1,6,2017-07-06 02:13:00,2017-07-06 02:28:00,15,1
Infiltration,Infiltration__SEG6__EP0,6,2017-07-06 02:14:00,2017-07-06 02:19:00,5,1
Infiltration,Infiltration__SEG6__EP1,6,2017-07-06 02:15:00,2017-07-06 02:30:00,15,1
Infiltration,Infiltration__SEG6__EP1,6,2017-07-06 02:17:00,2017-07-06 02:32:00,15,1
Infiltration,Infiltration__SEG6__EP0,6,2017-07-06 02:18:00,2017-07-06 02:19:00,1,1
Infiltration,Infiltration__SEG6__EP1,6,2017-07-06 02:18:00,2017-07-06 02:28:00,10,1
Infiltration,Infiltration__SEG6__EP1,6,2017-07-06 02:19:00,2017-07-06 02:34:00,15,0
Infiltration,Infiltration__SEG6__EP1,6,2017-07-06 02:20:00,2017-07-06 02:30:00,10,0
Infiltration,Infiltration__SEG6__EP1,6,2017-07-06 02:21:00,2017-07-06 02:36:00,15,0
Infiltration,Infiltration__SEG6__EP1,6,2017-07-06 02:22:00,2017-07-06 02:32:00,10,0
Infiltration,Infiltration__SEG6__EP1,6,2017-07-06 02:23:00,2017-07-06 02:28:00,5,0
Infiltration,Infiltration__SEG6__EP1,6,2017-07-06 02:23:00,2017-07-06 02:38:00,15,0
Infiltration,Infiltration__SEG6__EP1,6,2017-07-06 02:24:00,2017-07-06 02:34:00,10,0
Infiltration,Infiltration__SEG6__EP1,6,2017-07-06 02:24:00,2017-07-06 02:39:00,15,0
Infiltration,Infiltration__SEG6__EP1,6,2017-07-06 02:25:00,2017-07-06 02:30:00,5,0
Infiltration,Infiltration__SEG6__EP1,6,2017-07-06 02:25:00,2017-07-06 02:40:00,15,0
Infiltration,Infiltration__SEG6__EP1,6,2017-07-06 02:26:00,2017-07-06 02:36:00,10,0
Infiltration,Infiltration__SEG6__EP1,6,2017-07-06 02:27:00,2017-07-06 02:28:00,1,0
Infiltration,Infiltration__SEG6__EP1,6,2017-07-06 02:27:00,2017-07-06 02:32:00,5,0
Infiltration,Infiltration__SEG6__EP1,6,2017-07-06 02:27:00,2017-07-06 02:42:00,15,0
Infiltration,Infiltration__SEG6__EP1,6,2017-07-06 02:28:00,2017-07-06 02:38:00,10,0
Infiltration,Infiltration__SEG6__EP1,6,2017-07-06 02:29:00,2017-07-06 02:30:00,1,0
Infiltration,Infiltration__SEG6__EP1,6,2017-07-06 02:29:00,2017-07-06 02:34:00,5,0
Infiltration,Infiltration__SEG6__EP1,6,2017-07-06 02:29:00,2017-07-06 02:39:00,10,0
Infiltration,Infiltration__SEG6__EP1,6,2017-07-06 02:30:00,2017-07-06 02:40:00,10,0
Infiltration,Infiltration__SEG6__EP1,6,2017-07-06 02:31:00,2017-07-06 02:32:00,1,0
Infiltration,Infiltration__SEG6__EP1,6,2017-07-06 02:31:00,2017-07-06 02:36:00,5,0
Infiltration,Infiltration__SEG6__EP1,6,2017-07-06 02:32:00,2017-07-06 02:42:00,10,0
Infiltration,Infiltration__SEG6__EP1,6,2017-07-06 02:33:00,2017-07-06 02:34:00,1,0
Infiltration,Infiltration__SEG6__EP1,6,2017-07-06 02:33:00,2017-07-06 02:38:00,5,0
Infiltration,Infiltration__SEG6__EP1,6,2017-07-06 02:34:00,2017-07-06 02:39:00,5,0
Infiltration,Infiltration__SEG6__EP2,6,2017-07-06 02:34:00,2017-07-06 03:04:00,30,0
Infiltration,Infiltration__SEG6__EP1,6,2017-07-06 02:35:00,2017-07-06 02:36:00,1,0
Infiltration,Infiltration__SEG6__EP1,6,2017-07-06 02:35:00,2017-07-06 02:40:00,5,0
Infiltration,Infiltration__SEG6__EP1,6,2017-07-06 02:37:00,2017-07-06 02:38:00,1,0
Infiltration,Infiltration__SEG6__EP1,6,2017-07-06 02:37:00,2017-07-06 02:42:00,5,0
Infiltration,Infiltration__SEG6__EP2,6,2017-07-06 02:37:00,2017-07-06 03:07:00,30,0
Infiltration,Infiltration__SEG6__EP1,6,2017-07-06 02:38:00,2017-07-06 02:39:00,1,0
Infiltration,Infiltration__SEG6__EP1,6,2017-07-06 02:39:00,2017-07-06 02:40:00,1,0
Infiltration,Infiltration__SEG6__EP2,6,2017-07-06 02:39:00,2017-07-06 03:09:00,30,0
Infiltration,Infiltration__SEG6__EP1,6,2017-07-06 02:41:00,2017-07-06 02:42:00,1,0
Infiltration,Infiltration__SEG6__EP2,6,2017-07-06 02:42:00,2017-07-06 03:12:00,30,0
Infiltration,Infiltration__SEG6__EP2,6,2017-07-06 02:44:00,2017-07-06 03:14:00,30,0
Infiltration,Infiltration__SEG6__EP2,6,2017-07-06 02:46:00,2017-07-06 03:16:00,30,0
Infiltration,Infiltration__SEG6__EP2,6,2017-07-06 02:49:00,2017-07-06 03:04:00,15,0
Infiltration,Infiltration__SEG6__EP2,6,2017-07-06 02:49:00,2017-07-06 03:19:00,30,0
Infiltration,Infiltration__SEG6__EP2,6,2017-07-06 02:51:00,2017-07-06 03:21:00,30,0
Infiltration,Infiltration__SEG6__EP2,6,2017-07-06 02:52:00,2017-07-06 03:07:00,15,0
Infiltration,Infiltration__SEG6__EP2,6,2017-07-06 02:53:00,2017-07-06 03:23:00,30,0
Infiltration,Infiltration__SEG6__EP2,6,2017-07-06 02:54:00,2017-07-06 03:04:00,10,0
Infiltration,Infiltration__SEG6__EP2,6,2017-07-06 02:54:00,2017-07-06 03:09:00,15,0
Infiltration,Infiltration__SEG6__EP2,6,2017-07-06 02:56:00,2017-07-06 03:26:00,30,0
Infiltration,Infiltration__SEG6__EP2,6,2017-07-06 02:57:00,2017-07-06 03:07:00,10,1
Infiltration,Infiltration__SEG6__EP2,6,2017-07-06 02:57:00,2017-07-06 03:12:00,15,1
Infiltration,Infiltration__SEG6__EP2,6,2017-07-06 02:58:00,2017-07-06 03:28:00,30,1
Infiltration,Infiltration__SEG6__EP2,6,2017-07-06 02:59:00,2017-07-06 03:04:00,5,1
Infiltration,Infiltration__SEG6__EP2,6,2017-07-06 02:59:00,2017-07-06 03:09:00,10,1
Infiltration,Infiltration__SEG6__EP2,6,2017-07-06 02:59:00,2017-07-06 03:14:00,15,1
Infiltration,Infiltration__SEG6__EP2,6,2017-07-06 03:01:00,2017-07-06 03:16:00,15,1
Infiltration,Infiltration__SEG6__EP2,6,2017-07-06 03:01:00,2017-07-06 03:31:00,30,1
Infiltration,Infiltration__SEG6__EP2,6,2017-07-06 03:02:00,2017-07-06 03:07:00,5,1
Infiltration,Infiltration__SEG6__EP2,6,2017-07-06 03:02:00,2017-07-06 03:12:00,10,1
Infiltration,Infiltration__SEG6__EP2,6,2017-07-06 03:03:00,2017-07-06 03:04:00,1,1
Infiltration,Infiltration__SEG6__EP2,6,2017-07-06 03:03:00,2017-07-06 03:33:00,30,1
Infiltration,Infiltration__SEG6__EP2,6,2017-07-06 03:04:00,2017-07-06 03:09:00,5,0
Infiltration,Infiltration__SEG6__EP2,6,2017-07-06 03:04:00,2017-07-06 03:14:00,10,0
Infiltration,Infiltration__SEG6__EP2,6,2017-07-06 03:04:00,2017-07-06 03:19:00,15,0
Infiltration,Infiltration__SEG6__EP2,6,2017-07-06 03:06:00,2017-07-06 03:07:00,1,0
Infiltration,Infiltration__SEG6__EP2,6,2017-07-06 03:06:00,2017-07-06 03:16:00,10,0
Infiltration,Infiltration__SEG6__EP2,6,2017-07-06 03:06:00,2017-07-06 03:21:00,15,0
Infiltration,Infiltration__SEG6__EP2,6,2017-07-06 03:06:00,2017-07-06 03:36:00,30,0
Infiltration,Infiltration__SEG6__EP2,6,2017-07-06 03:07:00,2017-07-06 03:12:00,5,0
Infiltration,Infiltration__SEG6__EP2,6,2017-07-06 03:08:00,2017-07-06 03:09:00,1,0
Infiltration,Infiltration__SEG6__EP2,6,2017-07-06 03:08:00,2017-07-06 03:23:00,15,0
Infiltration,Infiltration__SEG6__EP2,6,2017-07-06 03:09:00,2017-07-06 03:14:00,5,0
Infiltration,Infiltration__SEG6__EP2,6,2017-07-06 03:09:00,2017-07-06 03:19:00,10,0
Infiltration,Infiltration__SEG6__EP2,6,2017-07-06 03:09:00,2017-07-06 03:39:00,30,0
Infiltration,Infiltration__SEG6__EP2,6,2017-07-06 03:11:00,2017-07-06 03:12:00,1,0
Infiltration,Infiltration__SEG6__EP2,6,2017-07-06 03:11:00,2017-07-06 03:16:00,5,0
Infiltration,Infiltration__SEG6__EP2,6,2017-07-06 03:11:00,2017-07-06 03:21:00,10,0
Infiltration,Infiltration__SEG6__EP2,6,2017-07-06 03:11:00,2017-07-06 03:26:00,15,0
Infiltration,Infiltration__SEG6__EP2,6,2017-07-06 03:11:00,2017-07-06 03:41:00,30,0
Infiltration,Infiltration__SEG6__EP2,6,2017-07-06 03:13:00,2017-07-06 03:14:00,1,0
Infiltration,Infiltration__SEG6__EP2,6,2017-07-06 03:13:00,2017-07-06 03:23:00,10,0
Infiltration,Infiltration__SEG6__EP2,6,2017-07-06 03:13:00,2017-07-06 03:28:00,15,0
Infiltration,Infiltration__SEG6__EP2,6,2017-07-06 03:14:00,2017-07-06 03:19:00,5,0
Infiltration,Infiltration__SEG6__EP2,6,2017-07-06 03:14:00,2017-07-06 03:44:00,30,0
Infiltration,Infiltration__SEG6__EP2,6,2017-07-06 03:15:00,2017-07-06 03:16:00,1,0
Infiltration,Infiltration__SEG6__EP2,6,2017-07-06 03:15:00,2017-07-06 03:45:00,30,0
Infiltration,Infiltration__SEG6__EP2,6,2017-07-06 03:16:00,2017-07-06 03:21:00,5,0
Infiltration,Infiltration__SEG6__EP2,6,2017-07-06 03:16:00,2017-07-06 03:26:00,10,0
Infiltration,Infiltration__SEG6__EP2,6,2017-07-06 03:16:00,2017-07-06 03:31:00,15,0
Infiltration,Infiltration__SEG6__EP2,6,2017-07-06 03:18:00,2017-07-06 03:19:00,1,0
Infiltration,Infiltration__SEG6__EP2,6,2017-07-06 03:18:00,2017-07-06 03:23:00,5,0
Infiltration,Infiltration__SEG6__EP2,6,2017-07-06 03:18:00,2017-07-06 03:28:00,10,0
Infiltration,Infiltration__SEG6__EP2,6,2017-07-06 03:18:00,2017-07-06 03:33:00,15,0
Infiltration,Infiltration__SEG6__EP2,6,2017-07-06 03:20:00,2017-07-06 03:21:00,1,0
Infiltration,Infiltration__SEG6__EP2,6,2017-07-06 03:21:00,2017-07-06 03:26:00,5,0
Infiltration,Infiltration__SEG6__EP2,6,2017-07-06 03:21:00,2017-07-06 03:31:00,10,0
Infiltration,Infiltration__SEG6__EP2,6,2017-07-06 03:21:00,2017-07-06 03:36:00,15,0
Infiltration,Infiltration__SEG6__EP2,6,2017-07-06 03:22:00,2017-07-06 03:23:00,1,0
Infiltration,Infiltration__SEG6__EP2,6,2017-07-06 03:23:00,2017-07-06 03:28:00,5,0
Infiltration,Infiltration__SEG6__EP2,6,2017-07-06 03:23:00,2017-07-06 03:33:00,10,0
Infiltration,Infiltration__SEG6__EP2,6,2017-07-06 03:24:00,2017-07-06 03:39:00,15,0
Infiltration,Infiltration__SEG6__EP2,6,2017-07-06 03:25:00,2017-07-06 03:26:00,1,0
Infiltration,Infiltration__SEG6__EP2,6,2017-07-06 03:26:00,2017-07-06 03:31:00,5,0
Infiltration,Infiltration__SEG6__EP2,6,2017-07-06 03:26:00,2017-07-06 03:36:00,10,0
Infiltration,Infiltration__SEG6__EP2,6,2017-07-06 03:26:00,2017-07-06 03:41:00,15,0
Infiltration,Infiltration__SEG6__EP2,6,2017-07-06 03:27:00,2017-07-06 03:28:00,1,0
Infiltration,Infiltration__SEG6__EP2,6,2017-07-06 03:28:00,2017-07-06 03:33:00,5,0
Infiltration,Infiltration__SEG6__EP2,6,2017-07-06 03:29:00,2017-07-06 03:39:00,10,0
Infiltration,Infiltration__SEG6__EP2,6,2017-07-06 03:29:00,2017-07-06 03:44:00,15,0
Infiltration,Infiltration__SEG6__EP2,6,2017-07-06 03:30:00,2017-07-06 03:31:00,1,0
Infiltration,Infiltration__SEG6__EP2,6,2017-07-06 03:30:00,2017-07-06 03:45:00,15,0
Infiltration,Infiltration__SEG6__EP2,6,2017-07-06 03:31:00,2017-07-06 03:36:00,5,0
Infiltration,Infiltration__SEG6__EP2,6,2017-07-06 03:31:00,2017-07-06 03:41:00,10,0
Infiltration,Infiltration__SEG6__EP2,6,2017-07-06 03:32:00,2017-07-06 03:33:00,1,0
Infiltration,Infiltration__SEG6__EP2,6,2017-07-06 03:34:00,2017-07-06 03:39:00,5,0
Infiltration,Infiltration__SEG6__EP2,6,2017-07-06 03:34:00,2017-07-06 03:44:00,10,0
Infiltration,Infiltration__SEG6__EP2,6,2017-07-06 03:35:00,2017-07-06 03:36:00,1,0
Infiltration,Infiltration__SEG6__EP2,6,2017-07-06 03:35:00,2017-07-06 03:45:00,10,0
Infiltration,Infiltration__SEG6__EP2,6,2017-07-06 03:36:00,2017-07-06 03:41:00,5,0
Infiltration,Infiltration__SEG6__EP2,6,2017-07-06 03:38:00,2017-07-06 03:39:00,1,0
Infiltration,Infiltration__SEG6__EP2,6,2017-07-06 03:39:00,2017-07-06 03:44:00,5,0
Infiltration,Infiltration__SEG6__EP2,6,2017-07-06 03:40:00,2017-07-06 03:41:00,1,0
Infiltration,Infiltration__SEG6__EP2,6,2017-07-06 03:40:00,2017-07-06 03:45:00,5,0
Infiltration,Infiltration__SEG6__EP2,6,2017-07-06 03:43:00,2017-07-06 03:44:00,1,0
Infiltration,Infiltration__SEG6__EP2,6,2017-07-06 03:44:00,2017-07-06 03:45:00,1,0
Web Attack – Brute Force,Web Attack – Brute Force__SEG7__EP0,7,2017-07-06 09:13:00,2017-07-06 09:18:00,5,1
Web Attack – Brute Force,Web Attack – Brute Force__SEG7__EP0,7,2017-07-06 09:13:00,2017-07-06 09:23:00,10,1
Web Attack – Brute Force,Web Attack – Brute Force__SEG7__EP0,7,2017-07-06 09:13:00,2017-07-06 09:28:00,15,1
Web Attack – Brute Force,Web Attack – Brute Force__SEG7__EP0,7,2017-07-06 09:13:00,2017-07-06 09:43:00,30,1
Web Attack – Brute Force,Web Attack – Brute Force__SEG7__EP0,7,2017-07-06 09:14:00,2017-07-06 09:15:00,1,1
Web Attack – Brute Force,Web Attack – Brute Force__SEG7__EP0,7,2017-07-06 09:14:00,2017-07-06 09:19:00,5,1
Web Attack – Brute Force,Web Attack – Brute Force__SEG7__EP0,7,2017-07-06 09:14:00,2017-07-06 09:24:00,10,1
Web Attack – Brute Force,Web Attack – Brute Force__SEG7__EP0,7,2017-07-06 09:14:00,2017-07-06 09:29:00,15,1
Web Attack – Brute Force,Web Attack – Brute Force__SEG7__EP0,7,2017-07-06 09:14:00,2017-07-06 09:44:00,30,1
Web Attack – Brute Force,Web Attack – Brute Force__SEG7__EP0,7,2017-07-06 09:15:00,2017-07-06 09:16:00,1,0
Web Attack – Brute Force,Web Attack – Brute Force__SEG7__EP0,7,2017-07-06 09:15:00,2017-07-06 09:25:00,10,0
Web Attack – Brute Force,Web Attack – Brute Force__SEG7__EP0,7,2017-07-06 09:15:00,2017-07-06 09:30:00,15,0
Web Attack – Brute Force,Web Attack – Brute Force__SEG7__EP0,7,2017-07-06 09:15:00,2017-07-06 09:45:00,30,0
Web Attack – Brute Force,Web Attack – Brute Force__SEG7__EP0,7,2017-07-06 09:16:00,2017-07-06 09:21:00,5,0
Web Attack – Brute Force,Web Attack – Brute Force__SEG7__EP0,7,2017-07-06 09:16:00,2017-07-06 09:26:00,10,0
Web Attack – Brute Force,Web Attack – Brute Force__SEG7__EP0,7,2017-07-06 09:16:00,2017-07-06 09:31:00,15,0
Web Attack – Brute Force,Web Attack – Brute Force__SEG7__EP0,7,2017-07-06 09:16:00,2017-07-06 09:46:00,30,0
Web Attack – Brute Force,Web Attack – Brute Force__SEG7__EP0,7,2017-07-06 09:17:00,2017-07-06 09:18:00,1,0
Web Attack – Brute Force,Web Attack – Brute Force__SEG7__EP0,7,2017-07-06 09:17:00,2017-07-06 09:22:00,5,0
Web Attack – Brute Force,Web Attack – Brute Force__SEG7__EP0,7,2017-07-06 09:17:00,2017-07-06 09:27:00,10,0
Web Attack – Brute Force,Web Attack – Brute Force__SEG7__EP0,7,2017-07-06 09:17:00,2017-07-06 09:32:00,15,0
Web Attack – Brute Force,Web Attack – Brute Force__SEG7__EP0,7,2017-07-06 09:17:00,2017-07-06 09:47:00,30,0
Web Attack – Brute Force,Web Attack – Brute Force__SEG7__EP0,7,2017-07-06 09:18:00,2017-07-06 09:19:00,1,0
Web Attack – Brute Force,Web Attack – Brute Force__SEG7__EP0,7,2017-07-06 09:18:00,2017-07-06 09:23:00,5,0
Web Attack – Brute Force,Web Attack – Brute Force__SEG7__EP0,7,2017-07-06 09:18:00,2017-07-06 09:28:00,10,0
Web Attack – Brute Force,Web Attack – Brute Force__SEG7__EP0,7,2017-07-06 09:18:00,2017-07-06 09:33:00,15,0
Web Attack – Brute Force,Web Attack – Brute Force__SEG7__EP0,7,2017-07-06 09:18:00,2017-07-06 09:48:00,30,0
Web Attack – Brute Force,Web Attack – Brute Force__SEG7__EP0,7,2017-07-06 09:19:00,2017-07-06 09:24:00,5,0
Web Attack – Brute Force,Web Attack – Brute Force__SEG7__EP0,7,2017-07-06 09:19:00,2017-07-06 09:29:00,10,0
Web Attack – Brute Force,Web Attack – Brute Force__SEG7__EP0,7,2017-07-06 09:19:00,2017-07-06 09:34:00,15,0
Web Attack – Brute Force,Web Attack – Brute Force__SEG7__EP0,7,2017-07-06 09:19:00,2017-07-06 09:49:00,30,0
Web Attack – Brute Force,Web Attack – Brute Force__SEG7__EP0,7,2017-07-06 09:20:00,2017-07-06 09:21:00,1,0
Web Attack – Brute Force,Web Attack – Brute Force__SEG7__EP0,7,2017-07-06 09:20:00,2017-07-06 09:25:00,5,0
Web Attack – Brute Force,Web Attack – Brute Force__SEG7__EP0,7,2017-07-06 09:20:00,2017-07-06 09:30:00,10,0
Web Attack – Brute Force,Web Attack – Brute Force__SEG7__EP0,7,2017-07-06 09:20:00,2017-07-06 09:35:00,15,0
Web Attack – Brute Force,Web Attack – Brute Force__SEG7__EP0,7,2017-07-06 09:20:00,2017-07-06 09:50:00,30,0
Web Attack – Brute Force,Web Attack – Brute Force__SEG7__EP0,7,2017-07-06 09:21:00,2017-07-06 09:22:00,1,0
Web Attack – Brute Force,Web Attack – Brute Force__SEG7__EP0,7,2017-07-06 09:21:00,2017-07-06 09:26:00,5,0
Web Attack – Brute Force,Web Attack – Brute Force__SEG7__EP0,7,2017-07-06 09:21:00,2017-07-06 09:31:00,10,0
Web Attack – Brute Force,Web Attack – Brute Force__SEG7__EP0,7,2017-07-06 09:21:00,2017-07-06 09:36:00,15,0
Web Attack – Brute Force,Web Attack – Brute Force__SEG7__EP0,7,2017-07-06 09:21:00,2017-07-06 09:51:00,30,0
Web Attack – Brute Force,Web Attack – Brute Force__SEG7__EP0,7,2017-07-06 09:22:00,2017-07-06 09:23:00,1,0
Web Attack – Brute Force,Web Attack – Brute Force__SEG7__EP0,7,2017-07-06 09:22:00,2017-07-06 09:27:00,5,0
Web Attack – Brute Force,Web Attack – Brute Force__SEG7__EP0,7,2017-07-06 09:22:00,2017-07-06 09:32:00,10,0
Web Attack – Brute Force,Web Attack – Brute Force__SEG7__EP0,7,2017-07-06 09:22:00,2017-07-06 09:37:00,15,0
Web Attack – Brute Force,Web Attack – Brute Force__SEG7__EP0,7,2017-07-06 09:22:00,2017-07-06 09:52:00,30,0
Web Attack – Brute Force,Web Attack – Brute Force__SEG7__EP0,7,2017-07-06 09:23:00,2017-07-06 09:24:00,1,0
Web Attack – Brute Force,Web Attack – Brute Force__SEG7__EP0,7,2017-07-06 09:23:00,2017-07-06 09:28:00,5,0
Web Attack – Brute Force,Web Attack – Brute Force__SEG7__EP0,7,2017-07-06 09:23:00,2017-07-06 09:33:00,10,0
Web Attack – Brute Force,Web Attack – Brute Force__SEG7__EP0,7,2017-07-06 09:23:00,2017-07-06 09:38:00,15,0
Web Attack – Brute Force,Web Attack – Brute Force__SEG7__EP0,7,2017-07-06 09:23:00,2017-07-06 09:53:00,30,0
Web Attack – Brute Force,Web Attack – Brute Force__SEG7__EP0,7,2017-07-06 09:24:00,2017-07-06 09:25:00,1,0
Web Attack – Brute Force,Web Attack – Brute Force__SEG7__EP0,7,2017-07-06 09:24:00,2017-07-06 09:29:00,5,0
Web Attack – Brute Force,Web Attack – Brute Force__SEG7__EP0,7,2017-07-06 09:24:00,2017-07-06 09:34:00,10,0
Web Attack – Brute Force,Web Attack – Brute Force__SEG7__EP0,7,2017-07-06 09:24:00,2017-07-06 09:39:00,15,0
Web Attack – Brute Force,Web Attack – Brute Force__SEG7__EP0,7,2017-07-06 09:24:00,2017-07-06 09:54:00,30,0
Web Attack – Brute Force,Web Attack – Brute Force__SEG7__EP0,7,2017-07-06 09:25:00,2017-07-06 09:26:00,1,0
Web Attack – Brute Force,Web Attack – Brute Force__SEG7__EP0,7,2017-07-06 09:25:00,2017-07-06 09:30:00,5,0
Web Attack – Brute Force,Web Attack – Brute Force__SEG7__EP0,7,2017-07-06 09:25:00,2017-07-06 09:35:00,10,0
Web Attack – Brute Force,Web Attack – Brute Force__SEG7__EP0,7,2017-07-06 09:25:00,2017-07-06 09:40:00,15,0
Web Attack – Brute Force,Web Attack – Brute Force__SEG7__EP0,7,2017-07-06 09:25:00,2017-07-06 09:55:00,30,0
Web Attack – Brute Force,Web Attack – Brute Force__SEG7__EP0,7,2017-07-06 09:26:00,2017-07-06 09:27:00,1,0
Web Attack – Brute Force,Web Attack – Brute Force__SEG7__EP0,7,2017-07-06 09:26:00,2017-07-06 09:31:00,5,0
Web Attack – Brute Force,Web Attack – Brute Force__SEG7__EP0,7,2017-07-06 09:26:00,2017-07-06 09:36:00,10,0
Web Attack – Brute Force,Web Attack – Brute Force__SEG7__EP0,7,2017-07-06 09:26:00,2017-07-06 09:41:00,15,0
Web Attack – Brute Force,Web Attack – Brute Force__SEG7__EP0,7,2017-07-06 09:26:00,2017-07-06 09:56:00,30,0
Web Attack – Brute Force,Web Attack – Brute Force__SEG7__EP0,7,2017-07-06 09:27:00,2017-07-06 09:28:00,1,0
Web Attack – Brute Force,Web Attack – Brute Force__SEG7__EP0,7,2017-07-06 09:27:00,2017-07-06 09:32:00,5,0
Web Attack – Brute Force,Web Attack – Brute Force__SEG7__EP0,7,2017-07-06 09:27:00,2017-07-06 09:37:00,10,0
Web Attack – Brute Force,Web Attack – Brute Force__SEG7__EP0,7,2017-07-06 09:27:00,2017-07-06 09:42:00,15,0
Web Attack – Brute Force,Web Attack – Brute Force__SEG7__EP0,7,2017-07-06 09:27:00,2017-07-06 09:57:00,30,0
Web Attack – Brute Force,Web Attack – Brute Force__SEG7__EP0,7,2017-07-06 09:28:00,2017-07-06 09:29:00,1,0
Web Attack – Brute Force,Web Attack – Brute Force__SEG7__EP0,7,2017-07-06 09:28:00,2017-07-06 09:33:00,5,0
Web Attack – Brute Force,Web Attack – Brute Force__SEG7__EP0,7,2017-07-06 09:28:00,2017-07-06 09:38:00,10,0
Web Attack – Brute Force,Web Attack – Brute Force__SEG7__EP0,7,2017-07-06 09:28:00,2017-07-06 09:43:00,15,0
Web Attack – Brute Force,Web Attack – Brute Force__SEG7__EP0,7,2017-07-06 09:28:00,2017-07-06 09:58:00,30,0
Web Attack – Brute Force,Web Attack – Brute Force__SEG7__EP0,7,2017-07-06 09:29:00,2017-07-06 09:30:00,1,0
Web Attack – Brute Force,Web Attack – Brute Force__SEG7__EP0,7,2017-07-06 09:29:00,2017-07-06 09:34:00,5,0
Web Attack – Brute Force,Web Attack – Brute Force__SEG7__EP0,7,2017-07-06 09:29:00,2017-07-06 09:39:00,10,0
Web Attack – Brute Force,Web Attack – Brute Force__SEG7__EP0,7,2017-07-06 09:29:00,2017-07-06 09:44:00,15,0
Web Attack – Brute Force,Web Attack – Brute Force__SEG7__EP0,7,2017-07-06 09:29:00,2017-07-06 09:59:00,30,0
Web Attack – Brute Force,Web Attack – Brute Force__SEG7__EP0,7,2017-07-06 09:30:00,2017-07-06 09:31:00,1,0
Web Attack – Brute Force,Web Attack – Brute Force__SEG7__EP0,7,2017-07-06 09:30:00,2017-07-06 09:35:00,5,0
Web Attack – Brute Force,Web Attack – Brute Force__SEG7__EP0,7,2017-07-06 09:30:00,2017-07-06 09:40:00,10,0
Web Attack – Brute Force,Web Attack – Brute Force__SEG7__EP0,7,2017-07-06 09:30:00,2017-07-06 09:45:00,15,0
Web Attack – Brute Force,Web Attack – Brute Force__SEG7__EP0,7,2017-07-06 09:30:00,2017-07-06 10:00:00,30,0
Web Attack – Brute Force,Web Attack – Brute Force__SEG7__EP0,7,2017-07-06 09:31:00,2017-07-06 09:32:00,1,0
Web Attack – Brute Force,Web Attack – Brute Force__SEG7__EP0,7,2017-07-06 09:31:00,2017-07-06 09:36:00,5,0
Web Attack – Brute Force,Web Attack – Brute Force__SEG7__EP0,7,2017-07-06 09:31:00,2017-07-06 09:41:00,10,0
Web Attack – Brute Force,Web Attack – Brute Force__SEG7__EP0,7,2017-07-06 09:31:00,2017-07-06 09:46:00,15,0
Web Attack – Brute Force,Web Attack – Brute Force__SEG7__EP0,7,2017-07-06 09:32:00,2017-07-06 09:33:00,1,0
Web Attack – Brute Force,Web Attack – Brute Force__SEG7__EP0,7,2017-07-06 09:32:00,2017-07-06 09:37:00,5,0
Web Attack – Brute Force,Web Attack – Brute Force__SEG7__EP0,7,2017-07-06 09:32:00,2017-07-06 09:42:00,10,0
Web Attack – Brute Force,Web Attack – Brute Force__SEG7__EP0,7,2017-07-06 09:32:00,2017-07-06 09:47:00,15,0
Web Attack – Brute Force,Web Attack – Brute Force__SEG7__EP0,7,2017-07-06 09:33:00,2017-07-06 09:34:00,1,0
Web Attack – Brute Force,Web Attack – Brute Force__SEG7__EP0,7,2017-07-06 09:33:00,2017-07-06 09:38:00,5,0
Web Attack – Brute Force,Web Attack – Brute Force__SEG7__EP0,7,2017-07-06 09:33:00,2017-07-06 09:43:00,10,0
Web Attack – Brute Force,Web Attack – Brute Force__SEG7__EP0,7,2017-07-06 09:33:00,2017-07-06 09:48:00,15,0
Web Attack – Brute Force,Web Attack – Brute Force__SEG7__EP0,7,2017-07-06 09:34:00,2017-07-06 09:35:00,1,0
Web Attack – Brute Force,Web Attack – Brute Force__SEG7__EP0,7,2017-07-06 09:34:00,2017-07-06 09:39:00,5,0
Web Attack – Brute Force,Web Attack – Brute Force__SEG7__EP0,7,2017-07-06 09:34:00,2017-07-06 09:44:00,10,0
Web Attack – Brute Force,Web Attack – Brute Force__SEG7__EP0,7,2017-07-06 09:34:00,2017-07-06 09:49:00,15,0
Web Attack – Brute Force,Web Attack – Brute Force__SEG7__EP0,7,2017-07-06 09:35:00,2017-07-06 09:36:00,1,0
Web Attack – Brute Force,Web Attack – Brute Force__SEG7__EP0,7,2017-07-06 09:35:00,2017-07-06 09:40:00,5,0
Web Attack – Brute Force,Web Attack – Brute Force__SEG7__EP0,7,2017-07-06 09:35:00,2017-07-06 09:45:00,10,0
Web Attack – Brute Force,Web Attack – Brute Force__SEG7__EP0,7,2017-07-06 09:35:00,2017-07-06 09:50:00,15,0
Web Attack – Brute Force,Web Attack – Brute Force__SEG7__EP0,7,2017-07-06 09:36:00,2017-07-06 09:37:00,1,0
Web Attack – Brute Force,Web Attack – Brute Force__SEG7__EP0,7,2017-07-06 09:36:00,2017-07-06 09:41:00,5,0
Web Attack – Brute Force,Web Attack – Brute Force__SEG7__EP0,7,2017-07-06 09:36:00,2017-07-06 09:46:00,10,0
Web Attack – Brute Force,Web Attack – Brute Force__SEG7__EP0,7,2017-07-06 09:36:00,2017-07-06 09:51:00,15,0
Web Attack – Brute Force,Web Attack – Brute Force__SEG7__EP0,7,2017-07-06 09:37:00,2017-07-06 09:38:00,1,0
Web Attack – Brute Force,Web Attack – Brute Force__SEG7__EP0,7,2017-07-06 09:37:00,2017-07-06 09:42:00,5,0
Web Attack – Brute Force,Web Attack – Brute Force__SEG7__EP0,7,2017-07-06 09:37:00,2017-07-06 09:47:00,10,0
Web Attack – Brute Force,Web Attack – Brute Force__SEG7__EP0,7,2017-07-06 09:37:00,2017-07-06 09:52:00,15,0
Web Attack – Brute Force,Web Attack – Brute Force__SEG7__EP0,7,2017-07-06 09:38:00,2017-07-06 09:39:00,1,0
Web Attack – Brute Force,Web Attack – Brute Force__SEG7__EP0,7,2017-07-06 09:38:00,2017-07-06 09:43:00,5,0
Web Attack – Brute Force,Web Attack – Brute Force__SEG7__EP0,7,2017-07-06 09:38:00,2017-07-06 09:48:00,10,0
Web Attack – Brute Force,Web Attack – Brute Force__SEG7__EP0,7,2017-07-06 09:38:00,2017-07-06 09:53:00,15,0
Web Attack – Brute Force,Web Attack – Brute Force__SEG7__EP0,7,2017-07-06 09:39:00,2017-07-06 09:40:00,1,0
Web Attack – Brute Force,Web Attack – Brute Force__SEG7__EP0,7,2017-07-06 09:39:00,2017-07-06 09:44:00,5,0
Web Attack – Brute Force,Web Attack – Brute Force__SEG7__EP0,7,2017-07-06 09:39:00,2017-07-06 09:49:00,10,0
Web Attack – Brute Force,Web Attack – Brute Force__SEG7__EP0,7,2017-07-06 09:39:00,2017-07-06 09:54:00,15,0
Web Attack – Brute Force,Web Attack – Brute Force__SEG7__EP0,7,2017-07-06 09:40:00,2017-07-06 09:41:00,1,0
Web Attack – Brute Force,Web Attack – Brute Force__SEG7__EP0,7,2017-07-06 09:40:00,2017-07-06 09:45:00,5,0
Web Attack – Brute Force,Web Attack – Brute Force__SEG7__EP0,7,2017-07-06 09:40:00,2017-07-06 09:50:00,10,0
Web Attack – Brute Force,Web Attack – Brute Force__SEG7__EP0,7,2017-07-06 09:40:00,2017-07-06 09:55:00,15,0
Web Attack – Brute Force,Web Attack – Brute Force__SEG7__EP0,7,2017-07-06 09:41:00,2017-07-06 09:42:00,1,0
Web Attack – Brute Force,Web Attack – Brute Force__SEG7__EP0,7,2017-07-06 09:41:00,2017-07-06 09:46:00,5,0
Web Attack – Brute Force,Web Attack – Brute Force__SEG7__EP0,7,2017-07-06 09:41:00,2017-07-06 09:51:00,10,0
Web Attack – Brute Force,Web Attack – Brute Force__SEG7__EP0,7,2017-07-06 09:41:00,2017-07-06 09:56:00,15,0
Web Attack – Brute Force,Web Attack – Brute Force__SEG7__EP0,7,2017-07-06 09:42:00,2017-07-06 09:43:00,1,0
Web Attack – Brute Force,Web Attack – Brute Force__SEG7__EP0,7,2017-07-06 09:42:00,2017-07-06 09:47:00,5,0
Web Attack – Brute Force,Web Attack – Brute Force__SEG7__EP0,7,2017-07-06 09:42:00,2017-07-06 09:52:00,10,0
Web Attack – Brute Force,Web Attack – Brute Force__SEG7__EP0,7,2017-07-06 09:42:00,2017-07-06 09:57:00,15,0
Web Attack – Brute Force,Web Attack – Brute Force__SEG7__EP0,7,2017-07-06 09:43:00,2017-07-06 09:44:00,1,0
Web Attack – Brute Force,Web Attack – Brute Force__SEG7__EP0,7,2017-07-06 09:43:00,2017-07-06 09:48:00,5,0
Web Attack – Brute Force,Web Attack – Brute Force__SEG7__EP0,7,2017-07-06 09:43:00,2017-07-06 09:53:00,10,0
Web Attack – Brute Force,Web Attack – Brute Force__SEG7__EP0,7,2017-07-06 09:43:00,2017-07-06 09:58:00,15,0
Web Attack – Brute Force,Web Attack – Brute Force__SEG7__EP0,7,2017-07-06 09:44:00,2017-07-06 09:45:00,1,0
Web Attack – Brute Force,Web Attack – Brute Force__SEG7__EP0,7,2017-07-06 09:44:00,2017-07-06 09:49:00,5,0
Web Attack – Brute Force,Web Attack – Brute Force__SEG7__EP0,7,2017-07-06 09:44:00,2017-07-06 09:54:00,10,0
Web Attack – Brute Force,Web Attack – Brute Force__SEG7__EP0,7,2017-07-06 09:44:00,2017-07-06 09:59:00,15,0
Web Attack – Brute Force,Web Attack – Brute Force__SEG7__EP0,7,2017-07-06 09:45:00,2017-07-06 09:46:00,1,0
Web Attack – Brute Force,Web Attack – Brute Force__SEG7__EP0,7,2017-07-06 09:45:00,2017-07-06 09:50:00,5,0
Web Attack – Brute Force,Web Attack – Brute Force__SEG7__EP0,7,2017-07-06 09:45:00,2017-07-06 09:55:00,10,0
Web Attack – Brute Force,Web Attack – Brute Force__SEG7__EP0,7,2017-07-06 09:45:00,2017-07-06 10:00:00,15,0
Web Attack – XSS,Web Attack – XSS__SEG7__EP0,7,2017-07-06 09:45:00,2017-07-06 10:15:00,30,0
Web Attack – Brute Force,Web Attack – Brute Force__SEG7__EP0,7,2017-07-06 09:46:00,2017-07-06 09:47:00,1,0
Web Attack – Brute Force,Web Attack – Brute Force__SEG7__EP0,7,2017-07-06 09:46:00,2017-07-06 09:51:00,5,0
Web Attack – Brute Force,Web Attack – Brute Force__SEG7__EP0,7,2017-07-06 09:46:00,2017-07-06 09:56:00,10,0
Web Attack – XSS,Web Attack – XSS__SEG7__EP0,7,2017-07-06 09:46:00,2017-07-06 10:16:00,30,0
Web Attack – Brute Force,Web Attack – Brute Force__SEG7__EP0,7,2017-07-06 09:47:00,2017-07-06 09:48:00,1,0
Web Attack – Brute Force,Web Attack – Brute Force__SEG7__EP0,7,2017-07-06 09:47:00,2017-07-06 09:52:00,5,0
Web Attack – Brute Force,Web Attack – Brute Force__SEG7__EP0,7,2017-07-06 09:47:00,2017-07-06 09:57:00,10,0
Web Attack – XSS,Web Attack – XSS__SEG7__EP0,7,2017-07-06 09:47:00,2017-07-06 10:17:00,30,0
Web Attack – Brute Force,Web Attack – Brute Force__SEG7__EP0,7,2017-07-06 09:48:00,2017-07-06 09:49:00,1,0
Web Attack – Brute Force,Web Attack – Brute Force__SEG7__EP0,7,2017-07-06 09:48:00,2017-07-06 09:53:00,5,0
Web Attack – Brute Force,Web Attack – Brute Force__SEG7__EP0,7,2017-07-06 09:48:00,2017-07-06 09:58:00,10,0
Web Attack – XSS,Web Attack – XSS__SEG7__EP0,7,2017-07-06 09:48:00,2017-07-06 10:18:00,30,0
Web Attack – Brute Force,Web Attack – Brute Force__SEG7__EP0,7,2017-07-06 09:49:00,2017-07-06 09:50:00,1,0
Web Attack – Brute Force,Web Attack – Brute Force__SEG7__EP0,7,2017-07-06 09:49:00,2017-07-06 09:54:00,5,0
Web Attack – Brute Force,Web Attack – Brute Force__SEG7__EP0,7,2017-07-06 09:49:00,2017-07-06 09:59:00,10,0
Web Attack – XSS,Web Attack – XSS__SEG7__EP0,7,2017-07-06 09:49:00,2017-07-06 10:19:00,30,0
Web Attack – Brute Force,Web Attack – Brute Force__SEG7__EP0,7,2017-07-06 09:50:00,2017-07-06 09:51:00,1,0
Web Attack – Brute Force,Web Attack – Brute Force__SEG7__EP0,7,2017-07-06 09:50:00,2017-07-06 09:55:00,5,0
Web Attack – Brute Force,Web Attack – Brute Force__SEG7__EP0,7,2017-07-06 09:50:00,2017-07-06 10:00:00,10,0
Web Attack – XSS,Web Attack – XSS__SEG7__EP0,7,2017-07-06 09:50:00,2017-07-06 10:20:00,30,0
Web Attack – Brute Force,Web Attack – Brute Force__SEG7__EP0,7,2017-07-06 09:51:00,2017-07-06 09:52:00,1,0
Web Attack – Brute Force,Web Attack – Brute Force__SEG7__EP0,7,2017-07-06 09:51:00,2017-07-06 09:56:00,5,0
Web Attack – XSS,Web Attack – XSS__SEG7__EP0,7,2017-07-06 09:51:00,2017-07-06 10:21:00,30,0
Web Attack – Brute Force,Web Attack – Brute Force__SEG7__EP0,7,2017-07-06 09:52:00,2017-07-06 09:53:00,1,0
Web Attack – Brute Force,Web Attack – Brute Force__SEG7__EP0,7,2017-07-06 09:52:00,2017-07-06 09:57:00,5,0
Web Attack – XSS,Web Attack – XSS__SEG7__EP0,7,2017-07-06 09:52:00,2017-07-06 10:22:00,30,0
Web Attack – Brute Force,Web Attack – Brute Force__SEG7__EP0,7,2017-07-06 09:53:00,2017-07-06 09:54:00,1,0
Web Attack – Brute Force,Web Attack – Brute Force__SEG7__EP0,7,2017-07-06 09:53:00,2017-07-06 09:58:00,5,0
Web Attack – XSS,Web Attack – XSS__SEG7__EP0,7,2017-07-06 09:53:00,2017-07-06 10:23:00,30,0
Web Attack – Brute Force,Web Attack – Brute Force__SEG7__EP0,7,2017-07-06 09:54:00,2017-07-06 09:55:00,1,0
Web Attack – Brute Force,Web Attack – Brute Force__SEG7__EP0,7,2017-07-06 09:54:00,2017-07-06 09:59:00,5,0
Web Attack – XSS,Web Attack – XSS__SEG7__EP0,7,2017-07-06 09:54:00,2017-07-06 10:24:00,30,0
Web Attack – Brute Force,Web Attack – Brute Force__SEG7__EP0,7,2017-07-06 09:55:00,2017-07-06 09:56:00,1,0
Web Attack – Brute Force,Web Attack – Brute Force__SEG7__EP0,7,2017-07-06 09:55:00,2017-07-06 10:00:00,5,0
Web Attack – XSS,Web Attack – XSS__SEG7__EP0,7,2017-07-06 09:55:00,2017-07-06 10:25:00,30,0
Web Attack – Brute Force,Web Attack – Brute Force__SEG7__EP0,7,2017-07-06 09:56:00,2017-07-06 09:57:00,1,0
Web Attack – XSS,Web Attack – XSS__SEG7__EP0,7,2017-07-06 09:56:00,2017-07-06 10:26:00,30,0
Web Attack – Brute Force,Web Attack – Brute Force__SEG7__EP0,7,2017-07-06 09:57:00,2017-07-06 09:58:00,1,0
Web Attack – XSS,Web Attack – XSS__SEG7__EP0,7,2017-07-06 09:57:00,2017-07-06 10:27:00,30,0
Web Attack – Brute Force,Web Attack – Brute Force__SEG7__EP0,7,2017-07-06 09:58:00,2017-07-06 09:59:00,1,0
Web Attack – XSS,Web Attack – XSS__SEG7__EP0,7,2017-07-06 09:58:00,2017-07-06 10:28:00,30,0
Web Attack – Brute Force,Web Attack – Brute Force__SEG7__EP0,7,2017-07-06 09:59:00,2017-07-06 10:00:00,1,0
Web Attack – XSS,Web Attack – XSS__SEG7__EP0,7,2017-07-06 09:59:00,2017-07-06 10:29:00,30,0
Web Attack – XSS,Web Attack – XSS__SEG7__EP0,7,2017-07-06 10:00:00,2017-07-06 10:15:00,15,0
Web Attack – XSS,Web Attack – XSS__SEG7__EP0,7,2017-07-06 10:00:00,2017-07-06 10:30:00,30,0
Web Attack – XSS,Web Attack – XSS__SEG7__EP0,7,2017-07-06 10:01:00,2017-07-06 10:16:00,15,0
Web Attack – XSS,Web Attack – XSS__SEG7__EP0,7,2017-07-06 10:01:00,2017-07-06 10:31:00,30,0
Web Attack – XSS,Web Attack – XSS__SEG7__EP0,7,2017-07-06 10:02:00,2017-07-06 10:17:00,15,0
Web Attack – XSS,Web Attack – XSS__SEG7__EP0,7,2017-07-06 10:02:00,2017-07-06 10:32:00,30,0
Web Attack – XSS,Web Attack – XSS__SEG7__EP0,7,2017-07-06 10:03:00,2017-07-06 10:18:00,15,0
Web Attack – XSS,Web Attack – XSS__SEG7__EP0,7,2017-07-06 10:03:00,2017-07-06 10:33:00,30,0
Web Attack – XSS,Web Attack – XSS__SEG7__EP0,7,2017-07-06 10:04:00,2017-07-06 10:19:00,15,0
Web Attack – XSS,Web Attack – XSS__SEG7__EP0,7,2017-07-06 10:04:00,2017-07-06 10:34:00,30,0
Web Attack – XSS,Web Attack – XSS__SEG7__EP0,7,2017-07-06 10:05:00,2017-07-06 10:15:00,10,0
Web Attack – XSS,Web Attack – XSS__SEG7__EP0,7,2017-07-06 10:05:00,2017-07-06 10:20:00,15,0
Web Attack – XSS,Web Attack – XSS__SEG7__EP0,7,2017-07-06 10:05:00,2017-07-06 10:35:00,30,0
Web Attack – XSS,Web Attack – XSS__SEG7__EP0,7,2017-07-06 10:06:00,2017-07-06 10:16:00,10,0
Web Attack – XSS,Web Attack – XSS__SEG7__EP0,7,2017-07-06 10:06:00,2017-07-06 10:21:00,15,0
Web Attack – XSS,Web Attack – XSS__SEG7__EP0,7,2017-07-06 10:07:00,2017-07-06 10:17:00,10,0
Web Attack – XSS,Web Attack – XSS__SEG7__EP0,7,2017-07-06 10:07:00,2017-07-06 10:22:00,15,0
Web Attack – XSS,Web Attack – XSS__SEG7__EP0,7,2017-07-06 10:08:00,2017-07-06 10:18:00,10,0
Web Attack – XSS,Web Attack – XSS__SEG7__EP0,7,2017-07-06 10:08:00,2017-07-06 10:23:00,15,0
Web Attack – XSS,Web Attack – XSS__SEG7__EP0,7,2017-07-06 10:09:00,2017-07-06 10:19:00,10,0
Web Attack – XSS,Web Attack – XSS__SEG7__EP0,7,2017-07-06 10:09:00,2017-07-06 10:24:00,15,0
Web Attack – XSS,Web Attack – XSS__SEG7__EP0,7,2017-07-06 10:10:00,2017-07-06 10:15:00,5,0
Web Attack – XSS,Web Attack – XSS__SEG7__EP0,7,2017-07-06 10:10:00,2017-07-06 10:20:00,10,0
Web Attack – XSS,Web Attack – XSS__SEG7__EP0,7,2017-07-06 10:10:00,2017-07-06 10:25:00,15,0
Web Attack – Sql Injection,Web Attack – Sql Injection__SEG7__EP0,7,2017-07-06 10:10:00,2017-07-06 10:40:00,30,0
Web Attack – XSS,Web Attack – XSS__SEG7__EP0,7,2017-07-06 10:11:00,2017-07-06 10:16:00,5,0
Web Attack – XSS,Web Attack – XSS__SEG7__EP0,7,2017-07-06 10:11:00,2017-07-06 10:21:00,10,0
Web Attack – XSS,Web Attack – XSS__SEG7__EP0,7,2017-07-06 10:11:00,2017-07-06 10:26:00,15,0
Web Attack – Sql Injection,Web Attack – Sql Injection__SEG7__EP0,7,2017-07-06 10:11:00,2017-07-06 10:41:00,30,0
Web Attack – XSS,Web Attack – XSS__SEG7__EP0,7,2017-07-06 10:12:00,2017-07-06 10:17:00,5,0
Web Attack – XSS,Web Attack – XSS__SEG7__EP0,7,2017-07-06 10:12:00,2017-07-06 10:22:00,10,0
Web Attack – XSS,Web Attack – XSS__SEG7__EP0,7,2017-07-06 10:12:00,2017-07-06 10:27:00,15,0
Web Attack – Sql Injection,Web Attack – Sql Injection__SEG7__EP0,7,2017-07-06 10:12:00,2017-07-06 10:42:00,30,0
Web Attack – XSS,Web Attack – XSS__SEG7__EP0,7,2017-07-06 10:13:00,2017-07-06 10:18:00,5,0
Web Attack – XSS,Web Attack – XSS__SEG7__EP0,7,2017-07-06 10:13:00,2017-07-06 10:23:00,10,0
Web Attack – XSS,Web Attack – XSS__SEG7__EP0,7,2017-07-06 10:13:00,2017-07-06 10:28:00,15,0
Web Attack – XSS,Web Attack – XSS__SEG7__EP0,7,2017-07-06 10:14:00,2017-07-06 10:15:00,1,0
Web Attack – XSS,Web Attack – XSS__SEG7__EP0,7,2017-07-06 10:14:00,2017-07-06 10:19:00,5,0
Web Attack – XSS,Web Attack – XSS__SEG7__EP0,7,2017-07-06 10:14:00,2017-07-06 10:24:00,10,0
Web Attack – XSS,Web Attack – XSS__SEG7__EP0,7,2017-07-06 10:14:00,2017-07-06 10:29:00,15,0
Web Attack – XSS,Web Attack – XSS__SEG7__EP0,7,2017-07-06 10:15:00,2017-07-06 10:16:00,1,0
Web Attack – XSS,Web Attack – XSS__SEG7__EP0,7,2017-07-06 10:15:00,2017-07-06 10:20:00,5,0
Web Attack – XSS,Web Attack – XSS__SEG7__EP0,7,2017-07-06 10:15:00,2017-07-06 10:25:00,10,0
Web Attack – XSS,Web Attack – XSS__SEG7__EP0,7,2017-07-06 10:15:00,2017-07-06 10:30:00,15,0
Web Attack – XSS,Web Attack – XSS__SEG7__EP0,7,2017-07-06 10:16:00,2017-07-06 10:17:00,1,0
Web Attack – XSS,Web Attack – XSS__SEG7__EP0,7,2017-07-06 10:16:00,2017-07-06 10:21:00,5,0
Web Attack – XSS,Web Attack – XSS__SEG7__EP0,7,2017-07-06 10:16:00,2017-07-06 10:26:00,10,0
Web Attack – XSS,Web Attack – XSS__SEG7__EP0,7,2017-07-06 10:16:00,2017-07-06 10:31:00,15,0
Web Attack – XSS,Web Attack – XSS__SEG7__EP0,7,2017-07-06 10:17:00,2017-07-06 10:18:00,1,0
Web Attack – XSS,Web Attack – XSS__SEG7__EP0,7,2017-07-06 10:17:00,2017-07-06 10:22:00,5,0
Web Attack – XSS,Web Attack – XSS__SEG7__EP0,7,2017-07-06 10:17:00,2017-07-06 10:27:00,10,0
Web Attack – XSS,Web Attack – XSS__SEG7__EP0,7,2017-07-06 10:17:00,2017-07-06 10:32:00,15,0
Web Attack – XSS,Web Attack – XSS__SEG7__EP0,7,2017-07-06 10:18:00,2017-07-06 10:19:00,1,0
Web Attack – XSS,Web Attack – XSS__SEG7__EP0,7,2017-07-06 10:18:00,2017-07-06 10:23:00,5,0
Web Attack – XSS,Web Attack – XSS__SEG7__EP0,7,2017-07-06 10:18:00,2017-07-06 10:28:00,10,0
Web Attack – XSS,Web Attack – XSS__SEG7__EP0,7,2017-07-06 10:18:00,2017-07-06 10:33:00,15,0
Web Attack – XSS,Web Attack – XSS__SEG7__EP0,7,2017-07-06 10:19:00,2017-07-06 10:20:00,1,0
Web Attack – XSS,Web Attack – XSS__SEG7__EP0,7,2017-07-06 10:19:00,2017-07-06 10:24:00,5,0
Web Attack – XSS,Web Attack – XSS__SEG7__EP0,7,2017-07-06 10:19:00,2017-07-06 10:29:00,10,0
Web Attack – XSS,Web Attack – XSS__SEG7__EP0,7,2017-07-06 10:19:00,2017-07-06 10:34:00,15,0
Web Attack – XSS,Web Attack – XSS__SEG7__EP0,7,2017-07-06 10:20:00,2017-07-06 10:21:00,1,0
Web Attack – XSS,Web Attack – XSS__SEG7__EP0,7,2017-07-06 10:20:00,2017-07-06 10:25:00,5,0
Web Attack – XSS,Web Attack – XSS__SEG7__EP0,7,2017-07-06 10:20:00,2017-07-06 10:30:00,10,0
Web Attack – XSS,Web Attack – XSS__SEG7__EP0,7,2017-07-06 10:20:00,2017-07-06 10:35:00,15,0
Web Attack – XSS,Web Attack – XSS__SEG7__EP0,7,2017-07-06 10:21:00,2017-07-06 10:22:00,1,0
Web Attack – XSS,Web Attack – XSS__SEG7__EP0,7,2017-07-06 10:21:00,2017-07-06 10:26:00,5,0
Web Attack – XSS,Web Attack – XSS__SEG7__EP0,7,2017-07-06 10:21:00,2017-07-06 10:31:00,10,0
Web Attack – XSS,Web Attack – XSS__SEG7__EP0,7,2017-07-06 10:22:00,2017-07-06 10:23:00,1,0
Web Attack – XSS,Web Attack – XSS__SEG7__EP0,7,2017-07-06 10:22:00,2017-07-06 10:27:00,5,0
Web Attack – XSS,Web Attack – XSS__SEG7__EP0,7,2017-07-06 10:22:00,2017-07-06 10:32:00,10,0
Web Attack – XSS,Web Attack – XSS__SEG7__EP0,7,2017-07-06 10:23:00,2017-07-06 10:24:00,1,0
Web Attack – XSS,Web Attack – XSS__SEG7__EP0,7,2017-07-06 10:23:00,2017-07-06 10:28:00,5,0
Web Attack – XSS,Web Attack – XSS__SEG7__EP0,7,2017-07-06 10:23:00,2017-07-06 10:33:00,10,0
Web Attack – XSS,Web Attack – XSS__SEG7__EP0,7,2017-07-06 10:24:00,2017-07-06 10:25:00,1,0
Web Attack – XSS,Web Attack – XSS__SEG7__EP0,7,2017-07-06 10:24:00,2017-07-06 10:29:00,5,0
Web Attack – XSS,Web Attack – XSS__SEG7__EP0,7,2017-07-06 10:24:00,2017-07-06 10:34:00,10,0
Web Attack – XSS,Web Attack – XSS__SEG7__EP0,7,2017-07-06 10:25:00,2017-07-06 10:26:00,1,0
Web Attack – XSS,Web Attack – XSS__SEG7__EP0,7,2017-07-06 10:25:00,2017-07-06 10:30:00,5,0
Web Attack – XSS,Web Attack – XSS__SEG7__EP0,7,2017-07-06 10:25:00,2017-07-06 10:35:00,10,0
Web Attack – Sql Injection,Web Attack – Sql Injection__SEG7__EP0,7,2017-07-06 10:25:00,2017-07-06 10:40:00,15,0
Web Attack – XSS,Web Attack – XSS__SEG7__EP0,7,2017-07-06 10:26:00,2017-07-06 10:27:00,1,0
Web Attack – XSS,Web Attack – XSS__SEG7__EP0,7,2017-07-06 10:26:00,2017-07-06 10:31:00,5,0
Web Attack – Sql Injection,Web Attack – Sql Injection__SEG7__EP0,7,2017-07-06 10:26:00,2017-07-06 10:41:00,15,0
Web Attack – XSS,Web Attack – XSS__SEG7__EP0,7,2017-07-06 10:27:00,2017-07-06 10:28:00,1,0
Web Attack – XSS,Web Attack – XSS__SEG7__EP0,7,2017-07-06 10:27:00,2017-07-06 10:32:00,5,0
Web Attack – Sql Injection,Web Attack – Sql Injection__SEG7__EP0,7,2017-07-06 10:27:00,2017-07-06 10:42:00,15,0
Web Attack – XSS,Web Attack – XSS__SEG7__EP0,7,2017-07-06 10:28:00,2017-07-06 10:29:00,1,0
Web Attack – XSS,Web Attack – XSS__SEG7__EP0,7,2017-07-06 10:28:00,2017-07-06 10:33:00,5,0
Web Attack – XSS,Web Attack – XSS__SEG7__EP0,7,2017-07-06 10:29:00,2017-07-06 10:30:00,1,0
Web Attack – XSS,Web Attack – XSS__SEG7__EP0,7,2017-07-06 10:29:00,2017-07-06 10:34:00,5,0
Web Attack – XSS,Web Attack – XSS__SEG7__EP0,7,2017-07-06 10:30:00,2017-07-06 10:31:00,1,0
Web Attack – XSS,Web Attack – XSS__SEG7__EP0,7,2017-07-06 10:30:00,2017-07-06 10:35:00,5,0
Web Attack – Sql Injection,Web Attack – Sql Injection__SEG7__EP0,7,2017-07-06 10:30:00,2017-07-06 10:40:00,10,0
Web Attack – XSS,Web Attack – XSS__SEG7__EP0,7,2017-07-06 10:31:00,2017-07-06 10:32:00,1,0
Web Attack – Sql Injection,Web Attack – Sql Injection__SEG7__EP0,7,2017-07-06 10:31:00,2017-07-06 10:41:00,10,0
Web Attack – XSS,Web Attack – XSS__SEG7__EP0,7,2017-07-06 10:32:00,2017-07-06 10:33:00,1,0
Web Attack – Sql Injection,Web Attack – Sql Injection__SEG7__EP0,7,2017-07-06 10:32:00,2017-07-06 10:42:00,10,0
Web Attack – XSS,Web Attack – XSS__SEG7__EP0,7,2017-07-06 10:33:00,2017-07-06 10:34:00,1,0
Web Attack – XSS,Web Attack – XSS__SEG7__EP0,7,2017-07-06 10:34:00,2017-07-06 10:35:00,1,0
Web Attack – Sql Injection,Web Attack – Sql Injection__SEG7__EP0,7,2017-07-06 10:35:00,2017-07-06 10:40:00,5,0
Web Attack – Sql Injection,Web Attack – Sql Injection__SEG7__EP0,7,2017-07-06 10:36:00,2017-07-06 10:41:00,5,0
Web Attack – Sql Injection,Web Attack – Sql Injection__SEG7__EP0,7,2017-07-06 10:37:00,2017-07-06 10:42:00,5,0
Web Attack – Sql Injection,Web Attack – Sql Injection__SEG7__EP0,7,2017-07-06 10:39:00,2017-07-06 10:40:00,1,0
Web Attack – Sql Injection,Web Attack – Sql Injection__SEG7__EP0,7,2017-07-06 10:40:00,2017-07-06 10:41:00,1,0
Web Attack – Sql Injection,Web Attack – Sql Injection__SEG7__EP0,7,2017-07-06 10:41:00,2017-07-06 10:42:00,1,0
PortScan,PortScan__SEG8__EP1,8,2017-07-07 01:22:00,2017-07-07 01:52:00,30,1
PortScan,PortScan__SEG8__EP1,8,2017-07-07 01:25:00,2017-07-07 01:55:00,30,1
PortScan,PortScan__SEG8__EP1,8,2017-07-07 01:26:00,2017-07-07 01:56:00,30,1
PortScan,PortScan__SEG8__EP1,8,2017-07-07 01:27:00,2017-07-07 01:57:00,30,1
PortScan,PortScan__SEG8__EP1,8,2017-07-07 01:28:00,2017-07-07 01:58:00,30,1
PortScan,PortScan__SEG8__EP1,8,2017-07-07 01:29:00,2017-07-07 01:59:00,30,1
PortScan,PortScan__SEG8__EP1,8,2017-07-07 01:30:00,2017-07-07 02:00:00,30,1
PortScan,PortScan__SEG8__EP1,8,2017-07-07 01:37:00,2017-07-07 01:52:00,15,1
PortScan,PortScan__SEG8__EP1,8,2017-07-07 01:40:00,2017-07-07 01:55:00,15,1
PortScan,PortScan__SEG8__EP1,8,2017-07-07 01:41:00,2017-07-07 01:56:00,15,1
PortScan,PortScan__SEG8__EP1,8,2017-07-07 01:42:00,2017-07-07 01:52:00,10,1
PortScan,PortScan__SEG8__EP1,8,2017-07-07 01:42:00,2017-07-07 01:57:00,15,1
PortScan,PortScan__SEG8__EP1,8,2017-07-07 01:43:00,2017-07-07 01:58:00,15,1
PortScan,PortScan__SEG8__EP1,8,2017-07-07 01:44:00,2017-07-07 01:59:00,15,1
PortScan,PortScan__SEG8__EP2,8,2017-07-07 01:44:00,2017-07-07 02:14:00,30,1
PortScan,PortScan__SEG8__EP1,8,2017-07-07 01:45:00,2017-07-07 01:55:00,10,1
PortScan,PortScan__SEG8__EP1,8,2017-07-07 01:45:00,2017-07-07 02:00:00,15,1
PortScan,PortScan__SEG8__EP2,8,2017-07-07 01:45:00,2017-07-07 02:15:00,30,1
PortScan,PortScan__SEG8__EP1,8,2017-07-07 01:46:00,2017-07-07 01:56:00,10,1
PortScan,PortScan__SEG8__EP2,8,2017-07-07 01:46:00,2017-07-07 02:16:00,30,1
PortScan,PortScan__SEG8__EP1,8,2017-07-07 01:47:00,2017-07-07 01:52:00,5,1
PortScan,PortScan__SEG8__EP1,8,2017-07-07 01:47:00,2017-07-07 01:57:00,10,1
PortScan,PortScan__SEG8__EP1,8,2017-07-07 01:48:00,2017-07-07 01:58:00,10,1
PortScan,PortScan__SEG8__EP1,8,2017-07-07 01:49:00,2017-07-07 01:59:00,10,1
PortScan,PortScan__SEG8__EP1,8,2017-07-07 01:50:00,2017-07-07 01:55:00,5,1
PortScan,PortScan__SEG8__EP1,8,2017-07-07 01:50:00,2017-07-07 02:00:00,10,1
PortScan,PortScan__SEG8__EP1,8,2017-07-07 01:51:00,2017-07-07 01:52:00,1,1
PortScan,PortScan__SEG8__EP1,8,2017-07-07 01:51:00,2017-07-07 01:56:00,5,1
PortScan,PortScan__SEG8__EP1,8,2017-07-07 01:52:00,2017-07-07 01:57:00,5,0
PortScan,PortScan__SEG8__EP1,8,2017-07-07 01:53:00,2017-07-07 01:58:00,5,0
PortScan,PortScan__SEG8__EP1,8,2017-07-07 01:54:00,2017-07-07 01:55:00,1,0
PortScan,PortScan__SEG8__EP1,8,2017-07-07 01:54:00,2017-07-07 01:59:00,5,0
PortScan,PortScan__SEG8__EP1,8,2017-07-07 01:55:00,2017-07-07 01:56:00,1,0
PortScan,PortScan__SEG8__EP1,8,2017-07-07 01:55:00,2017-07-07 02:00:00,5,0
PortScan,PortScan__SEG8__EP1,8,2017-07-07 01:56:00,2017-07-07 01:57:00,1,0
PortScan,PortScan__SEG8__EP1,8,2017-07-07 01:57:00,2017-07-07 01:58:00,1,0
PortScan,PortScan__SEG8__EP1,8,2017-07-07 01:58:00,2017-07-07 01:59:00,1,0
PortScan,PortScan__SEG8__EP1,8,2017-07-07 01:59:00,2017-07-07 02:00:00,1,0
PortScan,PortScan__SEG8__EP2,8,2017-07-07 01:59:00,2017-07-07 02:14:00,15,0
PortScan,PortScan__SEG8__EP2,8,2017-07-07 02:00:00,2017-07-07 02:15:00,15,0
PortScan,PortScan__SEG8__EP2,8,2017-07-07 02:01:00,2017-07-07 02:16:00,15,0
PortScan,PortScan__SEG8__EP2,8,2017-07-07 02:04:00,2017-07-07 02:14:00,10,0
PortScan,PortScan__SEG8__EP2,8,2017-07-07 02:05:00,2017-07-07 02:15:00,10,0
PortScan,PortScan__SEG8__EP2,8,2017-07-07 02:06:00,2017-07-07 02:16:00,10,0
PortScan,PortScan__SEG8__EP2,8,2017-07-07 02:09:00,2017-07-07 02:14:00,5,0
PortScan,PortScan__SEG8__EP2,8,2017-07-07 02:10:00,2017-07-07 02:15:00,5,0
PortScan,PortScan__SEG8__EP2,8,2017-07-07 02:11:00,2017-07-07 02:16:00,5,0
PortScan,PortScan__SEG8__EP2,8,2017-07-07 02:13:00,2017-07-07 02:14:00,1,0
PortScan,PortScan__SEG8__EP2,8,2017-07-07 02:14:00,2017-07-07 02:15:00,1,0
PortScan,PortScan__SEG8__EP2,8,2017-07-07 02:15:00,2017-07-07 02:16:00,1,0
PortScan,PortScan__SEG8__EP3,8,2017-07-07 02:21:00,2017-07-07 02:51:00,30,0
PortScan,PortScan__SEG8__EP3,8,2017-07-07 02:22:00,2017-07-07 02:52:00,30,0
PortScan,PortScan__SEG8__EP3,8,2017-07-07 02:23:00,2017-07-07 02:53:00,30,0
PortScan,PortScan__SEG8__EP3,8,2017-07-07 02:24:00,2017-07-07 02:54:00,30,0
PortScan,PortScan__SEG8__EP3,8,2017-07-07 02:25:00,2017-07-07 02:55:00,30,0
PortScan,PortScan__SEG8__EP3,8,2017-07-07 02:26:00,2017-07-07 02:56:00,30,0
PortScan,PortScan__SEG8__EP4,8,2017-07-07 02:33:00,2017-07-07 03:03:00,30,1
PortScan,PortScan__SEG8__EP3,8,2017-07-07 02:36:00,2017-07-07 02:51:00,15,1
PortScan,PortScan__SEG8__EP3,8,2017-07-07 02:37:00,2017-07-07 02:52:00,15,1
PortScan,PortScan__SEG8__EP3,8,2017-07-07 02:38:00,2017-07-07 02:53:00,15,1
PortScan,PortScan__SEG8__EP4,8,2017-07-07 02:38:00,2017-07-07 03:08:00,30,1
PortScan,PortScan__SEG8__EP3,8,2017-07-07 02:39:00,2017-07-07 02:54:00,15,1
PortScan,PortScan__SEG8__EP4,8,2017-07-07 02:39:00,2017-07-07 03:09:00,30,1
PortScan,PortScan__SEG8__EP3,8,2017-07-07 02:40:00,2017-07-07 02:55:00,15,1
PortScan,PortScan__SEG8__EP4,8,2017-07-07 02:40:00,2017-07-07 03:10:00,30,1
PortScan,PortScan__SEG8__EP3,8,2017-07-07 02:41:00,2017-07-07 02:51:00,10,1
PortScan,PortScan__SEG8__EP3,8,2017-07-07 02:41:00,2017-07-07 02:56:00,15,1
PortScan,PortScan__SEG8__EP3,8,2017-07-07 02:42:00,2017-07-07 02:52:00,10,1
PortScan,PortScan__SEG8__EP4,8,2017-07-07 02:42:00,2017-07-07 03:12:00,30,1
PortScan,PortScan__SEG8__EP3,8,2017-07-07 02:43:00,2017-07-07 02:53:00,10,1
PortScan,PortScan__SEG8__EP4,8,2017-07-07 02:43:00,2017-07-07 03:13:00,30,1
PortScan,PortScan__SEG8__EP3,8,2017-07-07 02:44:00,2017-07-07 02:54:00,10,1
PortScan,PortScan__SEG8__EP3,8,2017-07-07 02:45:00,2017-07-07 02:55:00,10,1
PortScan,PortScan__SEG8__EP3,8,2017-07-07 02:46:00,2017-07-07 02:51:00,5,1
PortScan,PortScan__SEG8__EP3,8,2017-07-07 02:46:00,2017-07-07 02:56:00,10,1
PortScan,PortScan__SEG8__EP3,8,2017-07-07 02:47:00,2017-07-07 02:52:00,5,1
PortScan,PortScan__SEG8__EP3,8,2017-07-07 02:48:00,2017-07-07 02:53:00,5,1
PortScan,PortScan__SEG8__EP4,8,2017-07-07 02:48:00,2017-07-07 03:03:00,15,1
PortScan,PortScan__SEG8__EP3,8,2017-07-07 02:49:00,2017-07-07 02:54:00,5,1
PortScan,PortScan__SEG8__EP3,8,2017-07-07 02:50:00,2017-07-07 02:51:00,1,1
PortScan,PortScan__SEG8__EP3,8,2017-07-07 02:50:00,2017-07-07 02:55:00,5,1
PortScan,PortScan__SEG8__EP3,8,2017-07-07 02:51:00,2017-07-07 02:52:00,1,0
PortScan,PortScan__SEG8__EP3,8,2017-07-07 02:51:00,2017-07-07 02:56:00,5,0
PortScan,PortScan__SEG8__EP5,8,2017-07-07 02:51:00,2017-07-07 03:21:00,30,0
PortScan,PortScan__SEG8__EP3,8,2017-07-07 02:52:00,2017-07-07 02:53:00,1,0
PortScan,PortScan__SEG8__EP5,8,2017-07-07 02:52:00,2017-07-07 03:22:00,30,0
PortScan,PortScan__SEG8__EP3,8,2017-07-07 02:53:00,2017-07-07 02:54:00,1,0
PortScan,PortScan__SEG8__EP4,8,2017-07-07 02:53:00,2017-07-07 03:03:00,10,0
PortScan,PortScan__SEG8__EP4,8,2017-07-07 02:53:00,2017-07-07 03:08:00,15,0
PortScan,PortScan__SEG8__EP5,8,2017-07-07 02:53:00,2017-07-07 03:23:00,30,0
PortScan,PortScan__SEG8__EP3,8,2017-07-07 02:54:00,2017-07-07 02:55:00,1,0
PortScan,PortScan__SEG8__EP4,8,2017-07-07 02:54:00,2017-07-07 03:09:00,15,0
PortScan,PortScan__SEG8__EP3,8,2017-07-07 02:55:00,2017-07-07 02:56:00,1,0
PortScan,PortScan__SEG8__EP4,8,2017-07-07 02:55:00,2017-07-07 03:10:00,15,0
PortScan,PortScan__SEG8__EP4,8,2017-07-07 02:57:00,2017-07-07 03:12:00,15,0
PortScan,PortScan__SEG8__EP4,8,2017-07-07 02:58:00,2017-07-07 03:03:00,5,0
PortScan,PortScan__SEG8__EP4,8,2017-07-07 02:58:00,2017-07-07 03:08:00,10,0
PortScan,PortScan__SEG8__EP4,8,2017-07-07 02:58:00,2017-07-07 03:13:00,15,0
PortScan,PortScan__SEG8__EP4,8,2017-07-07 02:59:00,2017-07-07 03:09:00,10,0
PortScan,PortScan__SEG8__EP4,8,2017-07-07 03:00:00,2017-07-07 03:10:00,10,0
PortScan,PortScan__SEG8__EP4,8,2017-07-07 03:02:00,2017-07-07 03:03:00,1,0
PortScan,PortScan__SEG8__EP4,8,2017-07-07 03:02:00,2017-07-07 03:12:00,10,0
PortScan,PortScan__SEG8__EP4,8,2017-07-07 03:03:00,2017-07-07 03:08:00,5,0
PortScan,PortScan__SEG8__EP4,8,2017-07-07 03:03:00,2017-07-07 03:13:00,10,0
PortScan,PortScan__SEG8__EP4,8,2017-07-07 03:04:00,2017-07-07 03:09:00,5,0
PortScan,PortScan__SEG8__EP4,8,2017-07-07 03:05:00,2017-07-07 03:10:00,5,0
PortScan,PortScan__SEG8__EP5,8,2017-07-07 03:06:00,2017-07-07 03:21:00,15,0
PortScan,PortScan__SEG8__EP4,8,2017-07-07 03:07:00,2017-07-07 03:08:00,1,0
PortScan,PortScan__SEG8__EP4,8,2017-07-07 03:07:00,2017-07-07 03:12:00,5,0
PortScan,PortScan__SEG8__EP5,8,2017-07-07 03:07:00,2017-07-07 03:22:00,15,0
PortScan,PortScan__SEG8__EP4,8,2017-07-07 03:08:00,2017-07-07 03:09:00,1,0
PortScan,PortScan__SEG8__EP4,8,2017-07-07 03:08:00,2017-07-07 03:13:00,5,0
PortScan,PortScan__SEG8__EP5,8,2017-07-07 03:08:00,2017-07-07 03:23:00,15,0
PortScan,PortScan__SEG8__EP4,8,2017-07-07 03:09:00,2017-07-07 03:10:00,1,0
PortScan,PortScan__SEG8__EP4,8,2017-07-07 03:11:00,2017-07-07 03:12:00,1,0
PortScan,PortScan__SEG8__EP5,8,2017-07-07 03:11:00,2017-07-07 03:21:00,10,0
PortScan,PortScan__SEG8__EP4,8,2017-07-07 03:12:00,2017-07-07 03:13:00,1,0
PortScan,PortScan__SEG8__EP5,8,2017-07-07 03:12:00,2017-07-07 03:22:00,10,0
PortScan,PortScan__SEG8__EP5,8,2017-07-07 03:13:00,2017-07-07 03:23:00,10,0
PortScan,PortScan__SEG8__EP5,8,2017-07-07 03:16:00,2017-07-07 03:21:00,5,0
PortScan,PortScan__SEG8__EP5,8,2017-07-07 03:17:00,2017-07-07 03:22:00,5,0
PortScan,PortScan__SEG8__EP5,8,2017-07-07 03:18:00,2017-07-07 03:23:00,5,0
PortScan,PortScan__SEG8__EP5,8,2017-07-07 03:20:00,2017-07-07 03:21:00,1,0
PortScan,PortScan__SEG8__EP5,8,2017-07-07 03:21:00,2017-07-07 03:22:00,1,0
PortScan,PortScan__SEG8__EP5,8,2017-07-07 03:22:00,2017-07-07 03:23:00,1,0
DDoS,DDoS__SEG8__EP0,8,2017-07-07 03:26:00,2017-07-07 03:56:00,30,0
DDoS,DDoS__SEG8__EP0,8,2017-07-07 03:27:00,2017-07-07 03:57:00,30,0
DDoS,DDoS__SEG8__EP0,8,2017-07-07 03:28:00,2017-07-07 03:58:00,30,0
DDoS,DDoS__SEG8__EP0,8,2017-07-07 03:29:00,2017-07-07 03:59:00,30,0
DDoS,DDoS__SEG8__EP0,8,2017-07-07 03:30:00,2017-07-07 04:00:00,30,0
DDoS,DDoS__SEG8__EP0,8,2017-07-07 03:31:00,2017-07-07 04:01:00,30,0
DDoS,DDoS__SEG8__EP0,8,2017-07-07 03:32:00,2017-07-07 04:02:00,30,0
DDoS,DDoS__SEG8__EP0,8,2017-07-07 03:33:00,2017-07-07 04:03:00,30,0
DDoS,DDoS__SEG8__EP0,8,2017-07-07 03:34:00,2017-07-07 04:04:00,30,0
DDoS,DDoS__SEG8__EP0,8,2017-07-07 03:35:00,2017-07-07 04:05:00,30,0
DDoS,DDoS__SEG8__EP0,8,2017-07-07 03:36:00,2017-07-07 04:06:00,30,0
DDoS,DDoS__SEG8__EP0,8,2017-07-07 03:37:00,2017-07-07 04:07:00,30,0
DDoS,DDoS__SEG8__EP0,8,2017-07-07 03:38:00,2017-07-07 04:08:00,30,1
DDoS,DDoS__SEG8__EP0,8,2017-07-07 03:39:00,2017-07-07 04:09:00,30,1
DDoS,DDoS__SEG8__EP0,8,2017-07-07 03:40:00,2017-07-07 04:10:00,30,1
DDoS,DDoS__SEG8__EP0,8,2017-07-07 03:41:00,2017-07-07 03:56:00,15,1
DDoS,DDoS__SEG8__EP0,8,2017-07-07 03:41:00,2017-07-07 04:11:00,30,1
DDoS,DDoS__SEG8__EP0,8,2017-07-07 03:42:00,2017-07-07 03:57:00,15,1
DDoS,DDoS__SEG8__EP0,8,2017-07-07 03:42:00,2017-07-07 04:12:00,30,1
DDoS,DDoS__SEG8__EP0,8,2017-07-07 03:43:00,2017-07-07 03:58:00,15,1
DDoS,DDoS__SEG8__EP0,8,2017-07-07 03:43:00,2017-07-07 04:13:00,30,1
DDoS,DDoS__SEG8__EP0,8,2017-07-07 03:44:00,2017-07-07 03:59:00,15,1
DDoS,DDoS__SEG8__EP0,8,2017-07-07 03:44:00,2017-07-07 04:14:00,30,1
DDoS,DDoS__SEG8__EP0,8,2017-07-07 03:45:00,2017-07-07 04:00:00,15,1
DDoS,DDoS__SEG8__EP0,8,2017-07-07 03:45:00,2017-07-07 04:15:00,30,1
DDoS,DDoS__SEG8__EP0,8,2017-07-07 03:46:00,2017-07-07 03:56:00,10,1
DDoS,DDoS__SEG8__EP0,8,2017-07-07 03:46:00,2017-07-07 04:01:00,15,1
DDoS,DDoS__SEG8__EP0,8,2017-07-07 03:46:00,2017-07-07 04:16:00,30,1
DDoS,DDoS__SEG8__EP0,8,2017-07-07 03:47:00,2017-07-07 03:57:00,10,1
DDoS,DDoS__SEG8__EP0,8,2017-07-07 03:47:00,2017-07-07 04:02:00,15,1
DDoS,DDoS__SEG8__EP0,8,2017-07-07 03:48:00,2017-07-07 03:58:00,10,1
DDoS,DDoS__SEG8__EP0,8,2017-07-07 03:48:00,2017-07-07 04:03:00,15,1
DDoS,DDoS__SEG8__EP0,8,2017-07-07 03:49:00,2017-07-07 03:59:00,10,1
DDoS,DDoS__SEG8__EP0,8,2017-07-07 03:49:00,2017-07-07 04:04:00,15,1
DDoS,DDoS__SEG8__EP0,8,2017-07-07 03:50:00,2017-07-07 04:00:00,10,1
DDoS,DDoS__SEG8__EP0,8,2017-07-07 03:50:00,2017-07-07 04:05:00,15,1
DDoS,DDoS__SEG8__EP0,8,2017-07-07 03:51:00,2017-07-07 03:56:00,5,1
DDoS,DDoS__SEG8__EP0,8,2017-07-07 03:51:00,2017-07-07 04:01:00,10,1
DDoS,DDoS__SEG8__EP0,8,2017-07-07 03:51:00,2017-07-07 04:06:00,15,1
DDoS,DDoS__SEG8__EP0,8,2017-07-07 03:52:00,2017-07-07 03:57:00,5,1
DDoS,DDoS__SEG8__EP0,8,2017-07-07 03:52:00,2017-07-07 04:02:00,10,1
DDoS,DDoS__SEG8__EP0,8,2017-07-07 03:52:00,2017-07-07 04:07:00,15,1
DDoS,DDoS__SEG8__EP0,8,2017-07-07 03:53:00,2017-07-07 03:58:00,5,1
DDoS,DDoS__SEG8__EP0,8,2017-07-07 03:53:00,2017-07-07 04:03:00,10,1
DDoS,DDoS__SEG8__EP0,8,2017-07-07 03:53:00,2017-07-07 04:08:00,15,1
DDoS,DDoS__SEG8__EP0,8,2017-07-07 03:54:00,2017-07-07 03:59:00,5,1
DDoS,DDoS__SEG8__EP0,8,2017-07-07 03:54:00,2017-07-07 04:04:00,10,1
DDoS,DDoS__SEG8__EP0,8,2017-07-07 03:54:00,2017-07-07 04:09:00,15,1
DDoS,DDoS__SEG8__EP0,8,2017-07-07 03:55:00,2017-07-07 03:56:00,1,1
DDoS,DDoS__SEG8__EP0,8,2017-07-07 03:55:00,2017-07-07 04:00:00,5,1
DDoS,DDoS__SEG8__EP0,8,2017-07-07 03:55:00,2017-07-07 04:05:00,10,1
DDoS,DDoS__SEG8__EP0,8,2017-07-07 03:55:00,2017-07-07 04:10:00,15,1
DDoS,DDoS__SEG8__EP0,8,2017-07-07 03:56:00,2017-07-07 03:57:00,1,0
DDoS,DDoS__SEG8__EP0,8,2017-07-07 03:56:00,2017-07-07 04:01:00,5,0
DDoS,DDoS__SEG8__EP0,8,2017-07-07 03:56:00,2017-07-07 04:06:00,10,0
DDoS,DDoS__SEG8__EP0,8,2017-07-07 03:56:00,2017-07-07 04:11:00,15,0
DDoS,DDoS__SEG8__EP0,8,2017-07-07 03:57:00,2017-07-07 03:58:00,1,0
DDoS,DDoS__SEG8__EP0,8,2017-07-07 03:57:00,2017-07-07 04:02:00,5,0
DDoS,DDoS__SEG8__EP0,8,2017-07-07 03:57:00,2017-07-07 04:07:00,10,0
DDoS,DDoS__SEG8__EP0,8,2017-07-07 03:57:00,2017-07-07 04:12:00,15,0
DDoS,DDoS__SEG8__EP0,8,2017-07-07 03:58:00,2017-07-07 03:59:00,1,0
DDoS,DDoS__SEG8__EP0,8,2017-07-07 03:58:00,2017-07-07 04:03:00,5,0
DDoS,DDoS__SEG8__EP0,8,2017-07-07 03:58:00,2017-07-07 04:08:00,10,0
DDoS,DDoS__SEG8__EP0,8,2017-07-07 03:58:00,2017-07-07 04:13:00,15,0
DDoS,DDoS__SEG8__EP0,8,2017-07-07 03:59:00,2017-07-07 04:00:00,1,0
DDoS,DDoS__SEG8__EP0,8,2017-07-07 03:59:00,2017-07-07 04:04:00,5,0
DDoS,DDoS__SEG8__EP0,8,2017-07-07 03:59:00,2017-07-07 04:09:00,10,0
DDoS,DDoS__SEG8__EP0,8,2017-07-07 03:59:00,2017-07-07 04:14:00,15,0
DDoS,DDoS__SEG8__EP0,8,2017-07-07 04:00:00,2017-07-07 04:01:00,1,0
DDoS,DDoS__SEG8__EP0,8,2017-07-07 04:00:00,2017-07-07 04:05:00,5,0
DDoS,DDoS__SEG8__EP0,8,2017-07-07 04:00:00,2017-07-07 04:10:00,10,0
DDoS,DDoS__SEG8__EP0,8,2017-07-07 04:00:00,2017-07-07 04:15:00,15,0
DDoS,DDoS__SEG8__EP0,8,2017-07-07 04:01:00,2017-07-07 04:02:00,1,0
DDoS,DDoS__SEG8__EP0,8,2017-07-07 04:01:00,2017-07-07 04:06:00,5,0
DDoS,DDoS__SEG8__EP0,8,2017-07-07 04:01:00,2017-07-07 04:11:00,10,0
DDoS,DDoS__SEG8__EP0,8,2017-07-07 04:01:00,2017-07-07 04:16:00,15,0
DDoS,DDoS__SEG8__EP0,8,2017-07-07 04:02:00,2017-07-07 04:03:00,1,0
DDoS,DDoS__SEG8__EP0,8,2017-07-07 04:02:00,2017-07-07 04:07:00,5,0
DDoS,DDoS__SEG8__EP0,8,2017-07-07 04:02:00,2017-07-07 04:12:00,10,0
DDoS,DDoS__SEG8__EP0,8,2017-07-07 04:03:00,2017-07-07 04:04:00,1,0
DDoS,DDoS__SEG8__EP0,8,2017-07-07 04:03:00,2017-07-07 04:08:00,5,0
DDoS,DDoS__SEG8__EP0,8,2017-07-07 04:03:00,2017-07-07 04:13:00,10,0
DDoS,DDoS__SEG8__EP0,8,2017-07-07 04:04:00,2017-07-07 04:05:00,1,0
DDoS,DDoS__SEG8__EP0,8,2017-07-07 04:04:00,2017-07-07 04:09:00,5,0
DDoS,DDoS__SEG8__EP0,8,2017-07-07 04:04:00,2017-07-07 04:14:00,10,0
DDoS,DDoS__SEG8__EP0,8,2017-07-07 04:05:00,2017-07-07 04:06:00,1,0
DDoS,DDoS__SEG8__EP0,8,2017-07-07 04:05:00,2017-07-07 04:10:00,5,0
DDoS,DDoS__SEG8__EP0,8,2017-07-07 04:05:00,2017-07-07 04:15:00,10,0
DDoS,DDoS__SEG8__EP0,8,2017-07-07 04:06:00,2017-07-07 04:07:00,1,0
DDoS,DDoS__SEG8__EP0,8,2017-07-07 04:06:00,2017-07-07 04:11:00,5,0
DDoS,DDoS__SEG8__EP0,8,2017-07-07 04:06:00,2017-07-07 04:16:00,10,0
DDoS,DDoS__SEG8__EP0,8,2017-07-07 04:07:00,2017-07-07 04:08:00,1,0
DDoS,DDoS__SEG8__EP0,8,2017-07-07 04:07:00,2017-07-07 04:12:00,5,0
DDoS,DDoS__SEG8__EP0,8,2017-07-07 04:08:00,2017-07-07 04:09:00,1,0
DDoS,DDoS__SEG8__EP0,8,2017-07-07 04:08:00,2017-07-07 04:13:00,5,0
DDoS,DDoS__SEG8__EP0,8,2017-07-07 04:09:00,2017-07-07 04:10:00,1,0
DDoS,DDoS__SEG8__EP0,8,2017-07-07 04:09:00,2017-07-07 04:14:00,5,0
DDoS,DDoS__SEG8__EP0,8,2017-07-07 04:10:00,2017-07-07 04:11:00,1,0
DDoS,DDoS__SEG8__EP0,8,2017-07-07 04:10:00,2017-07-07 04:15:00,5,0
DDoS,DDoS__SEG8__EP0,8,2017-07-07 04:11:00,2017-07-07 04:12:00,1,0
DDoS,DDoS__SEG8__EP0,8,2017-07-07 04:11:00,2017-07-07 04:16:00,5,0
DDoS,DDoS__SEG8__EP0,8,2017-07-07 04:12:00,2017-07-07 04:13:00,1,0
DDoS,DDoS__SEG8__EP0,8,2017-07-07 04:13:00,2017-07-07 04:14:00,1,0
DDoS,DDoS__SEG8__EP0,8,2017-07-07 04:14:00,2017-07-07 04:15:00,1,0
DDoS,DDoS__SEG8__EP0,8,2017-07-07 04:15:00,2017-07-07 04:16:00,1,0
Bot,Bot__SEG9__EP0,9,2017-07-07 09:19:00,2017-07-07 09:34:00,15,1
Bot,Bot__SEG9__EP0,9,2017-07-07 09:20:00,2017-07-07 09:35:00,15,1
Bot,Bot__SEG9__EP0,9,2017-07-07 09:24:00,2017-07-07 09:34:00,10,1
Bot,Bot__SEG9__EP0,9,2017-07-07 09:25:00,2017-07-07 09:35:00,10,1
Bot,Bot__SEG9__EP0,9,2017-07-07 09:29:00,2017-07-07 09:34:00,5,1
Bot,Bot__SEG9__EP0,9,2017-07-07 09:30:00,2017-07-07 09:35:00,5,1
Bot,Bot__SEG9__EP0,9,2017-07-07 09:33:00,2017-07-07 09:34:00,1,1
Bot,Bot__SEG9__EP0,9,2017-07-07 09:34:00,2017-07-07 09:35:00,1,0
Bot,Bot__SEG9__EP1,9,2017-07-07 09:34:00,2017-07-07 10:04:00,30,0
Bot,Bot__SEG9__EP1,9,2017-07-07 09:35:00,2017-07-07 10:05:00,30,0
Bot,Bot__SEG9__EP1,9,2017-07-07 09:36:00,2017-07-07 10:06:00,30,0
Bot,Bot__SEG9__EP1,9,2017-07-07 09:37:00,2017-07-07 10:07:00,30,0
Bot,Bot__SEG9__EP1,9,2017-07-07 09:38:00,2017-07-07 10:08:00,30,0
Bot,Bot__SEG9__EP1,9,2017-07-07 09:39:00,2017-07-07 10:09:00,30,0
Bot,Bot__SEG9__EP1,9,2017-07-07 09:40:00,2017-07-07 10:10:00,30,0
Bot,Bot__SEG9__EP1,9,2017-07-07 09:41:00,2017-07-07 10:11:00,30,0
Bot,Bot__SEG9__EP1,9,2017-07-07 09:42:00,2017-07-07 10:12:00,30,0
Bot,Bot__SEG9__EP1,9,2017-07-07 09:43:00,2017-07-07 10:13:00,30,0
Bot,Bot__SEG9__EP1,9,2017-07-07 09:44:00,2017-07-07 10:14:00,30,0
Bot,Bot__SEG9__EP1,9,2017-07-07 09:45:00,2017-07-07 10:15:00,30,0
Bot,Bot__SEG9__EP1,9,2017-07-07 09:46:00,2017-07-07 10:16:00,30,0
Bot,Bot__SEG9__EP1,9,2017-07-07 09:47:00,2017-07-07 10:17:00,30,0
Bot,Bot__SEG9__EP1,9,2017-07-07 09:48:00,2017-07-07 10:18:00,30,0
Bot,Bot__SEG9__EP1,9,2017-07-07 09:49:00,2017-07-07 10:04:00,15,0
Bot,Bot__SEG9__EP1,9,2017-07-07 09:49:00,2017-07-07 10:19:00,30,0
Bot,Bot__SEG9__EP1,9,2017-07-07 09:50:00,2017-07-07 10:05:00,15,1
Bot,Bot__SEG9__EP1,9,2017-07-07 09:50:00,2017-07-07 10:20:00,30,1
Bot,Bot__SEG9__EP1,9,2017-07-07 09:51:00,2017-07-07 10:06:00,15,1
Bot,Bot__SEG9__EP1,9,2017-07-07 09:51:00,2017-07-07 10:21:00,30,1
Bot,Bot__SEG9__EP1,9,2017-07-07 09:52:00,2017-07-07 10:07:00,15,1
Bot,Bot__SEG9__EP1,9,2017-07-07 09:52:00,2017-07-07 10:22:00,30,1
Bot,Bot__SEG9__EP1,9,2017-07-07 09:53:00,2017-07-07 10:08:00,15,1
Bot,Bot__SEG9__EP1,9,2017-07-07 09:53:00,2017-07-07 10:23:00,30,1
Bot,Bot__SEG9__EP1,9,2017-07-07 09:54:00,2017-07-07 10:04:00,10,1
Bot,Bot__SEG9__EP1,9,2017-07-07 09:54:00,2017-07-07 10:09:00,15,1
Bot,Bot__SEG9__EP1,9,2017-07-07 09:54:00,2017-07-07 10:24:00,30,1
Bot,Bot__SEG9__EP1,9,2017-07-07 09:55:00,2017-07-07 10:05:00,10,1
Bot,Bot__SEG9__EP1,9,2017-07-07 09:55:00,2017-07-07 10:10:00,15,1
Bot,Bot__SEG9__EP1,9,2017-07-07 09:55:00,2017-07-07 10:25:00,30,1
Bot,Bot__SEG9__EP1,9,2017-07-07 09:56:00,2017-07-07 10:06:00,10,1
Bot,Bot__SEG9__EP1,9,2017-07-07 09:56:00,2017-07-07 10:11:00,15,1
Bot,Bot__SEG9__EP1,9,2017-07-07 09:56:00,2017-07-07 10:26:00,30,1
Bot,Bot__SEG9__EP1,9,2017-07-07 09:57:00,2017-07-07 10:07:00,10,1
Bot,Bot__SEG9__EP1,9,2017-07-07 09:57:00,2017-07-07 10:12:00,15,1
Bot,Bot__SEG9__EP1,9,2017-07-07 09:57:00,2017-07-07 10:27:00,30,1
Bot,Bot__SEG9__EP1,9,2017-07-07 09:58:00,2017-07-07 10:08:00,10,1
Bot,Bot__SEG9__EP1,9,2017-07-07 09:58:00,2017-07-07 10:13:00,15,1
Bot,Bot__SEG9__EP1,9,2017-07-07 09:58:00,2017-07-07 10:28:00,30,1
Bot,Bot__SEG9__EP1,9,2017-07-07 09:59:00,2017-07-07 10:04:00,5,1
Bot,Bot__SEG9__EP1,9,2017-07-07 09:59:00,2017-07-07 10:09:00,10,1
Bot,Bot__SEG9__EP1,9,2017-07-07 09:59:00,2017-07-07 10:14:00,15,1
Bot,Bot__SEG9__EP1,9,2017-07-07 09:59:00,2017-07-07 10:29:00,30,1
Bot,Bot__SEG9__EP1,9,2017-07-07 10:00:00,2017-07-07 10:05:00,5,1
Bot,Bot__SEG9__EP1,9,2017-07-07 10:00:00,2017-07-07 10:10:00,10,1
Bot,Bot__SEG9__EP1,9,2017-07-07 10:00:00,2017-07-07 10:15:00,15,1
Bot,Bot__SEG9__EP1,9,2017-07-07 10:00:00,2017-07-07 10:30:00,30,1
Bot,Bot__SEG9__EP1,9,2017-07-07 10:01:00,2017-07-07 10:06:00,5,1
Bot,Bot__SEG9__EP1,9,2017-07-07 10:01:00,2017-07-07 10:11:00,10,1
Bot,Bot__SEG9__EP1,9,2017-07-07 10:01:00,2017-07-07 10:16:00,15,1
Bot,Bot__SEG9__EP1,9,2017-07-07 10:01:00,2017-07-07 10:31:00,30,1
Bot,Bot__SEG9__EP1,9,2017-07-07 10:02:00,2017-07-07 10:07:00,5,1
Bot,Bot__SEG9__EP1,9,2017-07-07 10:02:00,2017-07-07 10:12:00,10,1
Bot,Bot__SEG9__EP1,9,2017-07-07 10:02:00,2017-07-07 10:17:00,15,1
Bot,Bot__SEG9__EP1,9,2017-07-07 10:02:00,2017-07-07 10:32:00,30,1
Bot,Bot__SEG9__EP1,9,2017-07-07 10:03:00,2017-07-07 10:04:00,1,1
Bot,Bot__SEG9__EP1,9,2017-07-07 10:03:00,2017-07-07 10:08:00,5,1
Bot,Bot__SEG9__EP1,9,2017-07-07 10:03:00,2017-07-07 10:13:00,10,1
Bot,Bot__SEG9__EP1,9,2017-07-07 10:03:00,2017-07-07 10:18:00,15,1
Bot,Bot__SEG9__EP1,9,2017-07-07 10:03:00,2017-07-07 10:33:00,30,1
Bot,Bot__SEG9__EP1,9,2017-07-07 10:04:00,2017-07-07 10:05:00,1,0
Bot,Bot__SEG9__EP1,9,2017-07-07 10:04:00,2017-07-07 10:09:00,5,0
Bot,Bot__SEG9__EP1,9,2017-07-07 10:04:00,2017-07-07 10:14:00,10,0
Bot,Bot__SEG9__EP1,9,2017-07-07 10:04:00,2017-07-07 10:19:00,15,0
Bot,Bot__SEG9__EP1,9,2017-07-07 10:04:00,2017-07-07 10:34:00,30,0
Bot,Bot__SEG9__EP1,9,2017-07-07 10:05:00,2017-07-07 10:06:00,1,0
Bot,Bot__SEG9__EP1,9,2017-07-07 10:05:00,2017-07-07 10:10:00,5,0
Bot,Bot__SEG9__EP1,9,2017-07-07 10:05:00,2017-07-07 10:15:00,10,0
Bot,Bot__SEG9__EP1,9,2017-07-07 10:05:00,2017-07-07 10:20:00,15,0
Bot,Bot__SEG9__EP1,9,2017-07-07 10:05:00,2017-07-07 10:35:00,30,0
Bot,Bot__SEG9__EP1,9,2017-07-07 10:06:00,2017-07-07 10:07:00,1,0
Bot,Bot__SEG9__EP1,9,2017-07-07 10:06:00,2017-07-07 10:11:00,5,0
Bot,Bot__SEG9__EP1,9,2017-07-07 10:06:00,2017-07-07 10:16:00,10,0
Bot,Bot__SEG9__EP1,9,2017-07-07 10:06:00,2017-07-07 10:21:00,15,0
Bot,Bot__SEG9__EP1,9,2017-07-07 10:06:00,2017-07-07 10:36:00,30,0
Bot,Bot__SEG9__EP1,9,2017-07-07 10:07:00,2017-07-07 10:08:00,1,0
Bot,Bot__SEG9__EP1,9,2017-07-07 10:07:00,2017-07-07 10:12:00,5,0
Bot,Bot__SEG9__EP1,9,2017-07-07 10:07:00,2017-07-07 10:17:00,10,0
Bot,Bot__SEG9__EP1,9,2017-07-07 10:07:00,2017-07-07 10:22:00,15,0
Bot,Bot__SEG9__EP1,9,2017-07-07 10:07:00,2017-07-07 10:37:00,30,0
Bot,Bot__SEG9__EP1,9,2017-07-07 10:08:00,2017-07-07 10:09:00,1,0
Bot,Bot__SEG9__EP1,9,2017-07-07 10:08:00,2017-07-07 10:13:00,5,0
Bot,Bot__SEG9__EP1,9,2017-07-07 10:08:00,2017-07-07 10:18:00,10,0
Bot,Bot__SEG9__EP1,9,2017-07-07 10:08:00,2017-07-07 10:23:00,15,0
Bot,Bot__SEG9__EP1,9,2017-07-07 10:08:00,2017-07-07 10:38:00,30,0
Bot,Bot__SEG9__EP1,9,2017-07-07 10:09:00,2017-07-07 10:10:00,1,0
Bot,Bot__SEG9__EP1,9,2017-07-07 10:09:00,2017-07-07 10:14:00,5,0
Bot,Bot__SEG9__EP1,9,2017-07-07 10:09:00,2017-07-07 10:19:00,10,0
Bot,Bot__SEG9__EP1,9,2017-07-07 10:09:00,2017-07-07 10:24:00,15,0
Bot,Bot__SEG9__EP1,9,2017-07-07 10:09:00,2017-07-07 10:39:00,30,0
Bot,Bot__SEG9__EP1,9,2017-07-07 10:10:00,2017-07-07 10:11:00,1,0
Bot,Bot__SEG9__EP1,9,2017-07-07 10:10:00,2017-07-07 10:15:00,5,0
Bot,Bot__SEG9__EP1,9,2017-07-07 10:10:00,2017-07-07 10:20:00,10,0
Bot,Bot__SEG9__EP1,9,2017-07-07 10:10:00,2017-07-07 10:25:00,15,0
Bot,Bot__SEG9__EP1,9,2017-07-07 10:10:00,2017-07-07 10:40:00,30,0
Bot,Bot__SEG9__EP1,9,2017-07-07 10:11:00,2017-07-07 10:12:00,1,0
Bot,Bot__SEG9__EP1,9,2017-07-07 10:11:00,2017-07-07 10:16:00,5,0
Bot,Bot__SEG9__EP1,9,2017-07-07 10:11:00,2017-07-07 10:21:00,10,0
Bot,Bot__SEG9__EP1,9,2017-07-07 10:11:00,2017-07-07 10:26:00,15,0
Bot,Bot__SEG9__EP1,9,2017-07-07 10:11:00,2017-07-07 10:41:00,30,0
Bot,Bot__SEG9__EP1,9,2017-07-07 10:12:00,2017-07-07 10:13:00,1,0
Bot,Bot__SEG9__EP1,9,2017-07-07 10:12:00,2017-07-07 10:17:00,5,0
Bot,Bot__SEG9__EP1,9,2017-07-07 10:12:00,2017-07-07 10:22:00,10,0
Bot,Bot__SEG9__EP1,9,2017-07-07 10:12:00,2017-07-07 10:27:00,15,0
Bot,Bot__SEG9__EP1,9,2017-07-07 10:12:00,2017-07-07 10:42:00,30,0
Bot,Bot__SEG9__EP1,9,2017-07-07 10:13:00,2017-07-07 10:14:00,1,0
Bot,Bot__SEG9__EP1,9,2017-07-07 10:13:00,2017-07-07 10:18:00,5,0
Bot,Bot__SEG9__EP1,9,2017-07-07 10:13:00,2017-07-07 10:23:00,10,0
Bot,Bot__SEG9__EP1,9,2017-07-07 10:13:00,2017-07-07 10:28:00,15,0
Bot,Bot__SEG9__EP1,9,2017-07-07 10:13:00,2017-07-07 10:43:00,30,0
Bot,Bot__SEG9__EP1,9,2017-07-07 10:14:00,2017-07-07 10:15:00,1,0
Bot,Bot__SEG9__EP1,9,2017-07-07 10:14:00,2017-07-07 10:19:00,5,0
Bot,Bot__SEG9__EP1,9,2017-07-07 10:14:00,2017-07-07 10:24:00,10,0
Bot,Bot__SEG9__EP1,9,2017-07-07 10:14:00,2017-07-07 10:29:00,15,0
Bot,Bot__SEG9__EP1,9,2017-07-07 10:14:00,2017-07-07 10:44:00,30,0
Bot,Bot__SEG9__EP1,9,2017-07-07 10:15:00,2017-07-07 10:16:00,1,0
Bot,Bot__SEG9__EP1,9,2017-07-07 10:15:00,2017-07-07 10:20:00,5,0
Bot,Bot__SEG9__EP1,9,2017-07-07 10:15:00,2017-07-07 10:25:00,10,0
Bot,Bot__SEG9__EP1,9,2017-07-07 10:15:00,2017-07-07 10:30:00,15,0
Bot,Bot__SEG9__EP1,9,2017-07-07 10:15:00,2017-07-07 10:45:00,30,0
Bot,Bot__SEG9__EP1,9,2017-07-07 10:16:00,2017-07-07 10:17:00,1,0
Bot,Bot__SEG9__EP1,9,2017-07-07 10:16:00,2017-07-07 10:21:00,5,0
Bot,Bot__SEG9__EP1,9,2017-07-07 10:16:00,2017-07-07 10:26:00,10,0
Bot,Bot__SEG9__EP1,9,2017-07-07 10:16:00,2017-07-07 10:31:00,15,0
Bot,Bot__SEG9__EP1,9,2017-07-07 10:16:00,2017-07-07 10:46:00,30,0
Bot,Bot__SEG9__EP1,9,2017-07-07 10:17:00,2017-07-07 10:18:00,1,0
Bot,Bot__SEG9__EP1,9,2017-07-07 10:17:00,2017-07-07 10:22:00,5,0
Bot,Bot__SEG9__EP1,9,2017-07-07 10:17:00,2017-07-07 10:27:00,10,0
Bot,Bot__SEG9__EP1,9,2017-07-07 10:17:00,2017-07-07 10:32:00,15,0
Bot,Bot__SEG9__EP1,9,2017-07-07 10:17:00,2017-07-07 10:47:00,30,0
Bot,Bot__SEG9__EP1,9,2017-07-07 10:18:00,2017-07-07 10:19:00,1,0
Bot,Bot__SEG9__EP1,9,2017-07-07 10:18:00,2017-07-07 10:23:00,5,0
Bot,Bot__SEG9__EP1,9,2017-07-07 10:18:00,2017-07-07 10:28:00,10,0
Bot,Bot__SEG9__EP1,9,2017-07-07 10:18:00,2017-07-07 10:33:00,15,0
Bot,Bot__SEG9__EP1,9,2017-07-07 10:18:00,2017-07-07 10:48:00,30,0
Bot,Bot__SEG9__EP1,9,2017-07-07 10:19:00,2017-07-07 10:20:00,1,0
Bot,Bot__SEG9__EP1,9,2017-07-07 10:19:00,2017-07-07 10:24:00,5,0
Bot,Bot__SEG9__EP1,9,2017-07-07 10:19:00,2017-07-07 10:29:00,10,0
Bot,Bot__SEG9__EP1,9,2017-07-07 10:19:00,2017-07-07 10:34:00,15,0
Bot,Bot__SEG9__EP1,9,2017-07-07 10:19:00,2017-07-07 10:49:00,30,0
Bot,Bot__SEG9__EP1,9,2017-07-07 10:20:00,2017-07-07 10:21:00,1,0
Bot,Bot__SEG9__EP1,9,2017-07-07 10:20:00,2017-07-07 10:25:00,5,0
Bot,Bot__SEG9__EP1,9,2017-07-07 10:20:00,2017-07-07 10:30:00,10,0
Bot,Bot__SEG9__EP1,9,2017-07-07 10:20:00,2017-07-07 10:35:00,15,0
Bot,Bot__SEG9__EP1,9,2017-07-07 10:20:00,2017-07-07 10:50:00,30,0
Bot,Bot__SEG9__EP1,9,2017-07-07 10:21:00,2017-07-07 10:22:00,1,0
Bot,Bot__SEG9__EP1,9,2017-07-07 10:21:00,2017-07-07 10:26:00,5,0
Bot,Bot__SEG9__EP1,9,2017-07-07 10:21:00,2017-07-07 10:31:00,10,0
Bot,Bot__SEG9__EP1,9,2017-07-07 10:21:00,2017-07-07 10:36:00,15,0
Bot,Bot__SEG9__EP1,9,2017-07-07 10:21:00,2017-07-07 10:51:00,30,0
Bot,Bot__SEG9__EP1,9,2017-07-07 10:22:00,2017-07-07 10:23:00,1,0
Bot,Bot__SEG9__EP1,9,2017-07-07 10:22:00,2017-07-07 10:27:00,5,0
Bot,Bot__SEG9__EP1,9,2017-07-07 10:22:00,2017-07-07 10:32:00,10,0
Bot,Bot__SEG9__EP1,9,2017-07-07 10:22:00,2017-07-07 10:37:00,15,0
Bot,Bot__SEG9__EP1,9,2017-07-07 10:22:00,2017-07-07 10:52:00,30,0
Bot,Bot__SEG9__EP1,9,2017-07-07 10:23:00,2017-07-07 10:24:00,1,0
Bot,Bot__SEG9__EP1,9,2017-07-07 10:23:00,2017-07-07 10:28:00,5,0
Bot,Bot__SEG9__EP1,9,2017-07-07 10:23:00,2017-07-07 10:33:00,10,0
Bot,Bot__SEG9__EP1,9,2017-07-07 10:23:00,2017-07-07 10:38:00,15,0
Bot,Bot__SEG9__EP1,9,2017-07-07 10:23:00,2017-07-07 10:53:00,30,0
Bot,Bot__SEG9__EP1,9,2017-07-07 10:24:00,2017-07-07 10:25:00,1,0
Bot,Bot__SEG9__EP1,9,2017-07-07 10:24:00,2017-07-07 10:29:00,5,0
Bot,Bot__SEG9__EP1,9,2017-07-07 10:24:00,2017-07-07 10:34:00,10,0
Bot,Bot__SEG9__EP1,9,2017-07-07 10:24:00,2017-07-07 10:39:00,15,0
Bot,Bot__SEG9__EP1,9,2017-07-07 10:24:00,2017-07-07 10:54:00,30,0
Bot,Bot__SEG9__EP1,9,2017-07-07 10:25:00,2017-07-07 10:26:00,1,0
Bot,Bot__SEG9__EP1,9,2017-07-07 10:25:00,2017-07-07 10:30:00,5,0
Bot,Bot__SEG9__EP1,9,2017-07-07 10:25:00,2017-07-07 10:35:00,10,0
Bot,Bot__SEG9__EP1,9,2017-07-07 10:25:00,2017-07-07 10:40:00,15,0
Bot,Bot__SEG9__EP1,9,2017-07-07 10:25:00,2017-07-07 10:55:00,30,0
Bot,Bot__SEG9__EP1,9,2017-07-07 10:26:00,2017-07-07 10:27:00,1,0
Bot,Bot__SEG9__EP1,9,2017-07-07 10:26:00,2017-07-07 10:31:00,5,0
Bot,Bot__SEG9__EP1,9,2017-07-07 10:26:00,2017-07-07 10:36:00,10,0
Bot,Bot__SEG9__EP1,9,2017-07-07 10:26:00,2017-07-07 10:41:00,15,0
Bot,Bot__SEG9__EP1,9,2017-07-07 10:26:00,2017-07-07 10:56:00,30,0
Bot,Bot__SEG9__EP1,9,2017-07-07 10:27:00,2017-07-07 10:28:00,1,0
Bot,Bot__SEG9__EP1,9,2017-07-07 10:27:00,2017-07-07 10:32:00,5,0
Bot,Bot__SEG9__EP1,9,2017-07-07 10:27:00,2017-07-07 10:37:00,10,0
Bot,Bot__SEG9__EP1,9,2017-07-07 10:27:00,2017-07-07 10:42:00,15,0
Bot,Bot__SEG9__EP1,9,2017-07-07 10:27:00,2017-07-07 10:57:00,30,0
Bot,Bot__SEG9__EP1,9,2017-07-07 10:28:00,2017-07-07 10:29:00,1,0
Bot,Bot__SEG9__EP1,9,2017-07-07 10:28:00,2017-07-07 10:33:00,5,0
Bot,Bot__SEG9__EP1,9,2017-07-07 10:28:00,2017-07-07 10:38:00,10,0
Bot,Bot__SEG9__EP1,9,2017-07-07 10:28:00,2017-07-07 10:43:00,15,0
Bot,Bot__SEG9__EP1,9,2017-07-07 10:28:00,2017-07-07 10:58:00,30,0
Bot,Bot__SEG9__EP1,9,2017-07-07 10:29:00,2017-07-07 10:30:00,1,0
Bot,Bot__SEG9__EP1,9,2017-07-07 10:29:00,2017-07-07 10:34:00,5,0
Bot,Bot__SEG9__EP1,9,2017-07-07 10:29:00,2017-07-07 10:39:00,10,0
Bot,Bot__SEG9__EP1,9,2017-07-07 10:29:00,2017-07-07 10:44:00,15,0
Bot,Bot__SEG9__EP1,9,2017-07-07 10:29:00,2017-07-07 10:59:00,30,0
Bot,Bot__SEG9__EP1,9,2017-07-07 10:30:00,2017-07-07 10:31:00,1,0
Bot,Bot__SEG9__EP1,9,2017-07-07 10:30:00,2017-07-07 10:35:00,5,0
Bot,Bot__SEG9__EP1,9,2017-07-07 10:30:00,2017-07-07 10:40:00,10,0
Bot,Bot__SEG9__EP1,9,2017-07-07 10:30:00,2017-07-07 10:45:00,15,0
Bot,Bot__SEG9__EP1,9,2017-07-07 10:30:00,2017-07-07 11:00:00,30,0
Bot,Bot__SEG9__EP1,9,2017-07-07 10:31:00,2017-07-07 10:32:00,1,0
Bot,Bot__SEG9__EP1,9,2017-07-07 10:31:00,2017-07-07 10:36:00,5,0
Bot,Bot__SEG9__EP1,9,2017-07-07 10:31:00,2017-07-07 10:41:00,10,0
Bot,Bot__SEG9__EP1,9,2017-07-07 10:31:00,2017-07-07 10:46:00,15,0
Bot,Bot__SEG9__EP1,9,2017-07-07 10:31:00,2017-07-07 11:01:00,30,0
Bot,Bot__SEG9__EP1,9,2017-07-07 10:32:00,2017-07-07 10:33:00,1,0
Bot,Bot__SEG9__EP1,9,2017-07-07 10:32:00,2017-07-07 10:37:00,5,0
Bot,Bot__SEG9__EP1,9,2017-07-07 10:32:00,2017-07-07 10:42:00,10,0
Bot,Bot__SEG9__EP1,9,2017-07-07 10:32:00,2017-07-07 10:47:00,15,0
Bot,Bot__SEG9__EP1,9,2017-07-07 10:32:00,2017-07-07 11:02:00,30,0
Bot,Bot__SEG9__EP1,9,2017-07-07 10:33:00,2017-07-07 10:34:00,1,0
Bot,Bot__SEG9__EP1,9,2017-07-07 10:33:00,2017-07-07 10:38:00,5,0
Bot,Bot__SEG9__EP1,9,2017-07-07 10:33:00,2017-07-07 10:43:00,10,0
Bot,Bot__SEG9__EP1,9,2017-07-07 10:33:00,2017-07-07 10:48:00,15,0
Bot,Bot__SEG9__EP1,9,2017-07-07 10:33:00,2017-07-07 11:03:00,30,0
Bot,Bot__SEG9__EP1,9,2017-07-07 10:34:00,2017-07-07 10:35:00,1,0
Bot,Bot__SEG9__EP1,9,2017-07-07 10:34:00,2017-07-07 10:39:00,5,0
Bot,Bot__SEG9__EP1,9,2017-07-07 10:34:00,2017-07-07 10:44:00,10,0
Bot,Bot__SEG9__EP1,9,2017-07-07 10:34:00,2017-07-07 10:49:00,15,0
Bot,Bot__SEG9__EP1,9,2017-07-07 10:34:00,2017-07-07 11:04:00,30,0
Bot,Bot__SEG9__EP1,9,2017-07-07 10:35:00,2017-07-07 10:36:00,1,0
Bot,Bot__SEG9__EP1,9,2017-07-07 10:35:00,2017-07-07 10:40:00,5,0
Bot,Bot__SEG9__EP1,9,2017-07-07 10:35:00,2017-07-07 10:45:00,10,0
Bot,Bot__SEG9__EP1,9,2017-07-07 10:35:00,2017-07-07 10:50:00,15,0
Bot,Bot__SEG9__EP1,9,2017-07-07 10:35:00,2017-07-07 11:05:00,30,0
Bot,Bot__SEG9__EP1,9,2017-07-07 10:36:00,2017-07-07 10:37:00,1,0
Bot,Bot__SEG9__EP1,9,2017-07-07 10:36:00,2017-07-07 10:41:00,5,0
Bot,Bot__SEG9__EP1,9,2017-07-07 10:36:00,2017-07-07 10:46:00,10,0
Bot,Bot__SEG9__EP1,9,2017-07-07 10:36:00,2017-07-07 10:51:00,15,0
Bot,Bot__SEG9__EP1,9,2017-07-07 10:36:00,2017-07-07 11:06:00,30,0
Bot,Bot__SEG9__EP1,9,2017-07-07 10:37:00,2017-07-07 10:38:00,1,0
Bot,Bot__SEG9__EP1,9,2017-07-07 10:37:00,2017-07-07 10:42:00,5,0
Bot,Bot__SEG9__EP1,9,2017-07-07 10:37:00,2017-07-07 10:47:00,10,0
Bot,Bot__SEG9__EP1,9,2017-07-07 10:37:00,2017-07-07 10:52:00,15,0
Bot,Bot__SEG9__EP1,9,2017-07-07 10:37:00,2017-07-07 11:07:00,30,0
Bot,Bot__SEG9__EP1,9,2017-07-07 10:38:00,2017-07-07 10:39:00,1,0
Bot,Bot__SEG9__EP1,9,2017-07-07 10:38:00,2017-07-07 10:43:00,5,0
Bot,Bot__SEG9__EP1,9,2017-07-07 10:38:00,2017-07-07 10:48:00,10,0
Bot,Bot__SEG9__EP1,9,2017-07-07 10:38:00,2017-07-07 10:53:00,15,0
Bot,Bot__SEG9__EP1,9,2017-07-07 10:38:00,2017-07-07 11:08:00,30,0
Bot,Bot__SEG9__EP1,9,2017-07-07 10:39:00,2017-07-07 10:40:00,1,0
Bot,Bot__SEG9__EP1,9,2017-07-07 10:39:00,2017-07-07 10:44:00,5,0
Bot,Bot__SEG9__EP1,9,2017-07-07 10:39:00,2017-07-07 10:49:00,10,0
Bot,Bot__SEG9__EP1,9,2017-07-07 10:39:00,2017-07-07 10:54:00,15,0
Bot,Bot__SEG9__EP1,9,2017-07-07 10:39:00,2017-07-07 11:09:00,30,0
Bot,Bot__SEG9__EP1,9,2017-07-07 10:40:00,2017-07-07 10:41:00,1,0
Bot,Bot__SEG9__EP1,9,2017-07-07 10:40:00,2017-07-07 10:45:00,5,0
Bot,Bot__SEG9__EP1,9,2017-07-07 10:40:00,2017-07-07 10:50:00,10,0
Bot,Bot__SEG9__EP1,9,2017-07-07 10:40:00,2017-07-07 10:55:00,15,0
Bot,Bot__SEG9__EP1,9,2017-07-07 10:40:00,2017-07-07 11:10:00,30,0
Bot,Bot__SEG9__EP1,9,2017-07-07 10:41:00,2017-07-07 10:42:00,1,0
Bot,Bot__SEG9__EP1,9,2017-07-07 10:41:00,2017-07-07 10:46:00,5,0
Bot,Bot__SEG9__EP1,9,2017-07-07 10:41:00,2017-07-07 10:51:00,10,0
Bot,Bot__SEG9__EP1,9,2017-07-07 10:41:00,2017-07-07 10:56:00,15,0
Bot,Bot__SEG9__EP1,9,2017-07-07 10:41:00,2017-07-07 11:11:00,30,0
Bot,Bot__SEG9__EP1,9,2017-07-07 10:42:00,2017-07-07 10:43:00,1,0
Bot,Bot__SEG9__EP1,9,2017-07-07 10:42:00,2017-07-07 10:47:00,5,0
Bot,Bot__SEG9__EP1,9,2017-07-07 10:42:00,2017-07-07 10:52:00,10,0
Bot,Bot__SEG9__EP1,9,2017-07-07 10:42:00,2017-07-07 10:57:00,15,0
Bot,Bot__SEG9__EP1,9,2017-07-07 10:42:00,2017-07-07 11:12:00,30,0
Bot,Bot__SEG9__EP1,9,2017-07-07 10:43:00,2017-07-07 10:44:00,1,0
Bot,Bot__SEG9__EP1,9,2017-07-07 10:43:00,2017-07-07 10:48:00,5,0
Bot,Bot__SEG9__EP1,9,2017-07-07 10:43:00,2017-07-07 10:53:00,10,0
Bot,Bot__SEG9__EP1,9,2017-07-07 10:43:00,2017-07-07 10:58:00,15,0
Bot,Bot__SEG9__EP1,9,2017-07-07 10:43:00,2017-07-07 11:13:00,30,0
Bot,Bot__SEG9__EP1,9,2017-07-07 10:44:00,2017-07-07 10:45:00,1,0
Bot,Bot__SEG9__EP1,9,2017-07-07 10:44:00,2017-07-07 10:49:00,5,0
Bot,Bot__SEG9__EP1,9,2017-07-07 10:44:00,2017-07-07 10:54:00,10,0
Bot,Bot__SEG9__EP1,9,2017-07-07 10:44:00,2017-07-07 10:59:00,15,0
Bot,Bot__SEG9__EP1,9,2017-07-07 10:45:00,2017-07-07 10:46:00,1,0
Bot,Bot__SEG9__EP1,9,2017-07-07 10:45:00,2017-07-07 10:50:00,5,0
Bot,Bot__SEG9__EP1,9,2017-07-07 10:45:00,2017-07-07 10:55:00,10,0
Bot,Bot__SEG9__EP1,9,2017-07-07 10:45:00,2017-07-07 11:00:00,15,0
Bot,Bot__SEG9__EP1,9,2017-07-07 10:45:00,2017-07-07 11:15:00,30,0
Bot,Bot__SEG9__EP1,9,2017-07-07 10:46:00,2017-07-07 10:47:00,1,0
Bot,Bot__SEG9__EP1,9,2017-07-07 10:46:00,2017-07-07 10:51:00,5,0
Bot,Bot__SEG9__EP1,9,2017-07-07 10:46:00,2017-07-07 10:56:00,10,0
Bot,Bot__SEG9__EP1,9,2017-07-07 10:46:00,2017-07-07 11:01:00,15,0
Bot,Bot__SEG9__EP1,9,2017-07-07 10:46:00,2017-07-07 11:16:00,30,0
Bot,Bot__SEG9__EP1,9,2017-07-07 10:47:00,2017-07-07 10:48:00,1,0
Bot,Bot__SEG9__EP1,9,2017-07-07 10:47:00,2017-07-07 10:52:00,5,0
Bot,Bot__SEG9__EP1,9,2017-07-07 10:47:00,2017-07-07 10:57:00,10,0
Bot,Bot__SEG9__EP1,9,2017-07-07 10:47:00,2017-07-07 11:02:00,15,0
Bot,Bot__SEG9__EP1,9,2017-07-07 10:47:00,2017-07-07 11:17:00,30,0
Bot,Bot__SEG9__EP1,9,2017-07-07 10:48:00,2017-07-07 10:49:00,1,0
Bot,Bot__SEG9__EP1,9,2017-07-07 10:48:00,2017-07-07 10:53:00,5,0
Bot,Bot__SEG9__EP1,9,2017-07-07 10:48:00,2017-07-07 10:58:00,10,0
Bot,Bot__SEG9__EP1,9,2017-07-07 10:48:00,2017-07-07 11:03:00,15,0
Bot,Bot__SEG9__EP1,9,2017-07-07 10:48:00,2017-07-07 11:18:00,30,0
Bot,Bot__SEG9__EP1,9,2017-07-07 10:49:00,2017-07-07 10:50:00,1,0
Bot,Bot__SEG9__EP1,9,2017-07-07 10:49:00,2017-07-07 10:54:00,5,0
Bot,Bot__SEG9__EP1,9,2017-07-07 10:49:00,2017-07-07 10:59:00,10,0
Bot,Bot__SEG9__EP1,9,2017-07-07 10:49:00,2017-07-07 11:04:00,15,0
Bot,Bot__SEG9__EP1,9,2017-07-07 10:50:00,2017-07-07 10:51:00,1,0
Bot,Bot__SEG9__EP1,9,2017-07-07 10:50:00,2017-07-07 10:55:00,5,0
Bot,Bot__SEG9__EP1,9,2017-07-07 10:50:00,2017-07-07 11:00:00,10,0
Bot,Bot__SEG9__EP1,9,2017-07-07 10:50:00,2017-07-07 11:05:00,15,0
Bot,Bot__SEG9__EP1,9,2017-07-07 10:50:00,2017-07-07 11:20:00,30,0
Bot,Bot__SEG9__EP1,9,2017-07-07 10:51:00,2017-07-07 10:52:00,1,0
Bot,Bot__SEG9__EP1,9,2017-07-07 10:51:00,2017-07-07 10:56:00,5,0
Bot,Bot__SEG9__EP1,9,2017-07-07 10:51:00,2017-07-07 11:01:00,10,0
Bot,Bot__SEG9__EP1,9,2017-07-07 10:51:00,2017-07-07 11:06:00,15,0
Bot,Bot__SEG9__EP1,9,2017-07-07 10:51:00,2017-07-07 11:21:00,30,0
Bot,Bot__SEG9__EP1,9,2017-07-07 10:52:00,2017-07-07 10:53:00,1,0
Bot,Bot__SEG9__EP1,9,2017-07-07 10:52:00,2017-07-07 10:57:00,5,0
Bot,Bot__SEG9__EP1,9,2017-07-07 10:52:00,2017-07-07 11:02:00,10,0
Bot,Bot__SEG9__EP1,9,2017-07-07 10:52:00,2017-07-07 11:07:00,15,0
Bot,Bot__SEG9__EP1,9,2017-07-07 10:52:00,2017-07-07 11:22:00,30,0
Bot,Bot__SEG9__EP1,9,2017-07-07 10:53:00,2017-07-07 10:54:00,1,0
Bot,Bot__SEG9__EP1,9,2017-07-07 10:53:00,2017-07-07 10:58:00,5,0
Bot,Bot__SEG9__EP1,9,2017-07-07 10:53:00,2017-07-07 11:03:00,10,0
Bot,Bot__SEG9__EP1,9,2017-07-07 10:53:00,2017-07-07 11:08:00,15,0
Bot,Bot__SEG9__EP1,9,2017-07-07 10:53:00,2017-07-07 11:23:00,30,0
Bot,Bot__SEG9__EP1,9,2017-07-07 10:54:00,2017-07-07 10:55:00,1,0
Bot,Bot__SEG9__EP1,9,2017-07-07 10:54:00,2017-07-07 10:59:00,5,0
Bot,Bot__SEG9__EP1,9,2017-07-07 10:54:00,2017-07-07 11:04:00,10,0
Bot,Bot__SEG9__EP1,9,2017-07-07 10:54:00,2017-07-07 11:09:00,15,0
Bot,Bot__SEG9__EP1,9,2017-07-07 10:55:00,2017-07-07 10:56:00,1,0
Bot,Bot__SEG9__EP1,9,2017-07-07 10:55:00,2017-07-07 11:00:00,5,0
Bot,Bot__SEG9__EP1,9,2017-07-07 10:55:00,2017-07-07 11:05:00,10,0
Bot,Bot__SEG9__EP1,9,2017-07-07 10:55:00,2017-07-07 11:10:00,15,0
Bot,Bot__SEG9__EP1,9,2017-07-07 10:55:00,2017-07-07 11:25:00,30,0
Bot,Bot__SEG9__EP1,9,2017-07-07 10:56:00,2017-07-07 10:57:00,1,0
Bot,Bot__SEG9__EP1,9,2017-07-07 10:56:00,2017-07-07 11:01:00,5,0
Bot,Bot__SEG9__EP1,9,2017-07-07 10:56:00,2017-07-07 11:06:00,10,0
Bot,Bot__SEG9__EP1,9,2017-07-07 10:56:00,2017-07-07 11:11:00,15,0
Bot,Bot__SEG9__EP1,9,2017-07-07 10:56:00,2017-07-07 11:26:00,30,0
Bot,Bot__SEG9__EP1,9,2017-07-07 10:57:00,2017-07-07 10:58:00,1,0
Bot,Bot__SEG9__EP1,9,2017-07-07 10:57:00,2017-07-07 11:02:00,5,0
Bot,Bot__SEG9__EP1,9,2017-07-07 10:57:00,2017-07-07 11:07:00,10,0
Bot,Bot__SEG9__EP1,9,2017-07-07 10:57:00,2017-07-07 11:12:00,15,0
Bot,Bot__SEG9__EP1,9,2017-07-07 10:57:00,2017-07-07 11:27:00,30,0
Bot,Bot__SEG9__EP1,9,2017-07-07 10:58:00,2017-07-07 10:59:00,1,0
Bot,Bot__SEG9__EP1,9,2017-07-07 10:58:00,2017-07-07 11:03:00,5,0
Bot,Bot__SEG9__EP1,9,2017-07-07 10:58:00,2017-07-07 11:08:00,10,0
Bot,Bot__SEG9__EP1,9,2017-07-07 10:58:00,2017-07-07 11:13:00,15,0
Bot,Bot__SEG9__EP1,9,2017-07-07 10:58:00,2017-07-07 11:28:00,30,0
Bot,Bot__SEG9__EP1,9,2017-07-07 10:59:00,2017-07-07 11:00:00,1,0
Bot,Bot__SEG9__EP1,9,2017-07-07 10:59:00,2017-07-07 11:04:00,5,0
Bot,Bot__SEG9__EP1,9,2017-07-07 10:59:00,2017-07-07 11:09:00,10,0
Bot,Bot__SEG9__EP1,9,2017-07-07 11:00:00,2017-07-07 11:01:00,1,0
Bot,Bot__SEG9__EP1,9,2017-07-07 11:00:00,2017-07-07 11:05:00,5,0
Bot,Bot__SEG9__EP1,9,2017-07-07 11:00:00,2017-07-07 11:10:00,10,0
Bot,Bot__SEG9__EP1,9,2017-07-07 11:00:00,2017-07-07 11:15:00,15,0
Bot,Bot__SEG9__EP1,9,2017-07-07 11:00:00,2017-07-07 11:30:00,30,0
Bot,Bot__SEG9__EP1,9,2017-07-07 11:01:00,2017-07-07 11:02:00,1,0
Bot,Bot__SEG9__EP1,9,2017-07-07 11:01:00,2017-07-07 11:06:00,5,0
Bot,Bot__SEG9__EP1,9,2017-07-07 11:01:00,2017-07-07 11:11:00,10,0
Bot,Bot__SEG9__EP1,9,2017-07-07 11:01:00,2017-07-07 11:16:00,15,0
Bot,Bot__SEG9__EP1,9,2017-07-07 11:01:00,2017-07-07 11:31:00,30,0
Bot,Bot__SEG9__EP1,9,2017-07-07 11:02:00,2017-07-07 11:03:00,1,0
Bot,Bot__SEG9__EP1,9,2017-07-07 11:02:00,2017-07-07 11:07:00,5,0
Bot,Bot__SEG9__EP1,9,2017-07-07 11:02:00,2017-07-07 11:12:00,10,0
Bot,Bot__SEG9__EP1,9,2017-07-07 11:02:00,2017-07-07 11:17:00,15,0
Bot,Bot__SEG9__EP1,9,2017-07-07 11:02:00,2017-07-07 11:32:00,30,0
Bot,Bot__SEG9__EP1,9,2017-07-07 11:03:00,2017-07-07 11:04:00,1,0
Bot,Bot__SEG9__EP1,9,2017-07-07 11:03:00,2017-07-07 11:08:00,5,0
Bot,Bot__SEG9__EP1,9,2017-07-07 11:03:00,2017-07-07 11:13:00,10,0
Bot,Bot__SEG9__EP1,9,2017-07-07 11:03:00,2017-07-07 11:18:00,15,0
Bot,Bot__SEG9__EP1,9,2017-07-07 11:03:00,2017-07-07 11:33:00,30,0
Bot,Bot__SEG9__EP1,9,2017-07-07 11:04:00,2017-07-07 11:05:00,1,0
Bot,Bot__SEG9__EP1,9,2017-07-07 11:04:00,2017-07-07 11:09:00,5,0
Bot,Bot__SEG9__EP1,9,2017-07-07 11:04:00,2017-07-07 11:34:00,30,0
Bot,Bot__SEG9__EP1,9,2017-07-07 11:05:00,2017-07-07 11:06:00,1,0
Bot,Bot__SEG9__EP1,9,2017-07-07 11:05:00,2017-07-07 11:10:00,5,0
Bot,Bot__SEG9__EP1,9,2017-07-07 11:05:00,2017-07-07 11:15:00,10,0
Bot,Bot__SEG9__EP1,9,2017-07-07 11:05:00,2017-07-07 11:20:00,15,0
Bot,Bot__SEG9__EP1,9,2017-07-07 11:05:00,2017-07-07 11:35:00,30,0
Bot,Bot__SEG9__EP1,9,2017-07-07 11:06:00,2017-07-07 11:07:00,1,0
Bot,Bot__SEG9__EP1,9,2017-07-07 11:06:00,2017-07-07 11:11:00,5,0
Bot,Bot__SEG9__EP1,9,2017-07-07 11:06:00,2017-07-07 11:16:00,10,0
Bot,Bot__SEG9__EP1,9,2017-07-07 11:06:00,2017-07-07 11:21:00,15,0
Bot,Bot__SEG9__EP1,9,2017-07-07 11:06:00,2017-07-07 11:36:00,30,0
Bot,Bot__SEG9__EP1,9,2017-07-07 11:07:00,2017-07-07 11:08:00,1,0
Bot,Bot__SEG9__EP1,9,2017-07-07 11:07:00,2017-07-07 11:12:00,5,0
Bot,Bot__SEG9__EP1,9,2017-07-07 11:07:00,2017-07-07 11:17:00,10,0
Bot,Bot__SEG9__EP1,9,2017-07-07 11:07:00,2017-07-07 11:22:00,15,0
Bot,Bot__SEG9__EP1,9,2017-07-07 11:07:00,2017-07-07 11:37:00,30,0
Bot,Bot__SEG9__EP1,9,2017-07-07 11:08:00,2017-07-07 11:09:00,1,0
Bot,Bot__SEG9__EP1,9,2017-07-07 11:08:00,2017-07-07 11:13:00,5,0
Bot,Bot__SEG9__EP1,9,2017-07-07 11:08:00,2017-07-07 11:18:00,10,0
Bot,Bot__SEG9__EP1,9,2017-07-07 11:08:00,2017-07-07 11:23:00,15,0
Bot,Bot__SEG9__EP1,9,2017-07-07 11:08:00,2017-07-07 11:38:00,30,0
Bot,Bot__SEG9__EP1,9,2017-07-07 11:09:00,2017-07-07 11:10:00,1,0
Bot,Bot__SEG9__EP1,9,2017-07-07 11:09:00,2017-07-07 11:39:00,30,0
Bot,Bot__SEG9__EP1,9,2017-07-07 11:10:00,2017-07-07 11:11:00,1,0
Bot,Bot__SEG9__EP1,9,2017-07-07 11:10:00,2017-07-07 11:15:00,5,0
Bot,Bot__SEG9__EP1,9,2017-07-07 11:10:00,2017-07-07 11:20:00,10,0
Bot,Bot__SEG9__EP1,9,2017-07-07 11:10:00,2017-07-07 11:25:00,15,0
Bot,Bot__SEG9__EP1,9,2017-07-07 11:10:00,2017-07-07 11:40:00,30,0
Bot,Bot__SEG9__EP1,9,2017-07-07 11:11:00,2017-07-07 11:12:00,1,0
Bot,Bot__SEG9__EP1,9,2017-07-07 11:11:00,2017-07-07 11:16:00,5,0
Bot,Bot__SEG9__EP1,9,2017-07-07 11:11:00,2017-07-07 11:21:00,10,0
Bot,Bot__SEG9__EP1,9,2017-07-07 11:11:00,2017-07-07 11:26:00,15,0
Bot,Bot__SEG9__EP1,9,2017-07-07 11:11:00,2017-07-07 11:41:00,30,0
Bot,Bot__SEG9__EP1,9,2017-07-07 11:12:00,2017-07-07 11:13:00,1,0
Bot,Bot__SEG9__EP1,9,2017-07-07 11:12:00,2017-07-07 11:17:00,5,0
Bot,Bot__SEG9__EP1,9,2017-07-07 11:12:00,2017-07-07 11:22:00,10,0
Bot,Bot__SEG9__EP1,9,2017-07-07 11:12:00,2017-07-07 11:27:00,15,0
Bot,Bot__SEG9__EP1,9,2017-07-07 11:12:00,2017-07-07 11:42:00,30,0
Bot,Bot__SEG9__EP1,9,2017-07-07 11:13:00,2017-07-07 11:18:00,5,0
Bot,Bot__SEG9__EP1,9,2017-07-07 11:13:00,2017-07-07 11:23:00,10,0
Bot,Bot__SEG9__EP1,9,2017-07-07 11:13:00,2017-07-07 11:28:00,15,0
Bot,Bot__SEG9__EP1,9,2017-07-07 11:13:00,2017-07-07 11:43:00,30,0
Bot,Bot__SEG9__EP1,9,2017-07-07 11:14:00,2017-07-07 11:15:00,1,0
Bot,Bot__SEG9__EP1,9,2017-07-07 11:14:00,2017-07-07 11:44:00,30,0
Bot,Bot__SEG9__EP1,9,2017-07-07 11:15:00,2017-07-07 11:16:00,1,0
Bot,Bot__SEG9__EP1,9,2017-07-07 11:15:00,2017-07-07 11:20:00,5,0
Bot,Bot__SEG9__EP1,9,2017-07-07 11:15:00,2017-07-07 11:25:00,10,0
Bot,Bot__SEG9__EP1,9,2017-07-07 11:15:00,2017-07-07 11:30:00,15,0
Bot,Bot__SEG9__EP1,9,2017-07-07 11:15:00,2017-07-07 11:45:00,30,0
Bot,Bot__SEG9__EP1,9,2017-07-07 11:16:00,2017-07-07 11:17:00,1,0
Bot,Bot__SEG9__EP1,9,2017-07-07 11:16:00,2017-07-07 11:21:00,5,0
Bot,Bot__SEG9__EP1,9,2017-07-07 11:16:00,2017-07-07 11:26:00,10,0
Bot,Bot__SEG9__EP1,9,2017-07-07 11:16:00,2017-07-07 11:31:00,15,0
Bot,Bot__SEG9__EP1,9,2017-07-07 11:17:00,2017-07-07 11:18:00,1,0
Bot,Bot__SEG9__EP1,9,2017-07-07 11:17:00,2017-07-07 11:22:00,5,0
Bot,Bot__SEG9__EP1,9,2017-07-07 11:17:00,2017-07-07 11:27:00,10,0
Bot,Bot__SEG9__EP1,9,2017-07-07 11:17:00,2017-07-07 11:32:00,15,0
Bot,Bot__SEG9__EP1,9,2017-07-07 11:17:00,2017-07-07 11:47:00,30,0
Bot,Bot__SEG9__EP1,9,2017-07-07 11:18:00,2017-07-07 11:23:00,5,0
Bot,Bot__SEG9__EP1,9,2017-07-07 11:18:00,2017-07-07 11:28:00,10,0
Bot,Bot__SEG9__EP1,9,2017-07-07 11:18:00,2017-07-07 11:33:00,15,0
Bot,Bot__SEG9__EP1,9,2017-07-07 11:18:00,2017-07-07 11:48:00,30,0
Bot,Bot__SEG9__EP1,9,2017-07-07 11:19:00,2017-07-07 11:20:00,1,0
Bot,Bot__SEG9__EP1,9,2017-07-07 11:19:00,2017-07-07 11:34:00,15,0
Bot,Bot__SEG9__EP1,9,2017-07-07 11:19:00,2017-07-07 11:49:00,30,0
Bot,Bot__SEG9__EP1,9,2017-07-07 11:20:00,2017-07-07 11:21:00,1,0
Bot,Bot__SEG9__EP1,9,2017-07-07 11:20:00,2017-07-07 11:25:00,5,0
Bot,Bot__SEG9__EP1,9,2017-07-07 11:20:00,2017-07-07 11:30:00,10,0
Bot,Bot__SEG9__EP1,9,2017-07-07 11:20:00,2017-07-07 11:35:00,15,0
Bot,Bot__SEG9__EP1,9,2017-07-07 11:20:00,2017-07-07 11:50:00,30,0
Bot,Bot__SEG9__EP1,9,2017-07-07 11:21:00,2017-07-07 11:22:00,1,0
Bot,Bot__SEG9__EP1,9,2017-07-07 11:21:00,2017-07-07 11:26:00,5,0
Bot,Bot__SEG9__EP1,9,2017-07-07 11:21:00,2017-07-07 11:31:00,10,0
Bot,Bot__SEG9__EP1,9,2017-07-07 11:21:00,2017-07-07 11:36:00,15,0
Bot,Bot__SEG9__EP1,9,2017-07-07 11:22:00,2017-07-07 11:23:00,1,0
Bot,Bot__SEG9__EP1,9,2017-07-07 11:22:00,2017-07-07 11:27:00,5,0
Bot,Bot__SEG9__EP1,9,2017-07-07 11:22:00,2017-07-07 11:32:00,10,0
Bot,Bot__SEG9__EP1,9,2017-07-07 11:22:00,2017-07-07 11:37:00,15,0
Bot,Bot__SEG9__EP1,9,2017-07-07 11:22:00,2017-07-07 11:52:00,30,0
Bot,Bot__SEG9__EP1,9,2017-07-07 11:23:00,2017-07-07 11:28:00,5,0
Bot,Bot__SEG9__EP1,9,2017-07-07 11:23:00,2017-07-07 11:33:00,10,0
Bot,Bot__SEG9__EP1,9,2017-07-07 11:23:00,2017-07-07 11:38:00,15,0
Bot,Bot__SEG9__EP1,9,2017-07-07 11:23:00,2017-07-07 11:53:00,30,0
Bot,Bot__SEG9__EP1,9,2017-07-07 11:24:00,2017-07-07 11:25:00,1,0
Bot,Bot__SEG9__EP1,9,2017-07-07 11:24:00,2017-07-07 11:34:00,10,0
Bot,Bot__SEG9__EP1,9,2017-07-07 11:24:00,2017-07-07 11:39:00,15,0
Bot,Bot__SEG9__EP1,9,2017-07-07 11:24:00,2017-07-07 11:54:00,30,0
Bot,Bot__SEG9__EP1,9,2017-07-07 11:25:00,2017-07-07 11:26:00,1,0
Bot,Bot__SEG9__EP1,9,2017-07-07 11:25:00,2017-07-07 11:30:00,5,0
Bot,Bot__SEG9__EP1,9,2017-07-07 11:25:00,2017-07-07 11:35:00,10,0
Bot,Bot__SEG9__EP1,9,2017-07-07 11:25:00,2017-07-07 11:40:00,15,0
Bot,Bot__SEG9__EP1,9,2017-07-07 11:25:00,2017-07-07 11:55:00,30,0
Bot,Bot__SEG9__EP1,9,2017-07-07 11:26:00,2017-07-07 11:27:00,1,0
Bot,Bot__SEG9__EP1,9,2017-07-07 11:26:00,2017-07-07 11:31:00,5,0
Bot,Bot__SEG9__EP1,9,2017-07-07 11:26:00,2017-07-07 11:36:00,10,0
Bot,Bot__SEG9__EP1,9,2017-07-07 11:26:00,2017-07-07 11:41:00,15,0
Bot,Bot__SEG9__EP1,9,2017-07-07 11:27:00,2017-07-07 11:28:00,1,0
Bot,Bot__SEG9__EP1,9,2017-07-07 11:27:00,2017-07-07 11:32:00,5,0
Bot,Bot__SEG9__EP1,9,2017-07-07 11:27:00,2017-07-07 11:37:00,10,0
Bot,Bot__SEG9__EP1,9,2017-07-07 11:27:00,2017-07-07 11:42:00,15,0
Bot,Bot__SEG9__EP1,9,2017-07-07 11:27:00,2017-07-07 11:57:00,30,0
Bot,Bot__SEG9__EP1,9,2017-07-07 11:28:00,2017-07-07 11:33:00,5,0
Bot,Bot__SEG9__EP1,9,2017-07-07 11:28:00,2017-07-07 11:38:00,10,0
Bot,Bot__SEG9__EP1,9,2017-07-07 11:28:00,2017-07-07 11:43:00,15,0
Bot,Bot__SEG9__EP1,9,2017-07-07 11:28:00,2017-07-07 11:58:00,30,0
Bot,Bot__SEG9__EP1,9,2017-07-07 11:29:00,2017-07-07 11:30:00,1,0
Bot,Bot__SEG9__EP1,9,2017-07-07 11:29:00,2017-07-07 11:34:00,5,0
Bot,Bot__SEG9__EP1,9,2017-07-07 11:29:00,2017-07-07 11:39:00,10,0
Bot,Bot__SEG9__EP1,9,2017-07-07 11:29:00,2017-07-07 11:44:00,15,0
Bot,Bot__SEG9__EP1,9,2017-07-07 11:29:00,2017-07-07 11:59:00,30,0
Bot,Bot__SEG9__EP1,9,2017-07-07 11:30:00,2017-07-07 11:31:00,1,0
Bot,Bot__SEG9__EP1,9,2017-07-07 11:30:00,2017-07-07 11:35:00,5,0
Bot,Bot__SEG9__EP1,9,2017-07-07 11:30:00,2017-07-07 11:40:00,10,0
Bot,Bot__SEG9__EP1,9,2017-07-07 11:30:00,2017-07-07 11:45:00,15,0
Bot,Bot__SEG9__EP1,9,2017-07-07 11:30:00,2017-07-07 12:00:00,30,0
Bot,Bot__SEG9__EP1,9,2017-07-07 11:31:00,2017-07-07 11:32:00,1,0
Bot,Bot__SEG9__EP1,9,2017-07-07 11:31:00,2017-07-07 11:36:00,5,0
Bot,Bot__SEG9__EP1,9,2017-07-07 11:31:00,2017-07-07 11:41:00,10,0
Bot,Bot__SEG9__EP1,9,2017-07-07 11:32:00,2017-07-07 11:33:00,1,0
Bot,Bot__SEG9__EP1,9,2017-07-07 11:32:00,2017-07-07 11:37:00,5,0
Bot,Bot__SEG9__EP1,9,2017-07-07 11:32:00,2017-07-07 11:42:00,10,0
Bot,Bot__SEG9__EP1,9,2017-07-07 11:32:00,2017-07-07 11:47:00,15,0
Bot,Bot__SEG9__EP1,9,2017-07-07 11:32:00,2017-07-07 12:02:00,30,0
Bot,Bot__SEG9__EP1,9,2017-07-07 11:33:00,2017-07-07 11:34:00,1,0
Bot,Bot__SEG9__EP1,9,2017-07-07 11:33:00,2017-07-07 11:38:00,5,0
Bot,Bot__SEG9__EP1,9,2017-07-07 11:33:00,2017-07-07 11:43:00,10,0
Bot,Bot__SEG9__EP1,9,2017-07-07 11:33:00,2017-07-07 11:48:00,15,0
Bot,Bot__SEG9__EP1,9,2017-07-07 11:33:00,2017-07-07 12:03:00,30,0
Bot,Bot__SEG9__EP1,9,2017-07-07 11:34:00,2017-07-07 11:35:00,1,0
Bot,Bot__SEG9__EP1,9,2017-07-07 11:34:00,2017-07-07 11:39:00,5,0
Bot,Bot__SEG9__EP1,9,2017-07-07 11:34:00,2017-07-07 11:44:00,10,0
Bot,Bot__SEG9__EP1,9,2017-07-07 11:34:00,2017-07-07 11:49:00,15,0
Bot,Bot__SEG9__EP1,9,2017-07-07 11:34:00,2017-07-07 12:04:00,30,0
Bot,Bot__SEG9__EP1,9,2017-07-07 11:35:00,2017-07-07 11:36:00,1,0
Bot,Bot__SEG9__EP1,9,2017-07-07 11:35:00,2017-07-07 11:40:00,5,0
Bot,Bot__SEG9__EP1,9,2017-07-07 11:35:00,2017-07-07 11:45:00,10,0
Bot,Bot__SEG9__EP1,9,2017-07-07 11:35:00,2017-07-07 11:50:00,15,0
Bot,Bot__SEG9__EP1,9,2017-07-07 11:35:00,2017-07-07 12:05:00,30,0
Bot,Bot__SEG9__EP1,9,2017-07-07 11:36:00,2017-07-07 11:37:00,1,0
Bot,Bot__SEG9__EP1,9,2017-07-07 11:36:00,2017-07-07 11:41:00,5,0
Bot,Bot__SEG9__EP1,9,2017-07-07 11:36:00,2017-07-07 12:06:00,30,0
Bot,Bot__SEG9__EP1,9,2017-07-07 11:37:00,2017-07-07 11:38:00,1,0
Bot,Bot__SEG9__EP1,9,2017-07-07 11:37:00,2017-07-07 11:42:00,5,0
Bot,Bot__SEG9__EP1,9,2017-07-07 11:37:00,2017-07-07 11:47:00,10,0
Bot,Bot__SEG9__EP1,9,2017-07-07 11:37:00,2017-07-07 11:52:00,15,0
Bot,Bot__SEG9__EP1,9,2017-07-07 11:37:00,2017-07-07 12:07:00,30,0
Bot,Bot__SEG9__EP1,9,2017-07-07 11:38:00,2017-07-07 11:39:00,1,0
Bot,Bot__SEG9__EP1,9,2017-07-07 11:38:00,2017-07-07 11:43:00,5,0
Bot,Bot__SEG9__EP1,9,2017-07-07 11:38:00,2017-07-07 11:48:00,10,0
Bot,Bot__SEG9__EP1,9,2017-07-07 11:38:00,2017-07-07 11:53:00,15,0
Bot,Bot__SEG9__EP1,9,2017-07-07 11:38:00,2017-07-07 12:08:00,30,0
Bot,Bot__SEG9__EP1,9,2017-07-07 11:39:00,2017-07-07 11:40:00,1,0
Bot,Bot__SEG9__EP1,9,2017-07-07 11:39:00,2017-07-07 11:44:00,5,0
Bot,Bot__SEG9__EP1,9,2017-07-07 11:39:00,2017-07-07 11:49:00,10,0
Bot,Bot__SEG9__EP1,9,2017-07-07 11:39:00,2017-07-07 11:54:00,15,0
Bot,Bot__SEG9__EP1,9,2017-07-07 11:39:00,2017-07-07 12:09:00,30,0
Bot,Bot__SEG9__EP1,9,2017-07-07 11:40:00,2017-07-07 11:41:00,1,0
Bot,Bot__SEG9__EP1,9,2017-07-07 11:40:00,2017-07-07 11:45:00,5,0
Bot,Bot__SEG9__EP1,9,2017-07-07 11:40:00,2017-07-07 11:50:00,10,0
Bot,Bot__SEG9__EP1,9,2017-07-07 11:40:00,2017-07-07 11:55:00,15,0
Bot,Bot__SEG9__EP1,9,2017-07-07 11:40:00,2017-07-07 12:10:00,30,0
Bot,Bot__SEG9__EP1,9,2017-07-07 11:41:00,2017-07-07 11:42:00,1,0
Bot,Bot__SEG9__EP1,9,2017-07-07 11:41:00,2017-07-07 12:11:00,30,0
Bot,Bot__SEG9__EP1,9,2017-07-07 11:42:00,2017-07-07 11:43:00,1,0
Bot,Bot__SEG9__EP1,9,2017-07-07 11:42:00,2017-07-07 11:47:00,5,0
Bot,Bot__SEG9__EP1,9,2017-07-07 11:42:00,2017-07-07 11:52:00,10,0
Bot,Bot__SEG9__EP1,9,2017-07-07 11:42:00,2017-07-07 11:57:00,15,0
Bot,Bot__SEG9__EP1,9,2017-07-07 11:42:00,2017-07-07 12:12:00,30,0
Bot,Bot__SEG9__EP1,9,2017-07-07 11:43:00,2017-07-07 11:44:00,1,0
Bot,Bot__SEG9__EP1,9,2017-07-07 11:43:00,2017-07-07 11:48:00,5,0
Bot,Bot__SEG9__EP1,9,2017-07-07 11:43:00,2017-07-07 11:53:00,10,0
Bot,Bot__SEG9__EP1,9,2017-07-07 11:43:00,2017-07-07 11:58:00,15,0
Bot,Bot__SEG9__EP1,9,2017-07-07 11:43:00,2017-07-07 12:13:00,30,0
Bot,Bot__SEG9__EP1,9,2017-07-07 11:44:00,2017-07-07 11:45:00,1,0
Bot,Bot__SEG9__EP1,9,2017-07-07 11:44:00,2017-07-07 11:49:00,5,0
Bot,Bot__SEG9__EP1,9,2017-07-07 11:44:00,2017-07-07 11:54:00,10,0
Bot,Bot__SEG9__EP1,9,2017-07-07 11:44:00,2017-07-07 11:59:00,15,0
Bot,Bot__SEG9__EP1,9,2017-07-07 11:44:00,2017-07-07 12:14:00,30,0
Bot,Bot__SEG9__EP1,9,2017-07-07 11:45:00,2017-07-07 11:50:00,5,0
Bot,Bot__SEG9__EP1,9,2017-07-07 11:45:00,2017-07-07 11:55:00,10,0
Bot,Bot__SEG9__EP1,9,2017-07-07 11:45:00,2017-07-07 12:00:00,15,0
Bot,Bot__SEG9__EP1,9,2017-07-07 11:45:00,2017-07-07 12:15:00,30,0
Bot,Bot__SEG9__EP1,9,2017-07-07 11:46:00,2017-07-07 11:47:00,1,0
Bot,Bot__SEG9__EP1,9,2017-07-07 11:46:00,2017-07-07 12:16:00,30,0
Bot,Bot__SEG9__EP1,9,2017-07-07 11:47:00,2017-07-07 11:48:00,1,0
Bot,Bot__SEG9__EP1,9,2017-07-07 11:47:00,2017-07-07 11:52:00,5,0
Bot,Bot__SEG9__EP1,9,2017-07-07 11:47:00,2017-07-07 11:57:00,10,0
Bot,Bot__SEG9__EP1,9,2017-07-07 11:47:00,2017-07-07 12:02:00,15,0
Bot,Bot__SEG9__EP1,9,2017-07-07 11:47:00,2017-07-07 12:17:00,30,0
Bot,Bot__SEG9__EP1,9,2017-07-07 11:48:00,2017-07-07 11:49:00,1,0
Bot,Bot__SEG9__EP1,9,2017-07-07 11:48:00,2017-07-07 11:53:00,5,0
Bot,Bot__SEG9__EP1,9,2017-07-07 11:48:00,2017-07-07 11:58:00,10,0
Bot,Bot__SEG9__EP1,9,2017-07-07 11:48:00,2017-07-07 12:03:00,15,0
Bot,Bot__SEG9__EP1,9,2017-07-07 11:49:00,2017-07-07 11:50:00,1,0
Bot,Bot__SEG9__EP1,9,2017-07-07 11:49:00,2017-07-07 11:54:00,5,0
Bot,Bot__SEG9__EP1,9,2017-07-07 11:49:00,2017-07-07 11:59:00,10,0
Bot,Bot__SEG9__EP1,9,2017-07-07 11:49:00,2017-07-07 12:04:00,15,0
Bot,Bot__SEG9__EP1,9,2017-07-07 11:49:00,2017-07-07 12:19:00,30,0
Bot,Bot__SEG9__EP1,9,2017-07-07 11:50:00,2017-07-07 11:55:00,5,0
Bot,Bot__SEG9__EP1,9,2017-07-07 11:50:00,2017-07-07 12:00:00,10,0
Bot,Bot__SEG9__EP1,9,2017-07-07 11:50:00,2017-07-07 12:05:00,15,0
Bot,Bot__SEG9__EP1,9,2017-07-07 11:50:00,2017-07-07 12:20:00,30,0
Bot,Bot__SEG9__EP1,9,2017-07-07 11:51:00,2017-07-07 11:52:00,1,0
Bot,Bot__SEG9__EP1,9,2017-07-07 11:51:00,2017-07-07 12:06:00,15,0
Bot,Bot__SEG9__EP1,9,2017-07-07 11:51:00,2017-07-07 12:21:00,30,0
Bot,Bot__SEG9__EP1,9,2017-07-07 11:52:00,2017-07-07 11:53:00,1,0
Bot,Bot__SEG9__EP1,9,2017-07-07 11:52:00,2017-07-07 11:57:00,5,0
Bot,Bot__SEG9__EP1,9,2017-07-07 11:52:00,2017-07-07 12:02:00,10,0
Bot,Bot__SEG9__EP1,9,2017-07-07 11:52:00,2017-07-07 12:07:00,15,0
Bot,Bot__SEG9__EP1,9,2017-07-07 11:52:00,2017-07-07 12:22:00,30,0
Bot,Bot__SEG9__EP1,9,2017-07-07 11:53:00,2017-07-07 11:54:00,1,0
Bot,Bot__SEG9__EP1,9,2017-07-07 11:53:00,2017-07-07 11:58:00,5,0
Bot,Bot__SEG9__EP1,9,2017-07-07 11:53:00,2017-07-07 12:03:00,10,0
Bot,Bot__SEG9__EP1,9,2017-07-07 11:53:00,2017-07-07 12:08:00,15,0
Bot,Bot__SEG9__EP1,9,2017-07-07 11:54:00,2017-07-07 11:55:00,1,0
Bot,Bot__SEG9__EP1,9,2017-07-07 11:54:00,2017-07-07 11:59:00,5,0
Bot,Bot__SEG9__EP1,9,2017-07-07 11:54:00,2017-07-07 12:04:00,10,0
Bot,Bot__SEG9__EP1,9,2017-07-07 11:54:00,2017-07-07 12:09:00,15,0
Bot,Bot__SEG9__EP1,9,2017-07-07 11:54:00,2017-07-07 12:24:00,30,0
Bot,Bot__SEG9__EP1,9,2017-07-07 11:55:00,2017-07-07 12:00:00,5,0
Bot,Bot__SEG9__EP1,9,2017-07-07 11:55:00,2017-07-07 12:05:00,10,0
Bot,Bot__SEG9__EP1,9,2017-07-07 11:55:00,2017-07-07 12:10:00,15,0
Bot,Bot__SEG9__EP1,9,2017-07-07 11:55:00,2017-07-07 12:25:00,30,0
Bot,Bot__SEG9__EP1,9,2017-07-07 11:56:00,2017-07-07 11:57:00,1,0
Bot,Bot__SEG9__EP1,9,2017-07-07 11:56:00,2017-07-07 12:06:00,10,0
Bot,Bot__SEG9__EP1,9,2017-07-07 11:56:00,2017-07-07 12:11:00,15,0
Bot,Bot__SEG9__EP1,9,2017-07-07 11:56:00,2017-07-07 12:26:00,30,0
Bot,Bot__SEG9__EP1,9,2017-07-07 11:57:00,2017-07-07 11:58:00,1,0
Bot,Bot__SEG9__EP1,9,2017-07-07 11:57:00,2017-07-07 12:02:00,5,0
Bot,Bot__SEG9__EP1,9,2017-07-07 11:57:00,2017-07-07 12:07:00,10,0
Bot,Bot__SEG9__EP1,9,2017-07-07 11:57:00,2017-07-07 12:12:00,15,0
Bot,Bot__SEG9__EP1,9,2017-07-07 11:57:00,2017-07-07 12:27:00,30,0
Bot,Bot__SEG9__EP1,9,2017-07-07 11:58:00,2017-07-07 11:59:00,1,0
Bot,Bot__SEG9__EP1,9,2017-07-07 11:58:00,2017-07-07 12:03:00,5,0
Bot,Bot__SEG9__EP1,9,2017-07-07 11:58:00,2017-07-07 12:08:00,10,0
Bot,Bot__SEG9__EP1,9,2017-07-07 11:58:00,2017-07-07 12:13:00,15,0
Bot,Bot__SEG9__EP1,9,2017-07-07 11:59:00,2017-07-07 12:00:00,1,0
Bot,Bot__SEG9__EP1,9,2017-07-07 11:59:00,2017-07-07 12:04:00,5,0
Bot,Bot__SEG9__EP1,9,2017-07-07 11:59:00,2017-07-07 12:09:00,10,0
Bot,Bot__SEG9__EP1,9,2017-07-07 11:59:00,2017-07-07 12:14:00,15,0
Bot,Bot__SEG9__EP1,9,2017-07-07 11:59:00,2017-07-07 12:29:00,30,0
Bot,Bot__SEG9__EP1,9,2017-07-07 12:00:00,2017-07-07 12:05:00,5,0
Bot,Bot__SEG9__EP1,9,2017-07-07 12:00:00,2017-07-07 12:10:00,10,0
Bot,Bot__SEG9__EP1,9,2017-07-07 12:00:00,2017-07-07 12:15:00,15,0
Bot,Bot__SEG9__EP1,9,2017-07-07 12:00:00,2017-07-07 12:30:00,30,0
Bot,Bot__SEG9__EP1,9,2017-07-07 12:01:00,2017-07-07 12:02:00,1,0
Bot,Bot__SEG9__EP1,9,2017-07-07 12:01:00,2017-07-07 12:06:00,5,0
Bot,Bot__SEG9__EP1,9,2017-07-07 12:01:00,2017-07-07 12:11:00,10,0
Bot,Bot__SEG9__EP1,9,2017-07-07 12:01:00,2017-07-07 12:16:00,15,0
Bot,Bot__SEG9__EP1,9,2017-07-07 12:01:00,2017-07-07 12:31:00,30,0
Bot,Bot__SEG9__EP1,9,2017-07-07 12:02:00,2017-07-07 12:03:00,1,0
Bot,Bot__SEG9__EP1,9,2017-07-07 12:02:00,2017-07-07 12:07:00,5,0
Bot,Bot__SEG9__EP1,9,2017-07-07 12:02:00,2017-07-07 12:12:00,10,0
Bot,Bot__SEG9__EP1,9,2017-07-07 12:02:00,2017-07-07 12:17:00,15,0
Bot,Bot__SEG9__EP1,9,2017-07-07 12:02:00,2017-07-07 12:32:00,30,0
Bot,Bot__SEG9__EP1,9,2017-07-07 12:03:00,2017-07-07 12:04:00,1,0
Bot,Bot__SEG9__EP1,9,2017-07-07 12:03:00,2017-07-07 12:08:00,5,0
Bot,Bot__SEG9__EP1,9,2017-07-07 12:03:00,2017-07-07 12:13:00,10,0
Bot,Bot__SEG9__EP1,9,2017-07-07 12:04:00,2017-07-07 12:05:00,1,0
Bot,Bot__SEG9__EP1,9,2017-07-07 12:04:00,2017-07-07 12:09:00,5,0
Bot,Bot__SEG9__EP1,9,2017-07-07 12:04:00,2017-07-07 12:14:00,10,0
Bot,Bot__SEG9__EP1,9,2017-07-07 12:04:00,2017-07-07 12:19:00,15,0
Bot,Bot__SEG9__EP1,9,2017-07-07 12:04:00,2017-07-07 12:34:00,30,0
Bot,Bot__SEG9__EP1,9,2017-07-07 12:05:00,2017-07-07 12:06:00,1,0
Bot,Bot__SEG9__EP1,9,2017-07-07 12:05:00,2017-07-07 12:10:00,5,0
Bot,Bot__SEG9__EP1,9,2017-07-07 12:05:00,2017-07-07 12:15:00,10,0
Bot,Bot__SEG9__EP1,9,2017-07-07 12:05:00,2017-07-07 12:20:00,15,0
Bot,Bot__SEG9__EP1,9,2017-07-07 12:05:00,2017-07-07 12:35:00,30,0
Bot,Bot__SEG9__EP1,9,2017-07-07 12:06:00,2017-07-07 12:07:00,1,0
Bot,Bot__SEG9__EP1,9,2017-07-07 12:06:00,2017-07-07 12:11:00,5,0
Bot,Bot__SEG9__EP1,9,2017-07-07 12:06:00,2017-07-07 12:16:00,10,0
Bot,Bot__SEG9__EP1,9,2017-07-07 12:06:00,2017-07-07 12:21:00,15,0
Bot,Bot__SEG9__EP1,9,2017-07-07 12:06:00,2017-07-07 12:36:00,30,0
Bot,Bot__SEG9__EP1,9,2017-07-07 12:07:00,2017-07-07 12:08:00,1,0
Bot,Bot__SEG9__EP1,9,2017-07-07 12:07:00,2017-07-07 12:12:00,5,0
Bot,Bot__SEG9__EP1,9,2017-07-07 12:07:00,2017-07-07 12:17:00,10,0
Bot,Bot__SEG9__EP1,9,2017-07-07 12:07:00,2017-07-07 12:22:00,15,0
Bot,Bot__SEG9__EP1,9,2017-07-07 12:07:00,2017-07-07 12:37:00,30,0
Bot,Bot__SEG9__EP1,9,2017-07-07 12:08:00,2017-07-07 12:09:00,1,0
Bot,Bot__SEG9__EP1,9,2017-07-07 12:08:00,2017-07-07 12:13:00,5,0
Bot,Bot__SEG9__EP1,9,2017-07-07 12:09:00,2017-07-07 12:10:00,1,0
Bot,Bot__SEG9__EP1,9,2017-07-07 12:09:00,2017-07-07 12:14:00,5,0
Bot,Bot__SEG9__EP1,9,2017-07-07 12:09:00,2017-07-07 12:19:00,10,0
Bot,Bot__SEG9__EP1,9,2017-07-07 12:09:00,2017-07-07 12:24:00,15,0
Bot,Bot__SEG9__EP1,9,2017-07-07 12:09:00,2017-07-07 12:39:00,30,0
Bot,Bot__SEG9__EP1,9,2017-07-07 12:10:00,2017-07-07 12:11:00,1,0
Bot,Bot__SEG9__EP1,9,2017-07-07 12:10:00,2017-07-07 12:15:00,5,0
Bot,Bot__SEG9__EP1,9,2017-07-07 12:10:00,2017-07-07 12:20:00,10,0
Bot,Bot__SEG9__EP1,9,2017-07-07 12:10:00,2017-07-07 12:25:00,15,0
Bot,Bot__SEG9__EP1,9,2017-07-07 12:10:00,2017-07-07 12:40:00,30,0
Bot,Bot__SEG9__EP1,9,2017-07-07 12:11:00,2017-07-07 12:12:00,1,0
Bot,Bot__SEG9__EP1,9,2017-07-07 12:11:00,2017-07-07 12:16:00,5,0
Bot,Bot__SEG9__EP1,9,2017-07-07 12:11:00,2017-07-07 12:21:00,10,0
Bot,Bot__SEG9__EP1,9,2017-07-07 12:11:00,2017-07-07 12:26:00,15,0
Bot,Bot__SEG9__EP1,9,2017-07-07 12:11:00,2017-07-07 12:41:00,30,0
Bot,Bot__SEG9__EP1,9,2017-07-07 12:12:00,2017-07-07 12:13:00,1,0
Bot,Bot__SEG9__EP1,9,2017-07-07 12:12:00,2017-07-07 12:17:00,5,0
Bot,Bot__SEG9__EP1,9,2017-07-07 12:12:00,2017-07-07 12:22:00,10,0
Bot,Bot__SEG9__EP1,9,2017-07-07 12:12:00,2017-07-07 12:27:00,15,0
Bot,Bot__SEG9__EP1,9,2017-07-07 12:12:00,2017-07-07 12:42:00,30,0
Bot,Bot__SEG9__EP1,9,2017-07-07 12:13:00,2017-07-07 12:14:00,1,0
Bot,Bot__SEG9__EP1,9,2017-07-07 12:13:00,2017-07-07 12:43:00,30,0
Bot,Bot__SEG9__EP1,9,2017-07-07 12:14:00,2017-07-07 12:15:00,1,0
Bot,Bot__SEG9__EP1,9,2017-07-07 12:14:00,2017-07-07 12:19:00,5,0
Bot,Bot__SEG9__EP1,9,2017-07-07 12:14:00,2017-07-07 12:24:00,10,0
Bot,Bot__SEG9__EP1,9,2017-07-07 12:14:00,2017-07-07 12:29:00,15,0
Bot,Bot__SEG9__EP1,9,2017-07-07 12:14:00,2017-07-07 12:44:00,30,0
Bot,Bot__SEG9__EP1,9,2017-07-07 12:15:00,2017-07-07 12:16:00,1,0
Bot,Bot__SEG9__EP1,9,2017-07-07 12:15:00,2017-07-07 12:20:00,5,0
Bot,Bot__SEG9__EP1,9,2017-07-07 12:15:00,2017-07-07 12:25:00,10,0
Bot,Bot__SEG9__EP1,9,2017-07-07 12:15:00,2017-07-07 12:30:00,15,0
Bot,Bot__SEG9__EP1,9,2017-07-07 12:15:00,2017-07-07 12:45:00,30,0
Bot,Bot__SEG9__EP1,9,2017-07-07 12:16:00,2017-07-07 12:17:00,1,0
Bot,Bot__SEG9__EP1,9,2017-07-07 12:16:00,2017-07-07 12:21:00,5,0
Bot,Bot__SEG9__EP1,9,2017-07-07 12:16:00,2017-07-07 12:26:00,10,0
Bot,Bot__SEG9__EP1,9,2017-07-07 12:16:00,2017-07-07 12:31:00,15,0
Bot,Bot__SEG9__EP1,9,2017-07-07 12:16:00,2017-07-07 12:46:00,30,0
Bot,Bot__SEG9__EP1,9,2017-07-07 12:17:00,2017-07-07 12:22:00,5,0
Bot,Bot__SEG9__EP1,9,2017-07-07 12:17:00,2017-07-07 12:27:00,10,0
Bot,Bot__SEG9__EP1,9,2017-07-07 12:17:00,2017-07-07 12:32:00,15,0
Bot,Bot__SEG9__EP1,9,2017-07-07 12:17:00,2017-07-07 12:47:00,30,0
Bot,Bot__SEG9__EP1,9,2017-07-07 12:18:00,2017-07-07 12:19:00,1,0
Bot,Bot__SEG9__EP1,9,2017-07-07 12:18:00,2017-07-07 12:48:00,30,0
Bot,Bot__SEG9__EP1,9,2017-07-07 12:19:00,2017-07-07 12:20:00,1,0
Bot,Bot__SEG9__EP1,9,2017-07-07 12:19:00,2017-07-07 12:24:00,5,0
Bot,Bot__SEG9__EP1,9,2017-07-07 12:19:00,2017-07-07 12:29:00,10,0
Bot,Bot__SEG9__EP1,9,2017-07-07 12:19:00,2017-07-07 12:34:00,15,0
Bot,Bot__SEG9__EP1,9,2017-07-07 12:19:00,2017-07-07 12:49:00,30,0
Bot,Bot__SEG9__EP1,9,2017-07-07 12:20:00,2017-07-07 12:21:00,1,0
Bot,Bot__SEG9__EP1,9,2017-07-07 12:20:00,2017-07-07 12:25:00,5,0
Bot,Bot__SEG9__EP1,9,2017-07-07 12:20:00,2017-07-07 12:30:00,10,0
Bot,Bot__SEG9__EP1,9,2017-07-07 12:20:00,2017-07-07 12:35:00,15,0
Bot,Bot__SEG9__EP1,9,2017-07-07 12:21:00,2017-07-07 12:22:00,1,0
Bot,Bot__SEG9__EP1,9,2017-07-07 12:21:00,2017-07-07 12:26:00,5,0
Bot,Bot__SEG9__EP1,9,2017-07-07 12:21:00,2017-07-07 12:31:00,10,0
Bot,Bot__SEG9__EP1,9,2017-07-07 12:21:00,2017-07-07 12:36:00,15,0
Bot,Bot__SEG9__EP1,9,2017-07-07 12:21:00,2017-07-07 12:51:00,30,0
Bot,Bot__SEG9__EP1,9,2017-07-07 12:22:00,2017-07-07 12:27:00,5,0
Bot,Bot__SEG9__EP1,9,2017-07-07 12:22:00,2017-07-07 12:32:00,10,0
Bot,Bot__SEG9__EP1,9,2017-07-07 12:22:00,2017-07-07 12:37:00,15,0
Bot,Bot__SEG9__EP1,9,2017-07-07 12:22:00,2017-07-07 12:52:00,30,0
Bot,Bot__SEG9__EP1,9,2017-07-07 12:23:00,2017-07-07 12:24:00,1,0
Bot,Bot__SEG9__EP1,9,2017-07-07 12:23:00,2017-07-07 12:53:00,30,0
Bot,Bot__SEG9__EP1,9,2017-07-07 12:24:00,2017-07-07 12:25:00,1,0
Bot,Bot__SEG9__EP1,9,2017-07-07 12:24:00,2017-07-07 12:29:00,5,0
Bot,Bot__SEG9__EP1,9,2017-07-07 12:24:00,2017-07-07 12:34:00,10,0
Bot,Bot__SEG9__EP1,9,2017-07-07 12:24:00,2017-07-07 12:39:00,15,0
Bot,Bot__SEG9__EP1,9,2017-07-07 12:24:00,2017-07-07 12:54:00,30,0
Bot,Bot__SEG9__EP1,9,2017-07-07 12:25:00,2017-07-07 12:26:00,1,0
Bot,Bot__SEG9__EP1,9,2017-07-07 12:25:00,2017-07-07 12:30:00,5,0
Bot,Bot__SEG9__EP1,9,2017-07-07 12:25:00,2017-07-07 12:35:00,10,0
Bot,Bot__SEG9__EP1,9,2017-07-07 12:25:00,2017-07-07 12:40:00,15,0
Bot,Bot__SEG9__EP1,9,2017-07-07 12:26:00,2017-07-07 12:27:00,1,0
Bot,Bot__SEG9__EP1,9,2017-07-07 12:26:00,2017-07-07 12:31:00,5,0
Bot,Bot__SEG9__EP1,9,2017-07-07 12:26:00,2017-07-07 12:36:00,10,0
Bot,Bot__SEG9__EP1,9,2017-07-07 12:26:00,2017-07-07 12:41:00,15,0
Bot,Bot__SEG9__EP1,9,2017-07-07 12:26:00,2017-07-07 12:56:00,30,0
Bot,Bot__SEG9__EP1,9,2017-07-07 12:27:00,2017-07-07 12:32:00,5,0
Bot,Bot__SEG9__EP1,9,2017-07-07 12:27:00,2017-07-07 12:37:00,10,0
Bot,Bot__SEG9__EP1,9,2017-07-07 12:27:00,2017-07-07 12:42:00,15,0
Bot,Bot__SEG9__EP1,9,2017-07-07 12:27:00,2017-07-07 12:57:00,30,0
Bot,Bot__SEG9__EP1,9,2017-07-07 12:28:00,2017-07-07 12:29:00,1,0
Bot,Bot__SEG9__EP1,9,2017-07-07 12:28:00,2017-07-07 12:43:00,15,0
Bot,Bot__SEG9__EP1,9,2017-07-07 12:28:00,2017-07-07 12:58:00,30,0
Bot,Bot__SEG9__EP1,9,2017-07-07 12:29:00,2017-07-07 12:30:00,1,0
Bot,Bot__SEG9__EP1,9,2017-07-07 12:29:00,2017-07-07 12:34:00,5,0
Bot,Bot__SEG9__EP1,9,2017-07-07 12:29:00,2017-07-07 12:39:00,10,0
Bot,Bot__SEG9__EP1,9,2017-07-07 12:29:00,2017-07-07 12:44:00,15,0
Bot,Bot__SEG9__EP1,9,2017-07-07 12:29:00,2017-07-07 12:59:00,30,0
