Segment_ID,Origin_Time,History_Start,History_End,Partition
0,2017-07-03 01:14:00,2017-07-03 01:00:00,2017-07-03 01:14:00,TRAIN
0,2017-07-03 01:15:00,2017-07-03 01:01:00,2017-07-03 01:15:00,TRAIN
0,2017-07-03 01:16:00,2017-07-03 01:02:00,2017-07-03 01:16:00,TRAIN
0,2017-07-03 01:17:00,2017-07-03 01:03:00,2017-07-03 01:17:00,TRAIN
0,2017-07-03 01:18:00,2017-07-03 01:04:00,2017-07-03 01:18:00,TRAIN
0,2017-07-03 01:19:00,2017-07-03 01:05:00,2017-07-03 01:19:00,TRAIN
0,2017-07-03 01:20:00,2017-07-03 01:06:00,2017-07-03 01:20:00,TRAIN
0,2017-07-03 01:21:00,2017-07-03 01:07:00,2017-07-03 01:21:00,TRAIN
0,2017-07-03 01:22:00,2017-07-03 01:08:00,2017-07-03 01:22:00,TRAIN
0,2017-07-03 01:23:00,2017-07-03 01:09:00,2017-07-03 01:23:00,TRAIN
0,2017-07-03 01:24:00,2017-07-03 01:10:00,2017-07-03 01:24:00,TRAIN
0,2017-07-03 01:25:00,2017-07-03 01:11:00,2017-07-03 01:25:00,TRAIN
0,2017-07-03 01:26:00,2017-07-03 01:12:00,2017-07-03 01:26:00,TRAIN
0,2017-07-03 01:27:00,2017-07-03 01:13:00,2017-07-03 01:27:00,TRAIN
0,2017-07-03 01:28:00,2017-07-03 01:14:00,2017-07-03 01:28:00,TRAIN
0,2017-07-03 01:29:00,2017-07-03 01:15:00,2017-07-03 01:29:00,TRAIN
0,2017-07-03 01:30:00,2017-07-03 01:16:00,2017-07-03 01:30:00,TRAIN
0,2017-07-03 01:31:00,2017-07-03 01:17:00,2017-07-03 01:31:00,TRAIN
0,2017-07-03 01:32:00,2017-07-03 01:18:00,2017-07-03 01:32:00,TRAIN
0,2017-07-03 01:33:00,2017-07-03 01:19:00,2017-07-03 01:33:00,TRAIN
0,2017-07-03 01:34:00,2017-07-03 01:20:00,2017-07-03 01:34:00,TRAIN
0,2017-07-03 01:35:00,2017-07-03 01:21:00,2017-07-03 01:35:00,TRAIN
0,2017-07-03 01:36:00,2017-07-03 01:22:00,2017-07-03 01:36:00,TRAIN
0,2017-07-03 01:37:00,2017-07-03 01:23:00,2017-07-03 01:37:00,TRAIN
0,2017-07-03 01:38:00,2017-07-03 01:24:00,2017-07-03 01:38:00,TRAIN
0,2017-07-03 01:39:00,2017-07-03 01:25:00,2017-07-03 01:39:00,TRAIN
0,2017-07-03 01:40:00,2017-07-03 01:26:00,2017-07-03 01:40:00,TRAIN
0,2017-07-03 01:41:00,2017-07-03 01:27:00,2017-07-03 01:41:00,TRAIN
0,2017-07-03 01:42:00,2017-07-03 01:28:00,2017-07-03 01:42:00,TRAIN
0,2017-07-03 01:43:00,2017-07-03 01:29:00,2017-07-03 01:43:00,TRAIN
0,2017-07-03 01:44:00,2017-07-03 01:30:00,2017-07-03 01:44:00,TRAIN
0,2017-07-03 01:45:00,2017-07-03 01:31:00,2017-07-03 01:45:00,TRAIN
0,2017-07-03 01:46:00,2017-07-03 01:32:00,2017-07-03 01:46:00,TRAIN
0,2017-07-03 01:47:00,2017-07-03 01:33:00,2017-07-03 01:47:00,TRAIN
0,2017-07-03 01:48:00,2017-07-03 01:34:00,2017-07-03 01:48:00,TRAIN
0,2017-07-03 01:49:00,2017-07-03 01:35:00,2017-07-03 01:49:00,TRAIN
0,2017-07-03 01:50:00,2017-07-03 01:36:00,2017-07-03 01:50:00,TRAIN
0,2017-07-03 01:51:00,2017-07-03 01:37:00,2017-07-03 01:51:00,TRAIN
0,2017-07-03 01:52:00,2017-07-03 01:38:00,2017-07-03 01:52:00,TRAIN
0,2017-07-03 01:53:00,2017-07-03 01:39:00,2017-07-03 01:53:00,TRAIN
0,2017-07-03 01:54:00,2017-07-03 01:40:00,2017-07-03 01:54:00,TRAIN
0,2017-07-03 01:55:00,2017-07-03 01:41:00,2017-07-03 01:55:00,TRAIN
0,2017-07-03 01:56:00,2017-07-03 01:42:00,2017-07-03 01:56:00,TRAIN
0,2017-07-03 01:57:00,2017-07-03 01:43:00,2017-07-03 01:57:00,TRAIN
0,2017-07-03 01:58:00,2017-07-03 01:44:00,2017-07-03 01:58:00,TRAIN
0,2017-07-03 01:59:00,2017-07-03 01:45:00,2017-07-03 01:59:00,TRAIN
0,2017-07-03 02:00:00,2017-07-03 01:46:00,2017-07-03 02:00:00,TRAIN
0,2017-07-03 02:01:00,2017-07-03 01:47:00,2017-07-03 02:01:00,TRAIN
0,2017-07-03 02:02:00,2017-07-03 01:48:00,2017-07-03 02:02:00,TRAIN
0,2017-07-03 02:03:00,2017-07-03 01:49:00,2017-07-03 02:03:00,TRAIN
0,2017-07-03 02:04:00,2017-07-03 01:50:00,2017-07-03 02:04:00,TRAIN
0,2017-07-03 02:05:00,2017-07-03 01:51:00,2017-07-03 02:05:00,TRAIN
0,2017-07-03 02:06:00,2017-07-03 01:52:00,2017-07-03 02:06:00,TRAIN
0,2017-07-03 02:07:00,2017-07-03 01:53:00,2017-07-03 02:07:00,TRAIN
0,2017-07-03 02:08:00,2017-07-03 01:54:00,2017-07-03 02:08:00,TRAIN
0,2017-07-03 02:09:00,2017-07-03 01:55:00,2017-07-03 02:09:00,TRAIN
0,2017-07-03 02:10:00,2017-07-03 01:56:00,2017-07-03 02:10:00,TRAIN
0,2017-07-03 02:11:00,2017-07-03 01:57:00,2017-07-03 02:11:00,TRAIN
0,2017-07-03 02:12:00,2017-07-03 01:58:00,2017-07-03 02:12:00,TRAIN
0,2017-07-03 02:13:00,2017-07-03 01:59:00,2017-07-03 02:13:00,TRAIN
0,2017-07-03 02:14:00,2017-07-03 02:00:00,2017-07-03 02:14:00,TRAIN
0,2017-07-03 02:15:00,2017-07-03 02:01:00,2017-07-03 02:15:00,TRAIN
0,2017-07-03 02:16:00,2017-07-03 02:02:00,2017-07-03 02:16:00,TRAIN
0,2017-07-03 02:17:00,2017-07-03 02:03:00,2017-07-03 02:17:00,TRAIN
0,2017-07-03 02:18:00,2017-07-03 02:04:00,2017-07-03 02:18:00,TRAIN
0,2017-07-03 02:19:00,2017-07-03 02:05:00,2017-07-03 02:19:00,TRAIN
0,2017-07-03 02:20:00,2017-07-03 02:06:00,2017-07-03 02:20:00,TRAIN
0,2017-07-03 02:21:00,2017-07-03 02:07:00,2017-07-03 02:21:00,TRAIN
0,2017-07-03 02:22:00,2017-07-03 02:08:00,2017-07-03 02:22:00,TRAIN
0,2017-07-03 02:23:00,2017-07-03 02:09:00,2017-07-03 02:23:00,TRAIN
0,2017-07-03 02:24:00,2017-07-03 02:10:00,2017-07-03 02:24:00,TRAIN
0,2017-07-03 02:25:00,2017-07-03 02:11:00,2017-07-03 02:25:00,TRAIN
0,2017-07-03 02:26:00,2017-07-03 02:12:00,2017-07-03 02:26:00,TRAIN
0,2017-07-03 02:27:00,2017-07-03 02:13:00,2017-07-03 02:27:00,TRAIN
0,2017-07-03 02:28:00,2017-07-03 02:14:00,2017-07-03 02:28:00,TRAIN
0,2017-07-03 02:29:00,2017-07-03 02:15:00,2017-07-03 02:29:00,TRAIN
0,2017-07-03 02:30:00,2017-07-03 02:16:00,2017-07-03 02:30:00,TRAIN
0,2017-07-03 02:31:00,2017-07-03 02:17:00,2017-07-03 02:31:00,TRAIN
0,2017-07-03 02:32:00,2017-07-03 02:18:00,2017-07-03 02:32:00,TRAIN
0,2017-07-03 02:33:00,2017-07-03 02:19:00,2017-07-03 02:33:00,TRAIN
0,2017-07-03 02:34:00,2017-07-03 02:20:00,2017-07-03 02:34:00,TRAIN
0,2017-07-03 02:35:00,2017-07-03 02:21:00,2017-07-03 02:35:00,TRAIN
0,2017-07-03 02:36:00,2017-07-03 02:22:00,2017-07-03 02:36:00,TRAIN
0,2017-07-03 02:37:00,2017-07-03 02:23:00,2017-07-03 02:37:00,TRAIN
0,2017-07-03 02:38:00,2017-07-03 02:24:00,2017-07-03 02:38:00,TRAIN
0,2017-07-03 02:39:00,2017-07-03 02:25:00,2017-07-03 02:39:00,TRAIN
0,2017-07-03 02:40:00,2017-07-03 02:26:00,2017-07-03 02:40:00,TRAIN
0,2017-07-03 02:41:00,2017-07-03 02:27:00,2017-07-03 02:41:00,TRAIN
0,2017-07-03 02:42:00,2017-07-03 02:28:00,2017-07-03 02:42:00,TRAIN
0,2017-07-03 02:43:00,2017-07-03 02:29:00,2017-07-03 02:43:00,TRAIN
0,2017-07-03 02:44:00,2017-07-03 02:30:00,2017-07-03 02:44:00,TRAIN
0,2017-07-03 02:45:00,2017-07-03 02:31:00,2017-07-03 02:45:00,TRAIN
0,2017-07-03 02:46:00,2017-07-03 02:32:00,2017-07-03 02:46:00,TRAIN
0,2017-07-03 02:47:00,2017-07-03 02:33:00,2017-07-03 02:47:00,TRAIN
0,2017-07-03 02:48:00,2017-07-03 02:34:00,2017-07-03 02:48:00,TRAIN
0,2017-07-03 02:49:00,2017-07-03 02:35:00,2017-07-03 02:49:00,TRAIN
0,2017-07-03 02:50:00,2017-07-03 02:36:00,2017-07-03 02:50:00,TRAIN
0,2017-07-03 02:51:00,2017-07-03 02:37:00,2017-07-03 02:51:00,TRAIN
0,2017-07-03 02:52:00,2017-07-03 02:38:00,2017-07-03 02:52:00,TRAIN
0,2017-07-03 02:53:00,2017-07-03 02:39:00,2017-07-03 02:53:00,TRAIN
0,2017-07-03 02:54:00,2017-07-03 02:40:00,2017-07-03 02:54:00,TRAIN
0,2017-07-03 02:55:00,2017-07-03 02:41:00,2017-07-03 02:55:00,TRAIN
0,2017-07-03 02:56:00,2017-07-03 02:42:00,2017-07-03 02:56:00,TRAIN
0,2017-07-03 02:57:00,2017-07-03 02:43:00,2017-07-03 02:57:00,TRAIN
0,2017-07-03 02:58:00,2017-07-03 02:44:00,2017-07-03 02:58:00,TRAIN
0,2017-07-03 02:59:00,2017-07-03 02:45:00,2017-07-03 02:59:00,TRAIN
0,2017-07-03 03:00:00,2017-07-03 02:46:00,2017-07-03 03:00:00,TRAIN
0,2017-07-03 03:01:00,2017-07-03 02:47:00,2017-07-03 03:01:00,TRAIN
0,2017-07-03 03:02:00,2017-07-03 02:48:00,2017-07-03 03:02:00,TRAIN
0,2017-07-03 03:03:00,2017-07-03 02:49:00,2017-07-03 03:03:00,TRAIN
0,2017-07-03 03:04:00,2017-07-03 02:50:00,2017-07-03 03:04:00,TRAIN
0,2017-07-03 03:05:00,2017-07-03 02:51:00,2017-07-03 03:05:00,TRAIN
0,2017-07-03 03:06:00,2017-07-03 02:52:00,2017-07-03 03:06:00,TRAIN
0,2017-07-03 03:07:00,2017-07-03 02:53:00,2017-07-03 03:07:00,TRAIN
0,2017-07-03 03:08:00,2017-07-03 02:54:00,2017-07-03 03:08:00,TRAIN
0,2017-07-03 03:09:00,2017-07-03 02:55:00,2017-07-03 03:09:00,TRAIN
0,2017-07-03 03:10:00,2017-07-03 02:56:00,2017-07-03 03:10:00,TRAIN
0,2017-07-03 03:11:00,2017-07-03 02:57:00,2017-07-03 03:11:00,TRAIN
0,2017-07-03 03:12:00,2017-07-03 02:58:00,2017-07-03 03:12:00,TRAIN
0,2017-07-03 03:13:00,2017-07-03 02:59:00,2017-07-03 03:13:00,TRAIN
0,2017-07-03 03:14:00,2017-07-03 03:00:00,2017-07-03 03:14:00,TRAIN
0,2017-07-03 03:15:00,2017-07-03 03:01:00,2017-07-03 03:15:00,TRAIN
0,2017-07-03 03:16:00,2017-07-03 03:02:00,2017-07-03 03:16:00,TRAIN
0,2017-07-03 03:17:00,2017-07-03 03:03:00,2017-07-03 03:17:00,TRAIN
0,2017-07-03 03:18:00,2017-07-03 03:04:00,2017-07-03 03:18:00,TRAIN
0,2017-07-03 03:19:00,2017-07-03 03:05:00,2017-07-03 03:19:00,TRAIN
0,2017-07-03 03:20:00,2017-07-03 03:06:00,2017-07-03 03:20:00,TRAIN
0,2017-07-03 03:21:00,2017-07-03 03:07:00,2017-07-03 03:21:00,TRAIN
0,2017-07-03 03:22:00,2017-07-03 03:08:00,2017-07-03 03:22:00,TRAIN
0,2017-07-03 03:23:00,2017-07-03 03:09:00,2017-07-03 03:23:00,TRAIN
0,2017-07-03 03:24:00,2017-07-03 03:10:00,2017-07-03 03:24:00,TRAIN
0,2017-07-03 03:25:00,2017-07-03 03:11:00,2017-07-03 03:25:00,TRAIN
0,2017-07-03 03:26:00,2017-07-03 03:12:00,2017-07-03 03:26:00,TRAIN
0,2017-07-03 03:27:00,2017-07-03 03:13:00,2017-07-03 03:27:00,TRAIN
0,2017-07-03 03:28:00,2017-07-03 03:14:00,2017-07-03 03:28:00,TRAIN
0,2017-07-03 03:29:00,2017-07-03 03:15:00,2017-07-03 03:29:00,TRAIN
0,2017-07-03 03:30:00,2017-07-03 03:16:00,2017-07-03 03:30:00,TRAIN
0,2017-07-03 03:31:00,2017-07-03 03:17:00,2017-07-03 03:31:00,TRAIN
0,2017-07-03 03:32:00,2017-07-03 03:18:00,2017-07-03 03:32:00,TRAIN
0,2017-07-03 03:33:00,2017-07-03 03:19:00,2017-07-03 03:33:00,TRAIN
0,2017-07-03 03:34:00,2017-07-03 03:20:00,2017-07-03 03:34:00,TRAIN
0,2017-07-03 03:35:00,2017-07-03 03:21:00,2017-07-03 03:35:00,TRAIN
0,2017-07-03 03:36:00,2017-07-03 03:22:00,2017-07-03 03:36:00,TRAIN
0,2017-07-03 03:37:00,2017-07-03 03:23:00,2017-07-03 03:37:00,TRAIN
0,2017-07-03 03:38:00,2017-07-03 03:24:00,2017-07-03 03:38:00,TRAIN
0,2017-07-03 03:39:00,2017-07-03 03:25:00,2017-07-03 03:39:00,TRAIN
0,2017-07-03 03:40:00,2017-07-03 03:26:00,2017-07-03 03:40:00,TRAIN
0,2017-07-03 03:41:00,2017-07-03 03:27:00,2017-07-03 03:41:00,TRAIN
0,2017-07-03 03:42:00,2017-07-03 03:28:00,2017-07-03 03:42:00,TRAIN
0,2017-07-03 03:43:00,2017-07-03 03:29:00,2017-07-03 03:43:00,TRAIN
0,2017-07-03 03:44:00,2017-07-03 03:30:00,2017-07-03 03:44:00,TRAIN
0,2017-07-03 03:45:00,2017-07-03 03:31:00,2017-07-03 03:45:00,TRAIN
0,2017-07-03 03:46:00,2017-07-03 03:32:00,2017-07-03 03:46:00,TRAIN
0,2017-07-03 03:47:00,2017-07-03 03:33:00,2017-07-03 03:47:00,TRAIN
0,2017-07-03 03:48:00,2017-07-03 03:34:00,2017-07-03 03:48:00,TRAIN
0,2017-07-03 03:49:00,2017-07-03 03:35:00,2017-07-03 03:49:00,TRAIN
0,2017-07-03 03:50:00,2017-07-03 03:36:00,2017-07-03 03:50:00,TRAIN
0,2017-07-03 03:51:00,2017-07-03 03:37:00,2017-07-03 03:51:00,TRAIN
0,2017-07-03 03:52:00,2017-07-03 03:38:00,2017-07-03 03:52:00,TRAIN
0,2017-07-03 03:53:00,2017-07-03 03:39:00,2017-07-03 03:53:00,TRAIN
0,2017-07-03 03:54:00,2017-07-03 03:40:00,2017-07-03 03:54:00,TRAIN
0,2017-07-03 03:55:00,2017-07-03 03:41:00,2017-07-03 03:55:00,TRAIN
0,2017-07-03 03:56:00,2017-07-03 03:42:00,2017-07-03 03:56:00,TRAIN
0,2017-07-03 03:57:00,2017-07-03 03:43:00,2017-07-03 03:57:00,TRAIN
0,2017-07-03 03:58:00,2017-07-03 03:44:00,2017-07-03 03:58:00,TRAIN
0,2017-07-03 03:59:00,2017-07-03 03:45:00,2017-07-03 03:59:00,TRAIN
0,2017-07-03 04:00:00,2017-07-03 03:46:00,2017-07-03 04:00:00,TRAIN
0,2017-07-03 04:01:00,2017-07-03 03:47:00,2017-07-03 04:01:00,TRAIN
0,2017-07-03 04:02:00,2017-07-03 03:48:00,2017-07-03 04:02:00,TRAIN
0,2017-07-03 04:03:00,2017-07-03 03:49:00,2017-07-03 04:03:00,TRAIN
0,2017-07-03 04:04:00,2017-07-03 03:50:00,2017-07-03 04:04:00,TRAIN
0,2017-07-03 04:05:00,2017-07-03 03:51:00,2017-07-03 04:05:00,TRAIN
0,2017-07-03 04:06:00,2017-07-03 03:52:00,2017-07-03 04:06:00,TRAIN
0,2017-07-03 04:07:00,2017-07-03 03:53:00,2017-07-03 04:07:00,TRAIN
0,2017-07-03 04:08:00,2017-07-03 03:54:00,2017-07-03 04:08:00,TRAIN
0,2017-07-03 04:09:00,2017-07-03 03:55:00,2017-07-03 04:09:00,TRAIN
0,2017-07-03 04:10:00,2017-07-03 03:56:00,2017-07-03 04:10:00,TRAIN
0,2017-07-03 04:11:00,2017-07-03 03:57:00,2017-07-03 04:11:00,TRAIN
0,2017-07-03 04:12:00,2017-07-03 03:58:00,2017-07-03 04:12:00,TRAIN
0,2017-07-03 04:13:00,2017-07-03 03:59:00,2017-07-03 04:13:00,TRAIN
0,2017-07-03 04:14:00,2017-07-03 04:00:00,2017-07-03 04:14:00,TRAIN
0,2017-07-03 04:15:00,2017-07-03 04:01:00,2017-07-03 04:15:00,TRAIN
0,2017-07-03 04:16:00,2017-07-03 04:02:00,2017-07-03 04:16:00,TRAIN
0,2017-07-03 04:17:00,2017-07-03 04:03:00,2017-07-03 04:17:00,TRAIN
0,2017-07-03 04:18:00,2017-07-03 04:04:00,2017-07-03 04:18:00,TRAIN
0,2017-07-03 04:19:00,2017-07-03 04:05:00,2017-07-03 04:19:00,TRAIN
0,2017-07-03 04:20:00,2017-07-03 04:06:00,2017-07-03 04:20:00,TRAIN
0,2017-07-03 04:21:00,2017-07-03 04:07:00,2017-07-03 04:21:00,TRAIN
0,2017-07-03 04:22:00,2017-07-03 04:08:00,2017-07-03 04:22:00,TRAIN
0,2017-07-03 04:23:00,2017-07-03 04:09:00,2017-07-03 04:23:00,TRAIN
0,2017-07-03 04:24:00,2017-07-03 04:10:00,2017-07-03 04:24:00,TRAIN
0,2017-07-03 04:25:00,2017-07-03 04:11:00,2017-07-03 04:25:00,TRAIN
0,2017-07-03 04:26:00,2017-07-03 04:12:00,2017-07-03 04:26:00,TRAIN
0,2017-07-03 04:27:00,2017-07-03 04:13:00,2017-07-03 04:27:00,TRAIN
0,2017-07-03 04:28:00,2017-07-03 04:14:00,2017-07-03 04:28:00,TRAIN
0,2017-07-03 04:29:00,2017-07-03 04:15:00,2017-07-03 04:29:00,TRAIN
0,2017-07-03 04:30:00,2017-07-03 04:16:00,2017-07-03 04:30:00,TRAIN
0,2017-07-03 04:31:00,2017-07-03 04:17:00,2017-07-03 04:31:00,TRAIN
1,2017-07-03 09:09:00,2017-07-03 08:55:00,2017-07-03 09:09:00,TRAIN
1,2017-07-03 09:10:00,2017-07-03 08:56:00,2017-07-03 09:10:00,TRAIN
1,2017-07-03 09:11:00,2017-07-03 08:57:00,2017-07-03 09:11:00,TRAIN
1,2017-07-03 09:12:00,2017-07-03 08:58:00,2017-07-03 09:12:00,TRAIN
1,2017-07-03 09:13:00,2017-07-03 08:59:00,2017-07-03 09:13:00,TRAIN
1,2017-07-03 09:14:00,2017-07-03 09:00:00,2017-07-03 09:14:00,TRAIN
1,2017-07-03 09:15:00,2017-07-03 09:01:00,2017-07-03 09:15:00,TRAIN
1,2017-07-03 09:16:00,2017-07-03 09:02:00,2017-07-03 09:16:00,TRAIN
1,2017-07-03 09:17:00,2017-07-03 09:03:00,2017-07-03 09:17:00,TRAIN
1,2017-07-03 09:18:00,2017-07-03 09:04:00,2017-07-03 09:18:00,TRAIN
1,2017-07-03 09:19:00,2017-07-03 09:05:00,2017-07-03 09:19:00,TRAIN
1,2017-07-03 09:20:00,2017-07-03 09:06:00,2017-07-03 09:20:00,TRAIN
1,2017-07-03 09:21:00,2017-07-03 09:07:00,2017-07-03 09:21:00,TRAIN
1,2017-07-03 09:22:00,2017-07-03 09:08:00,2017-07-03 09:22:00,TRAIN
1,2017-07-03 09:23:00,2017-07-03 09:09:00,2017-07-03 09:23:00,TRAIN
1,2017-07-03 09:24:00,2017-07-03 09:10:00,2017-07-03 09:24:00,TRAIN
1,2017-07-03 09:25:00,2017-07-03 09:11:00,2017-07-03 09:25:00,TRAIN
1,2017-07-03 09:26:00,2017-07-03 09:12:00,2017-07-03 09:26:00,TRAIN
1,2017-07-03 09:27:00,2017-07-03 09:13:00,2017-07-03 09:27:00,TRAIN
1,2017-07-03 09:28:00,2017-07-03 09:14:00,2017-07-03 09:28:00,TRAIN
1,2017-07-03 09:29:00,2017-07-03 09:15:00,2017-07-03 09:29:00,TRAIN
1,2017-07-03 09:30:00,2017-07-03 09:16:00,2017-07-03 09:30:00,TRAIN
1,2017-07-03 09:31:00,2017-07-03 09:17:00,2017-07-03 09:31:00,TRAIN
1,2017-07-03 09:32:00,2017-07-03 09:18:00,2017-07-03 09:32:00,TRAIN
1,2017-07-03 09:33:00,2017-07-03 09:19:00,2017-07-03 09:33:00,TRAIN
1,2017-07-03 09:34:00,2017-07-03 09:20:00,2017-07-03 09:34:00,TRAIN
1,2017-07-03 09:35:00,2017-07-03 09:21:00,2017-07-03 09:35:00,TRAIN
1,2017-07-03 09:36:00,2017-07-03 09:22:00,2017-07-03 09:36:00,TRAIN
1,2017-07-03 09:37:00,2017-07-03 09:23:00,2017-07-03 09:37:00,TRAIN
1,2017-07-03 09:38:00,2017-07-03 09:24:00,2017-07-03 09:38:00,TRAIN
1,2017-07-03 09:39:00,2017-07-03 09:25:00,2017-07-03 09:39:00,TRAIN
1,2017-07-03 09:40:00,2017-07-03 09:26:00,2017-07-03 09:40:00,TRAIN
1,2017-07-03 09:41:00,2017-07-03 09:27:00,2017-07-03 09:41:00,TRAIN
1,2017-07-03 09:42:00,2017-07-03 09:28:00,2017-07-03 09:42:00,TRAIN
1,2017-07-03 09:43:00,2017-07-03 09:29:00,2017-07-03 09:43:00,TRAIN
1,2017-07-03 09:44:00,2017-07-03 09:30:00,2017-07-03 09:44:00,TRAIN
1,2017-07-03 09:45:00,2017-07-03 09:31:00,2017-07-03 09:45:00,TRAIN
1,2017-07-03 09:46:00,2017-07-03 09:32:00,2017-07-03 09:46:00,TRAIN
1,2017-07-03 09:47:00,2017-07-03 09:33:00,2017-07-03 09:47:00,TRAIN
1,2017-07-03 09:48:00,2017-07-03 09:34:00,2017-07-03 09:48:00,TRAIN
1,2017-07-03 09:49:00,2017-07-03 09:35:00,2017-07-03 09:49:00,TRAIN
1,2017-07-03 09:50:00,2017-07-03 09:36:00,2017-07-03 09:50:00,TRAIN
1,2017-07-03 09:51:00,2017-07-03 09:37:00,2017-07-03 09:51:00,TRAIN
1,2017-07-03 09:52:00,2017-07-03 09:38:00,2017-07-03 09:52:00,TRAIN
1,2017-07-03 09:53:00,2017-07-03 09:39:00,2017-07-03 09:53:00,TRAIN
1,2017-07-03 09:54:00,2017-07-03 09:40:00,2017-07-03 09:54:00,TRAIN
1,2017-07-03 09:55:00,2017-07-03 09:41:00,2017-07-03 09:55:00,TRAIN
1,2017-07-03 09:56:00,2017-07-03 09:42:00,2017-07-03 09:56:00,TRAIN
1,2017-07-03 09:57:00,2017-07-03 09:43:00,2017-07-03 09:57:00,TRAIN
1,2017-07-03 09:58:00,2017-07-03 09:44:00,2017-07-03 09:58:00,TRAIN
1,2017-07-03 09:59:00,2017-07-03 09:45:00,2017-07-03 09:59:00,TRAIN
1,2017-07-03 10:00:00,2017-07-03 09:46:00,2017-07-03 10:00:00,TRAIN
1,2017-07-03 10:01:00,2017-07-03 09:47:00,2017-07-03 10:01:00,TRAIN
1,2017-07-03 10:02:00,2017-07-03 09:48:00,2017-07-03 10:02:00,TRAIN
1,2017-07-03 10:03:00,2017-07-03 09:49:00,2017-07-03 10:03:00,TRAIN
1,2017-07-03 10:04:00,2017-07-03 09:50:00,2017-07-03 10:04:00,TRAIN
1,2017-07-03 10:05:00,2017-07-03 09:51:00,2017-07-03 10:05:00,TRAIN
1,2017-07-03 10:06:00,2017-07-03 09:52:00,2017-07-03 10:06:00,TRAIN
1,2017-07-03 10:07:00,2017-07-03 09:53:00,2017-07-03 10:07:00,TRAIN
1,2017-07-03 10:08:00,2017-07-03 09:54:00,2017-07-03 10:08:00,TRAIN
1,2017-07-03 10:09:00,2017-07-03 09:55:00,2017-07-03 10:09:00,TRAIN
1,2017-07-03 10:10:00,2017-07-03 09:56:00,2017-07-03 10:10:00,TRAIN
1,2017-07-03 10:11:00,2017-07-03 09:57:00,2017-07-03 10:11:00,TRAIN
1,2017-07-03 10:12:00,2017-07-03 09:58:00,2017-07-03 10:12:00,TRAIN
1,2017-07-03 10:13:00,2017-07-03 09:59:00,2017-07-03 10:13:00,TRAIN
1,2017-07-03 10:14:00,2017-07-03 10:00:00,2017-07-03 10:14:00,TRAIN
1,2017-07-03 10:15:00,2017-07-03 10:01:00,2017-07-03 10:15:00,TRAIN
1,2017-07-03 10:16:00,2017-07-03 10:02:00,2017-07-03 10:16:00,TRAIN
1,2017-07-03 10:17:00,2017-07-03 10:03:00,2017-07-03 10:17:00,TRAIN
1,2017-07-03 10:18:00,2017-07-03 10:04:00,2017-07-03 10:18:00,TRAIN
1,2017-07-03 10:19:00,2017-07-03 10:05:00,2017-07-03 10:19:00,TRAIN
1,2017-07-03 10:20:00,2017-07-03 10:06:00,2017-07-03 10:20:00,TRAIN
1,2017-07-03 10:21:00,2017-07-03 10:07:00,2017-07-03 10:21:00,TRAIN
1,2017-07-03 10:22:00,2017-07-03 10:08:00,2017-07-03 10:22:00,TRAIN
1,2017-07-03 10:23:00,2017-07-03 10:09:00,2017-07-03 10:23:00,TRAIN
1,2017-07-03 10:24:00,2017-07-03 10:10:00,2017-07-03 10:24:00,TRAIN
1,2017-07-03 10:25:00,2017-07-03 10:11:00,2017-07-03 10:25:00,TRAIN
1,2017-07-03 10:26:00,2017-07-03 10:12:00,2017-07-03 10:26:00,TRAIN
1,2017-07-03 10:27:00,2017-07-03 10:13:00,2017-07-03 10:27:00,TRAIN
1,2017-07-03 10:28:00,2017-07-03 10:14:00,2017-07-03 10:28:00,TRAIN
1,2017-07-03 10:29:00,2017-07-03 10:15:00,2017-07-03 10:29:00,TRAIN
1,2017-07-03 10:30:00,2017-07-03 10:16:00,2017-07-03 10:30:00,TRAIN
1,2017-07-03 10:31:00,2017-07-03 10:17:00,2017-07-03 10:31:00,TRAIN
1,2017-07-03 10:32:00,2017-07-03 10:18:00,2017-07-03 10:32:00,TRAIN
1,2017-07-03 10:33:00,2017-07-03 10:19:00,2017-07-03 10:33:00,TRAIN
1,2017-07-03 10:34:00,2017-07-03 10:20:00,2017-07-03 10:34:00,TRAIN
1,2017-07-03 10:35:00,2017-07-03 10:21:00,2017-07-03 10:35:00,TRAIN
1,2017-07-03 10:36:00,2017-07-03 10:22:00,2017-07-03 10:36:00,TRAIN
1,2017-07-03 10:37:00,2017-07-03 10:23:00,2017-07-03 10:37:00,TRAIN
1,2017-07-03 10:38:00,2017-07-03 10:24:00,2017-07-03 10:38:00,TRAIN
1,2017-07-03 10:39:00,2017-07-03 10:25:00,2017-07-03 10:39:00,TRAIN
1,2017-07-03 10:40:00,2017-07-03 10:26:00,2017-07-03 10:40:00,TRAIN
1,2017-07-03 10:41:00,2017-07-03 10:27:00,2017-07-03 10:41:00,TRAIN
1,2017-07-03 10:42:00,2017-07-03 10:28:00,2017-07-03 10:42:00,TRAIN
1,2017-07-03 10:43:00,2017-07-03 10:29:00,2017-07-03 10:43:00,TRAIN
1,2017-07-03 10:44:00,2017-07-03 10:30:00,2017-07-03 10:44:00,TRAIN
1,2017-07-03 10:45:00,2017-07-03 10:31:00,2017-07-03 10:45:00,TRAIN
1,2017-07-03 10:46:00,2017-07-03 10:32:00,2017-07-03 10:46:00,TRAIN
1,2017-07-03 10:47:00,2017-07-03 10:33:00,2017-07-03 10:47:00,TRAIN
1,2017-07-03 10:48:00,2017-07-03 10:34:00,2017-07-03 10:48:00,TRAIN
1,2017-07-03 10:49:00,2017-07-03 10:35:00,2017-07-03 10:49:00,TRAIN
1,2017-07-03 10:50:00,2017-07-03 10:36:00,2017-07-03 10:50:00,TRAIN
1,2017-07-03 10:51:00,2017-07-03 10:37:00,2017-07-03 10:51:00,TRAIN
1,2017-07-03 10:52:00,2017-07-03 10:38:00,2017-07-03 10:52:00,TRAIN
1,2017-07-03 10:53:00,2017-07-03 10:39:00,2017-07-03 10:53:00,TRAIN
1,2017-07-03 10:54:00,2017-07-03 10:40:00,2017-07-03 10:54:00,TRAIN
1,2017-07-03 10:55:00,2017-07-03 10:41:00,2017-07-03 10:55:00,TRAIN
1,2017-07-03 10:56:00,2017-07-03 10:42:00,2017-07-03 10:56:00,TRAIN
1,2017-07-03 10:57:00,2017-07-03 10:43:00,2017-07-03 10:57:00,TRAIN
1,2017-07-03 10:58:00,2017-07-03 10:44:00,2017-07-03 10:58:00,TRAIN
1,2017-07-03 10:59:00,2017-07-03 10:45:00,2017-07-03 10:59:00,TRAIN
1,2017-07-03 11:00:00,2017-07-03 10:46:00,2017-07-03 11:00:00,TRAIN
1,2017-07-03 11:01:00,2017-07-03 10:47:00,2017-07-03 11:01:00,TRAIN
1,2017-07-03 11:02:00,2017-07-03 10:48:00,2017-07-03 11:02:00,TRAIN
1,2017-07-03 11:03:00,2017-07-03 10:49:00,2017-07-03 11:03:00,TRAIN
1,2017-07-03 11:04:00,2017-07-03 10:50:00,2017-07-03 11:04:00,TRAIN
1,2017-07-03 11:05:00,2017-07-03 10:51:00,2017-07-03 11:05:00,TRAIN
1,2017-07-03 11:06:00,2017-07-03 10:52:00,2017-07-03 11:06:00,TRAIN
1,2017-07-03 11:07:00,2017-07-03 10:53:00,2017-07-03 11:07:00,TRAIN
1,2017-07-03 11:08:00,2017-07-03 10:54:00,2017-07-03 11:08:00,TRAIN
1,2017-07-03 11:09:00,2017-07-03 10:55:00,2017-07-03 11:09:00,TRAIN
1,2017-07-03 11:10:00,2017-07-03 10:56:00,2017-07-03 11:10:00,TRAIN
1,2017-07-03 11:11:00,2017-07-03 10:57:00,2017-07-03 11:11:00,TRAIN
1,2017-07-03 11:12:00,2017-07-03 10:58:00,2017-07-03 11:12:00,TRAIN
1,2017-07-03 11:13:00,2017-07-03 10:59:00,2017-07-03 11:13:00,TRAIN
1,2017-07-03 11:14:00,2017-07-03 11:00:00,2017-07-03 11:14:00,TRAIN
1,2017-07-03 11:15:00,2017-07-03 11:01:00,2017-07-03 11:15:00,TRAIN
1,2017-07-03 11:16:00,2017-07-03 11:02:00,2017-07-03 11:16:00,TRAIN
1,2017-07-03 11:17:00,2017-07-03 11:03:00,2017-07-03 11:17:00,TRAIN
1,2017-07-03 11:18:00,2017-07-03 11:04:00,2017-07-03 11:18:00,TRAIN
1,2017-07-03 11:19:00,2017-07-03 11:05:00,2017-07-03 11:19:00,TRAIN
1,2017-07-03 11:20:00,2017-07-03 11:06:00,2017-07-03 11:20:00,TRAIN
1,2017-07-03 11:21:00,2017-07-03 11:07:00,2017-07-03 11:21:00,TRAIN
1,2017-07-03 11:22:00,2017-07-03 11:08:00,2017-07-03 11:22:00,TRAIN
1,2017-07-03 11:23:00,2017-07-03 11:09:00,2017-07-03 11:23:00,TRAIN
1,2017-07-03 11:24:00,2017-07-03 11:10:00,2017-07-03 11:24:00,TRAIN
1,2017-07-03 11:25:00,2017-07-03 11:11:00,2017-07-03 11:25:00,TRAIN
1,2017-07-03 11:26:00,2017-07-03 11:12:00,2017-07-03 11:26:00,TRAIN
1,2017-07-03 11:27:00,2017-07-03 11:13:00,2017-07-03 11:27:00,TRAIN
1,2017-07-03 11:28:00,2017-07-03 11:14:00,2017-07-03 11:28:00,TRAIN
1,2017-07-03 11:29:00,2017-07-03 11:15:00,2017-07-03 11:29:00,TRAIN
1,2017-07-03 11:30:00,2017-07-03 11:16:00,2017-07-03 11:30:00,TRAIN
1,2017-07-03 11:31:00,2017-07-03 11:17:00,2017-07-03 11:31:00,TRAIN
1,2017-07-03 11:32:00,2017-07-03 11:18:00,2017-07-03 11:32:00,TRAIN
1,2017-07-03 11:33:00,2017-07-03 11:19:00,2017-07-03 11:33:00,TRAIN
1,2017-07-03 11:34:00,2017-07-03 11:20:00,2017-07-03 11:34:00,TRAIN
1,2017-07-03 11:35:00,2017-07-03 11:21:00,2017-07-03 11:35:00,TRAIN
1,2017-07-03 11:36:00,2017-07-03 11:22:00,2017-07-03 11:36:00,TRAIN
1,2017-07-03 11:37:00,2017-07-03 11:23:00,2017-07-03 11:37:00,TRAIN
1,2017-07-03 11:38:00,2017-07-03 11:24:00,2017-07-03 11:38:00,TRAIN
1,2017-07-03 11:39:00,2017-07-03 11:25:00,2017-07-03 11:39:00,TRAIN
1,2017-07-03 11:40:00,2017-07-03 11:26:00,2017-07-03 11:40:00,TRAIN
1,2017-07-03 11:41:00,2017-07-03 11:27:00,2017-07-03 11:41:00,TRAIN
1,2017-07-03 11:42:00,2017-07-03 11:28:00,2017-07-03 11:42:00,TRAIN
1,2017-07-03 11:43:00,2017-07-03 11:29:00,2017-07-03 11:43:00,TRAIN
1,2017-07-03 11:44:00,2017-07-03 11:30:00,2017-07-03 11:44:00,TRAIN
1,2017-07-03 11:45:00,2017-07-03 11:31:00,2017-07-03 11:45:00,TRAIN
1,2017-07-03 11:46:00,2017-07-03 11:32:00,2017-07-03 11:46:00,TRAIN
1,2017-07-03 11:47:00,2017-07-03 11:33:00,2017-07-03 11:47:00,TRAIN
1,2017-07-03 11:48:00,2017-07-03 11:34:00,2017-07-03 11:48:00,TRAIN
1,2017-07-03 11:49:00,2017-07-03 11:35:00,2017-07-03 11:49:00,TRAIN
1,2017-07-03 11:50:00,2017-07-03 11:36:00,2017-07-03 11:50:00,TRAIN
1,2017-07-03 11:51:00,2017-07-03 11:37:00,2017-07-03 11:51:00,TRAIN
1,2017-07-03 11:52:00,2017-07-03 11:38:00,2017-07-03 11:52:00,TRAIN
1,2017-07-03 11:53:00,2017-07-03 11:39:00,2017-07-03 11:53:00,TRAIN
1,2017-07-03 11:54:00,2017-07-03 11:40:00,2017-07-03 11:54:00,TRAIN
1,2017-07-03 11:55:00,2017-07-03 11:41:00,2017-07-03 11:55:00,TRAIN
1,2017-07-03 11:56:00,2017-07-03 11:42:00,2017-07-03 11:56:00,TRAIN
1,2017-07-03 11:57:00,2017-07-03 11:43:00,2017-07-03 11:57:00,TRAIN
1,2017-07-03 11:58:00,2017-07-03 11:44:00,2017-07-03 11:58:00,TRAIN
1,2017-07-03 11:59:00,2017-07-03 11:45:00,2017-07-03 11:59:00,TRAIN
1,2017-07-03 12:00:00,2017-07-03 11:46:00,2017-07-03 12:00:00,TRAIN
1,2017-07-03 12:01:00,2017-07-03 11:47:00,2017-07-03 12:01:00,TRAIN
1,2017-07-03 12:02:00,2017-07-03 11:48:00,2017-07-03 12:02:00,TRAIN
1,2017-07-03 12:03:00,2017-07-03 11:49:00,2017-07-03 12:03:00,TRAIN
1,2017-07-03 12:04:00,2017-07-03 11:50:00,2017-07-03 12:04:00,TRAIN
1,2017-07-03 12:05:00,2017-07-03 11:51:00,2017-07-03 12:05:00,TRAIN
1,2017-07-03 12:06:00,2017-07-03 11:52:00,2017-07-03 12:06:00,TRAIN
1,2017-07-03 12:07:00,2017-07-03 11:53:00,2017-07-03 12:07:00,TRAIN
1,2017-07-03 12:08:00,2017-07-03 11:54:00,2017-07-03 12:08:00,TRAIN
1,2017-07-03 12:09:00,2017-07-03 11:55:00,2017-07-03 12:09:00,TRAIN
1,2017-07-03 12:10:00,2017-07-03 11:56:00,2017-07-03 12:10:00,TRAIN
1,2017-07-03 12:11:00,2017-07-03 11:57:00,2017-07-03 12:11:00,TRAIN
1,2017-07-03 12:12:00,2017-07-03 11:58:00,2017-07-03 12:12:00,TRAIN
1,2017-07-03 12:13:00,2017-07-03 11:59:00,2017-07-03 12:13:00,TRAIN
1,2017-07-03 12:14:00,2017-07-03 12:00:00,2017-07-03 12:14:00,TRAIN
1,2017-07-03 12:15:00,2017-07-03 12:01:00,2017-07-03 12:15:00,TRAIN
1,2017-07-03 12:16:00,2017-07-03 12:02:00,2017-07-03 12:16:00,TRAIN
1,2017-07-03 12:17:00,2017-07-03 12:03:00,2017-07-03 12:17:00,TRAIN
1,2017-07-03 12:18:00,2017-07-03 12:04:00,2017-07-03 12:18:00,TRAIN
1,2017-07-03 12:19:00,2017-07-03 12:05:00,2017-07-03 12:19:00,TRAIN
1,2017-07-03 12:20:00,2017-07-03 12:06:00,2017-07-03 12:20:00,TRAIN
1,2017-07-03 12:21:00,2017-07-03 12:07:00,2017-07-03 12:21:00,TRAIN
1,2017-07-03 12:22:00,2017-07-03 12:08:00,2017-07-03 12:22:00,TRAIN
1,2017-07-03 12:23:00,2017-07-03 12:09:00,2017-07-03 12:23:00,TRAIN
1,2017-07-03 12:24:00,2017-07-03 12:10:00,2017-07-03 12:24:00,TRAIN
1,2017-07-03 12:25:00,2017-07-03 12:11:00,2017-07-03 12:25:00,TRAIN
1,2017-07-03 12:26:00,2017-07-03 12:12:00,2017-07-03 12:26:00,TRAIN
1,2017-07-03 12:27:00,2017-07-03 12:13:00,2017-07-03 12:27:00,TRAIN
1,2017-07-03 12:28:00,2017-07-03 12:14:00,2017-07-03 12:28:00,TRAIN
1,2017-07-03 12:29:00,2017-07-03 12:15:00,2017-07-03 12:29:00,TRAIN
2,2017-07-04 01:14:00,2017-07-04 01:00:00,2017-07-04 01:14:00,TRAIN
2,2017-07-04 01:15:00,2017-07-04 01:01:00,2017-07-04 01:15:00,TRAIN
2,2017-07-04 01:16:00,2017-07-04 01:02:00,2017-07-04 01:16:00,TRAIN
2,2017-07-04 01:17:00,2017-07-04 01:03:00,2017-07-04 01:17:00,TRAIN
2,2017-07-04 01:18:00,2017-07-04 01:04:00,2017-07-04 01:18:00,TRAIN
2,2017-07-04 01:19:00,2017-07-04 01:05:00,2017-07-04 01:19:00,TRAIN
2,2017-07-04 01:20:00,2017-07-04 01:06:00,2017-07-04 01:20:00,TRAIN
2,2017-07-04 01:21:00,2017-07-04 01:07:00,2017-07-04 01:21:00,TRAIN
2,2017-07-04 01:22:00,2017-07-04 01:08:00,2017-07-04 01:22:00,TRAIN
2,2017-07-04 01:23:00,2017-07-04 01:09:00,2017-07-04 01:23:00,TRAIN
2,2017-07-04 01:24:00,2017-07-04 01:10:00,2017-07-04 01:24:00,TRAIN
2,2017-07-04 01:25:00,2017-07-04 01:11:00,2017-07-04 01:25:00,TRAIN
2,2017-07-04 01:26:00,2017-07-04 01:12:00,2017-07-04 01:26:00,TRAIN
2,2017-07-04 01:27:00,2017-07-04 01:13:00,2017-07-04 01:27:00,TRAIN
2,2017-07-04 01:28:00,2017-07-04 01:14:00,2017-07-04 01:28:00,TRAIN
2,2017-07-04 01:29:00,2017-07-04 01:15:00,2017-07-04 01:29:00,TRAIN
2,2017-07-04 01:30:00,2017-07-04 01:16:00,2017-07-04 01:30:00,TRAIN
2,2017-07-04 01:31:00,2017-07-04 01:17:00,2017-07-04 01:31:00,TRAIN
2,2017-07-04 01:32:00,2017-07-04 01:18:00,2017-07-04 01:32:00,TRAIN
2,2017-07-04 01:33:00,2017-07-04 01:19:00,2017-07-04 01:33:00,TRAIN
2,2017-07-04 01:34:00,2017-07-04 01:20:00,2017-07-04 01:34:00,TRAIN
2,2017-07-04 01:35:00,2017-07-04 01:21:00,2017-07-04 01:35:00,TRAIN
2,2017-07-04 01:36:00,2017-07-04 01:22:00,2017-07-04 01:36:00,TRAIN
2,2017-07-04 01:37:00,2017-07-04 01:23:00,2017-07-04 01:37:00,TRAIN
2,2017-07-04 01:38:00,2017-07-04 01:24:00,2017-07-04 01:38:00,TRAIN
2,2017-07-04 01:39:00,2017-07-04 01:25:00,2017-07-04 01:39:00,TRAIN
2,2017-07-04 01:40:00,2017-07-04 01:26:00,2017-07-04 01:40:00,TRAIN
2,2017-07-04 01:41:00,2017-07-04 01:27:00,2017-07-04 01:41:00,TRAIN
2,2017-07-04 01:42:00,2017-07-04 01:28:00,2017-07-04 01:42:00,TRAIN
2,2017-07-04 01:43:00,2017-07-04 01:29:00,2017-07-04 01:43:00,TRAIN
2,2017-07-04 01:44:00,2017-07-04 01:30:00,2017-07-04 01:44:00,TRAIN
2,2017-07-04 01:45:00,2017-07-04 01:31:00,2017-07-04 01:45:00,TRAIN
2,2017-07-04 01:46:00,2017-07-04 01:32:00,2017-07-04 01:46:00,TRAIN
2,2017-07-04 01:47:00,2017-07-04 01:33:00,2017-07-04 01:47:00,TRAIN
2,2017-07-04 01:48:00,2017-07-04 01:34:00,2017-07-04 01:48:00,TRAIN
2,2017-07-04 01:49:00,2017-07-04 01:35:00,2017-07-04 01:49:00,TRAIN
2,2017-07-04 01:50:00,2017-07-04 01:36:00,2017-07-04 01:50:00,TRAIN
2,2017-07-04 01:51:00,2017-07-04 01:37:00,2017-07-04 01:51:00,TRAIN
2,2017-07-04 01:52:00,2017-07-04 01:38:00,2017-07-04 01:52:00,TRAIN
2,2017-07-04 01:53:00,2017-07-04 01:39:00,2017-07-04 01:53:00,TRAIN
2,2017-07-04 01:54:00,2017-07-04 01:40:00,2017-07-04 01:54:00,TRAIN
2,2017-07-04 01:55:00,2017-07-04 01:41:00,2017-07-04 01:55:00,TRAIN
2,2017-07-04 01:56:00,2017-07-04 01:42:00,2017-07-04 01:56:00,TRAIN
2,2017-07-04 01:57:00,2017-07-04 01:43:00,2017-07-04 01:57:00,TRAIN
2,2017-07-04 01:58:00,2017-07-04 01:44:00,2017-07-04 01:58:00,TRAIN
2,2017-07-04 01:59:00,2017-07-04 01:45:00,2017-07-04 01:59:00,TRAIN
2,2017-07-04 02:00:00,2017-07-04 01:46:00,2017-07-04 02:00:00,TRAIN
2,2017-07-04 02:01:00,2017-07-04 01:47:00,2017-07-04 02:01:00,TRAIN
2,2017-07-04 02:02:00,2017-07-04 01:48:00,2017-07-04 02:02:00,TRAIN
2,2017-07-04 02:03:00,2017-07-04 01:49:00,2017-07-04 02:03:00,TRAIN
2,2017-07-04 02:04:00,2017-07-04 01:50:00,2017-07-04 02:04:00,TRAIN
2,2017-07-04 02:05:00,2017-07-04 01:51:00,2017-07-04 02:05:00,TRAIN
2,2017-07-04 02:06:00,2017-07-04 01:52:00,2017-07-04 02:06:00,TRAIN
2,2017-07-04 02:07:00,2017-07-04 01:53:00,2017-07-04 02:07:00,TRAIN
2,2017-07-04 02:08:00,2017-07-04 01:54:00,2017-07-04 02:08:00,TRAIN
2,2017-07-04 02:09:00,2017-07-04 01:55:00,2017-07-04 02:09:00,TRAIN
2,2017-07-04 02:10:00,2017-07-04 01:56:00,2017-07-04 02:10:00,TRAIN
2,2017-07-04 02:11:00,2017-07-04 01:57:00,2017-07-04 02:11:00,TRAIN
2,2017-07-04 02:12:00,2017-07-04 01:58:00,2017-07-04 02:12:00,TRAIN
2,2017-07-04 02:13:00,2017-07-04 01:59:00,2017-07-04 02:13:00,TRAIN
2,2017-07-04 02:14:00,2017-07-04 02:00:00,2017-07-04 02:14:00,TRAIN
2,2017-07-04 02:15:00,2017-07-04 02:01:00,2017-07-04 02:15:00,TRAIN
2,2017-07-04 02:16:00,2017-07-04 02:02:00,2017-07-04 02:16:00,TRAIN
2,2017-07-04 02:17:00,2017-07-04 02:03:00,2017-07-04 02:17:00,TRAIN
2,2017-07-04 02:18:00,2017-07-04 02:04:00,2017-07-04 02:18:00,TRAIN
2,2017-07-04 02:19:00,2017-07-04 02:05:00,2017-07-04 02:19:00,TRAIN
2,2017-07-04 02:20:00,2017-07-04 02:06:00,2017-07-04 02:20:00,TRAIN
2,2017-07-04 02:21:00,2017-07-04 02:07:00,2017-07-04 02:21:00,TRAIN
2,2017-07-04 02:22:00,2017-07-04 02:08:00,2017-07-04 02:22:00,TRAIN
2,2017-07-04 02:23:00,2017-07-04 02:09:00,2017-07-04 02:23:00,TRAIN
2,2017-07-04 02:24:00,2017-07-04 02:10:00,2017-07-04 02:24:00,TRAIN
2,2017-07-04 02:25:00,2017-07-04 02:11:00,2017-07-04 02:25:00,TRAIN
2,2017-07-04 02:26:00,2017-07-04 02:12:00,2017-07-04 02:26:00,TRAIN
2,2017-07-04 02:27:00,2017-07-04 02:13:00,2017-07-04 02:27:00,TRAIN
2,2017-07-04 02:28:00,2017-07-04 02:14:00,2017-07-04 02:28:00,TRAIN
2,2017-07-04 02:29:00,2017-07-04 02:15:00,2017-07-04 02:29:00,TRAIN
2,2017-07-04 02:30:00,2017-07-04 02:16:00,2017-07-04 02:30:00,TRAIN
2,2017-07-04 02:31:00,2017-07-04 02:17:00,2017-07-04 02:31:00,TRAIN
2,2017-07-04 02:32:00,2017-07-04 02:18:00,2017-07-04 02:32:00,TRAIN
2,2017-07-04 02:33:00,2017-07-04 02:19:00,2017-07-04 02:33:00,TRAIN
2,2017-07-04 02:34:00,2017-07-04 02:20:00,2017-07-04 02:34:00,TRAIN
2,2017-07-04 02:35:00,2017-07-04 02:21:00,2017-07-04 02:35:00,TRAIN
2,2017-07-04 02:36:00,2017-07-04 02:22:00,2017-07-04 02:36:00,TRAIN
2,2017-07-04 02:37:00,2017-07-04 02:23:00,2017-07-04 02:37:00,TRAIN
2,2017-07-04 02:38:00,2017-07-04 02:24:00,2017-07-04 02:38:00,TRAIN
2,2017-07-04 02:39:00,2017-07-04 02:25:00,2017-07-04 02:39:00,TRAIN
2,2017-07-04 02:40:00,2017-07-04 02:26:00,2017-07-04 02:40:00,TRAIN
2,2017-07-04 02:41:00,2017-07-04 02:27:00,2017-07-04 02:41:00,TRAIN
2,2017-07-04 02:42:00,2017-07-04 02:28:00,2017-07-04 02:42:00,TRAIN
2,2017-07-04 02:43:00,2017-07-04 02:29:00,2017-07-04 02:43:00,TRAIN
2,2017-07-04 02:44:00,2017-07-04 02:30:00,2017-07-04 02:44:00,TRAIN
2,2017-07-04 02:45:00,2017-07-04 02:31:00,2017-07-04 02:45:00,TRAIN
2,2017-07-04 02:46:00,2017-07-04 02:32:00,2017-07-04 02:46:00,TRAIN
2,2017-07-04 02:47:00,2017-07-04 02:33:00,2017-07-04 02:47:00,TRAIN
2,2017-07-04 02:48:00,2017-07-04 02:34:00,2017-07-04 02:48:00,TRAIN
2,2017-07-04 02:49:00,2017-07-04 02:35:00,2017-07-04 02:49:00,TRAIN
2,2017-07-04 02:50:00,2017-07-04 02:36:00,2017-07-04 02:50:00,TRAIN
2,2017-07-04 02:51:00,2017-07-04 02:37:00,2017-07-04 02:51:00,TRAIN
2,2017-07-04 02:52:00,2017-07-04 02:38:00,2017-07-04 02:52:00,TRAIN
2,2017-07-04 02:53:00,2017-07-04 02:39:00,2017-07-04 02:53:00,TRAIN
2,2017-07-04 02:54:00,2017-07-04 02:40:00,2017-07-04 02:54:00,TRAIN
2,2017-07-04 02:55:00,2017-07-04 02:41:00,2017-07-04 02:55:00,TRAIN
2,2017-07-04 02:56:00,2017-07-04 02:42:00,2017-07-04 02:56:00,TRAIN
2,2017-07-04 02:57:00,2017-07-04 02:43:00,2017-07-04 02:57:00,TRAIN
2,2017-07-04 02:58:00,2017-07-04 02:44:00,2017-07-04 02:58:00,TRAIN
2,2017-07-04 02:59:00,2017-07-04 02:45:00,2017-07-04 02:59:00,TRAIN
2,2017-07-04 03:00:00,2017-07-04 02:46:00,2017-07-04 03:00:00,TRAIN
2,2017-07-04 03:01:00,2017-07-04 02:47:00,2017-07-04 03:01:00,TRAIN
2,2017-07-04 03:02:00,2017-07-04 02:48:00,2017-07-04 03:02:00,TRAIN
2,2017-07-04 03:03:00,2017-07-04 02:49:00,2017-07-04 03:03:00,TRAIN
2,2017-07-04 03:04:00,2017-07-04 02:50:00,2017-07-04 03:04:00,TRAIN
2,2017-07-04 03:05:00,2017-07-04 02:51:00,2017-07-04 03:05:00,TRAIN
2,2017-07-04 03:06:00,2017-07-04 02:52:00,2017-07-04 03:06:00,TRAIN
2,2017-07-04 03:07:00,2017-07-04 02:53:00,2017-07-04 03:07:00,TRAIN
2,2017-07-04 03:08:00,2017-07-04 02:54:00,2017-07-04 03:08:00,TRAIN
2,2017-07-04 03:09:00,2017-07-04 02:55:00,2017-07-04 03:09:00,TRAIN
2,2017-07-04 03:10:00,2017-07-04 02:56:00,2017-07-04 03:10:00,TRAIN
2,2017-07-04 03:11:00,2017-07-04 02:57:00,2017-07-04 03:11:00,TRAIN
2,2017-07-04 03:12:00,2017-07-04 02:58:00,2017-07-04 03:12:00,TRAIN
2,2017-07-04 03:13:00,2017-07-04 02:59:00,2017-07-04 03:13:00,TRAIN
2,2017-07-04 03:14:00,2017-07-04 03:00:00,2017-07-04 03:14:00,TRAIN
2,2017-07-04 03:15:00,2017-07-04 03:01:00,2017-07-04 03:15:00,TRAIN
2,2017-07-04 03:16:00,2017-07-04 03:02:00,2017-07-04 03:16:00,TRAIN
2,2017-07-04 03:17:00,2017-07-04 03:03:00,2017-07-04 03:17:00,TRAIN
2,2017-07-04 03:18:00,2017-07-04 03:04:00,2017-07-04 03:18:00,TRAIN
2,2017-07-04 03:19:00,2017-07-04 03:05:00,2017-07-04 03:19:00,TRAIN
2,2017-07-04 03:20:00,2017-07-04 03:06:00,2017-07-04 03:20:00,TRAIN
2,2017-07-04 03:21:00,2017-07-04 03:07:00,2017-07-04 03:21:00,TRAIN
2,2017-07-04 03:22:00,2017-07-04 03:08:00,2017-07-04 03:22:00,TRAIN
2,2017-07-04 03:23:00,2017-07-04 03:09:00,2017-07-04 03:23:00,TRAIN
2,2017-07-04 03:24:00,2017-07-04 03:10:00,2017-07-04 03:24:00,TRAIN
2,2017-07-04 03:25:00,2017-07-04 03:11:00,2017-07-04 03:25:00,TRAIN
2,2017-07-04 03:26:00,2017-07-04 03:12:00,2017-07-04 03:26:00,TRAIN
2,2017-07-04 03:27:00,2017-07-04 03:13:00,2017-07-04 03:27:00,TRAIN
2,2017-07-04 03:28:00,2017-07-04 03:14:00,2017-07-04 03:28:00,TRAIN
2,2017-07-04 03:29:00,2017-07-04 03:15:00,2017-07-04 03:29:00,TRAIN
2,2017-07-04 03:30:00,2017-07-04 03:16:00,2017-07-04 03:30:00,TRAIN
2,2017-07-04 03:31:00,2017-07-04 03:17:00,2017-07-04 03:31:00,TRAIN
2,2017-07-04 03:32:00,2017-07-04 03:18:00,2017-07-04 03:32:00,TRAIN
2,2017-07-04 03:33:00,2017-07-04 03:19:00,2017-07-04 03:33:00,TRAIN
2,2017-07-04 03:34:00,2017-07-04 03:20:00,2017-07-04 03:34:00,TRAIN
2,2017-07-04 03:35:00,2017-07-04 03:21:00,2017-07-04 03:35:00,TRAIN
2,2017-07-04 03:36:00,2017-07-04 03:22:00,2017-07-04 03:36:00,TRAIN
2,2017-07-04 03:37:00,2017-07-04 03:23:00,2017-07-04 03:37:00,TRAIN
2,2017-07-04 03:38:00,2017-07-04 03:24:00,2017-07-04 03:38:00,TRAIN
2,2017-07-04 03:39:00,2017-07-04 03:25:00,2017-07-04 03:39:00,TRAIN
2,2017-07-04 03:40:00,2017-07-04 03:26:00,2017-07-04 03:40:00,TRAIN
2,2017-07-04 03:41:00,2017-07-04 03:27:00,2017-07-04 03:41:00,TRAIN
2,2017-07-04 03:42:00,2017-07-04 03:28:00,2017-07-04 03:42:00,TRAIN
2,2017-07-04 03:43:00,2017-07-04 03:29:00,2017-07-04 03:43:00,TRAIN
2,2017-07-04 03:44:00,2017-07-04 03:30:00,2017-07-04 03:44:00,TRAIN
2,2017-07-04 03:45:00,2017-07-04 03:31:00,2017-07-04 03:45:00,TRAIN
2,2017-07-04 03:46:00,2017-07-04 03:32:00,2017-07-04 03:46:00,TRAIN
2,2017-07-04 03:47:00,2017-07-04 03:33:00,2017-07-04 03:47:00,TRAIN
2,2017-07-04 03:48:00,2017-07-04 03:34:00,2017-07-04 03:48:00,TRAIN
2,2017-07-04 03:49:00,2017-07-04 03:35:00,2017-07-04 03:49:00,TRAIN
2,2017-07-04 03:50:00,2017-07-04 03:36:00,2017-07-04 03:50:00,TRAIN
2,2017-07-04 03:51:00,2017-07-04 03:37:00,2017-07-04 03:51:00,TRAIN
2,2017-07-04 03:52:00,2017-07-04 03:38:00,2017-07-04 03:52:00,TRAIN
2,2017-07-04 03:53:00,2017-07-04 03:39:00,2017-07-04 03:53:00,TRAIN
2,2017-07-04 03:54:00,2017-07-04 03:40:00,2017-07-04 03:54:00,TRAIN
2,2017-07-04 03:55:00,2017-07-04 03:41:00,2017-07-04 03:55:00,TRAIN
2,2017-07-04 03:56:00,2017-07-04 03:42:00,2017-07-04 03:56:00,TRAIN
2,2017-07-04 03:57:00,2017-07-04 03:43:00,2017-07-04 03:57:00,TRAIN
2,2017-07-04 03:58:00,2017-07-04 03:44:00,2017-07-04 03:58:00,TRAIN
2,2017-07-04 03:59:00,2017-07-04 03:45:00,2017-07-04 03:59:00,TRAIN
2,2017-07-04 04:00:00,2017-07-04 03:46:00,2017-07-04 04:00:00,TRAIN
2,2017-07-04 04:01:00,2017-07-04 03:47:00,2017-07-04 04:01:00,TRAIN
2,2017-07-04 04:02:00,2017-07-04 03:48:00,2017-07-04 04:02:00,TRAIN
2,2017-07-04 04:03:00,2017-07-04 03:49:00,2017-07-04 04:03:00,TRAIN
2,2017-07-04 04:04:00,2017-07-04 03:50:00,2017-07-04 04:04:00,TRAIN
2,2017-07-04 04:05:00,2017-07-04 03:51:00,2017-07-04 04:05:00,TRAIN
2,2017-07-04 04:06:00,2017-07-04 03:52:00,2017-07-04 04:06:00,TRAIN
2,2017-07-04 04:07:00,2017-07-04 03:53:00,2017-07-04 04:07:00,TRAIN
2,2017-07-04 04:08:00,2017-07-04 03:54:00,2017-07-04 04:08:00,TRAIN
2,2017-07-04 04:09:00,2017-07-04 03:55:00,2017-07-04 04:09:00,TRAIN
2,2017-07-04 04:10:00,2017-07-04 03:56:00,2017-07-04 04:10:00,TRAIN
2,2017-07-04 04:11:00,2017-07-04 03:57:00,2017-07-04 04:11:00,TRAIN
2,2017-07-04 04:12:00,2017-07-04 03:58:00,2017-07-04 04:12:00,TRAIN
2,2017-07-04 04:13:00,2017-07-04 03:59:00,2017-07-04 04:13:00,TRAIN
2,2017-07-04 04:14:00,2017-07-04 04:00:00,2017-07-04 04:14:00,TRAIN
2,2017-07-04 04:15:00,2017-07-04 04:01:00,2017-07-04 04:15:00,TRAIN
2,2017-07-04 04:16:00,2017-07-04 04:02:00,2017-07-04 04:16:00,TRAIN
2,2017-07-04 04:17:00,2017-07-04 04:03:00,2017-07-04 04:17:00,TRAIN
2,2017-07-04 04:18:00,2017-07-04 04:04:00,2017-07-04 04:18:00,TRAIN
2,2017-07-04 04:19:00,2017-07-04 04:05:00,2017-07-04 04:19:00,TRAIN
2,2017-07-04 04:20:00,2017-07-04 04:06:00,2017-07-04 04:20:00,TRAIN
2,2017-07-04 04:21:00,2017-07-04 04:07:00,2017-07-04 04:21:00,TRAIN
2,2017-07-04 04:22:00,2017-07-04 04:08:00,2017-07-04 04:22:00,TRAIN
2,2017-07-04 04:23:00,2017-07-04 04:09:00,2017-07-04 04:23:00,TRAIN
2,2017-07-04 04:24:00,2017-07-04 04:10:00,2017-07-04 04:24:00,TRAIN
2,2017-07-04 04:25:00,2017-07-04 04:11:00,2017-07-04 04:25:00,TRAIN
2,2017-07-04 04:26:00,2017-07-04 04:12:00,2017-07-04 04:26:00,TRAIN
2,2017-07-04 04:27:00,2017-07-04 04:13:00,2017-07-04 04:27:00,TRAIN
2,2017-07-04 04:28:00,2017-07-04 04:14:00,2017-07-04 04:28:00,TRAIN
2,2017-07-04 04:29:00,2017-07-04 04:15:00,2017-07-04 04:29:00,TRAIN
2,2017-07-04 04:30:00,2017-07-04 04:16:00,2017-07-04 04:30:00,TRAIN
3,2017-07-04 09:07:00,2017-07-04 08:53:00,2017-07-04 09:07:00,TRAIN
3,2017-07-04 09:08:00,2017-07-04 08:54:00,2017-07-04 09:08:00,TRAIN
3,2017-07-04 09:09:00,2017-07-04 08:55:00,2017-07-04 09:09:00,TRAIN
3,2017-07-04 09:10:00,2017-07-04 08:56:00,2017-07-04 09:10:00,TRAIN
3,2017-07-04 09:11:00,2017-07-04 08:57:00,2017-07-04 09:11:00,TRAIN
3,2017-07-04 09:12:00,2017-07-04 08:58:00,2017-07-04 09:12:00,TRAIN
3,2017-07-04 09:13:00,2017-07-04 08:59:00,2017-07-04 09:13:00,TRAIN
3,2017-07-04 09:14:00,2017-07-04 09:00:00,2017-07-04 09:14:00,TRAIN
3,2017-07-04 09:15:00,2017-07-04 09:01:00,2017-07-04 09:15:00,TRAIN
3,2017-07-04 09:16:00,2017-07-04 09:02:00,2017-07-04 09:16:00,TRAIN
3,2017-07-04 09:17:00,2017-07-04 09:03:00,2017-07-04 09:17:00,TRAIN
3,2017-07-04 09:18:00,2017-07-04 09:04:00,2017-07-04 09:18:00,TRAIN
3,2017-07-04 09:19:00,2017-07-04 09:05:00,2017-07-04 09:19:00,TRAIN
3,2017-07-04 09:20:00,2017-07-04 09:06:00,2017-07-04 09:20:00,TRAIN
3,2017-07-04 09:21:00,2017-07-04 09:07:00,2017-07-04 09:21:00,TRAIN
3,2017-07-04 09:22:00,2017-07-04 09:08:00,2017-07-04 09:22:00,TRAIN
3,2017-07-04 09:23:00,2017-07-04 09:09:00,2017-07-04 09:23:00,TRAIN
3,2017-07-04 09:24:00,2017-07-04 09:10:00,2017-07-04 09:24:00,TRAIN
3,2017-07-04 09:25:00,2017-07-04 09:11:00,2017-07-04 09:25:00,TRAIN
3,2017-07-04 09:26:00,2017-07-04 09:12:00,2017-07-04 09:26:00,TRAIN
3,2017-07-04 09:27:00,2017-07-04 09:13:00,2017-07-04 09:27:00,TRAIN
3,2017-07-04 09:28:00,2017-07-04 09:14:00,2017-07-04 09:28:00,TRAIN
3,2017-07-04 09:29:00,2017-07-04 09:15:00,2017-07-04 09:29:00,TRAIN
3,2017-07-04 09:30:00,2017-07-04 09:16:00,2017-07-04 09:30:00,TRAIN
3,2017-07-04 09:31:00,2017-07-04 09:17:00,2017-07-04 09:31:00,TRAIN
3,2017-07-04 09:32:00,2017-07-04 09:18:00,2017-07-04 09:32:00,TRAIN
3,2017-07-04 09:33:00,2017-07-04 09:19:00,2017-07-04 09:33:00,TRAIN
3,2017-07-04 09:34:00,2017-07-04 09:20:00,2017-07-04 09:34:00,TRAIN
3,2017-07-04 09:35:00,2017-07-04 09:21:00,2017-07-04 09:35:00,TRAIN
3,2017-07-04 09:36:00,2017-07-04 09:22:00,2017-07-04 09:36:00,TRAIN
3,2017-07-04 09:37:00,2017-07-04 09:23:00,2017-07-04 09:37:00,TRAIN
3,2017-07-04 09:38:00,2017-07-04 09:24:00,2017-07-04 09:38:00,TRAIN
3,2017-07-04 09:39:00,2017-07-04 09:25:00,2017-07-04 09:39:00,TRAIN
3,2017-07-04 09:40:00,2017-07-04 09:26:00,2017-07-04 09:40:00,TRAIN
3,2017-07-04 09:41:00,2017-07-04 09:27:00,2017-07-04 09:41:00,TRAIN
3,2017-07-04 09:42:00,2017-07-04 09:28:00,2017-07-04 09:42:00,TRAIN
3,2017-07-04 09:43:00,2017-07-04 09:29:00,2017-07-04 09:43:00,TRAIN
3,2017-07-04 09:44:00,2017-07-04 09:30:00,2017-07-04 09:44:00,TRAIN
3,2017-07-04 09:45:00,2017-07-04 09:31:00,2017-07-04 09:45:00,TRAIN
3,2017-07-04 09:46:00,2017-07-04 09:32:00,2017-07-04 09:46:00,TRAIN
3,2017-07-04 09:47:00,2017-07-04 09:33:00,2017-07-04 09:47:00,TRAIN
3,2017-07-04 09:48:00,2017-07-04 09:34:00,2017-07-04 09:48:00,TRAIN
3,2017-07-04 09:49:00,2017-07-04 09:35:00,2017-07-04 09:49:00,TRAIN
3,2017-07-04 09:50:00,2017-07-04 09:36:00,2017-07-04 09:50:00,TRAIN
3,2017-07-04 09:51:00,2017-07-04 09:37:00,2017-07-04 09:51:00,TRAIN
3,2017-07-04 09:52:00,2017-07-04 09:38:00,2017-07-04 09:52:00,TRAIN
3,2017-07-04 09:53:00,2017-07-04 09:39:00,2017-07-04 09:53:00,TRAIN
3,2017-07-04 09:54:00,2017-07-04 09:40:00,2017-07-04 09:54:00,TRAIN
3,2017-07-04 09:55:00,2017-07-04 09:41:00,2017-07-04 09:55:00,TRAIN
3,2017-07-04 09:56:00,2017-07-04 09:42:00,2017-07-04 09:56:00,TRAIN
3,2017-07-04 09:57:00,2017-07-04 09:43:00,2017-07-04 09:57:00,TRAIN
3,2017-07-04 09:58:00,2017-07-04 09:44:00,2017-07-04 09:58:00,TRAIN
3,2017-07-04 09:59:00,2017-07-04 09:45:00,2017-07-04 09:59:00,TRAIN
3,2017-07-04 10:00:00,2017-07-04 09:46:00,2017-07-04 10:00:00,TRAIN
3,2017-07-04 10:01:00,2017-07-04 09:47:00,2017-07-04 10:01:00,TRAIN
3,2017-07-04 10:02:00,2017-07-04 09:48:00,2017-07-04 10:02:00,TRAIN
3,2017-07-04 10:03:00,2017-07-04 09:49:00,2017-07-04 10:03:00,TRAIN
3,2017-07-04 10:04:00,2017-07-04 09:50:00,2017-07-04 10:04:00,TRAIN
3,2017-07-04 10:05:00,2017-07-04 09:51:00,2017-07-04 10:05:00,TRAIN
3,2017-07-04 10:06:00,2017-07-04 09:52:00,2017-07-04 10:06:00,TRAIN
3,2017-07-04 10:07:00,2017-07-04 09:53:00,2017-07-04 10:07:00,TRAIN
3,2017-07-04 10:08:00,2017-07-04 09:54:00,2017-07-04 10:08:00,TRAIN
3,2017-07-04 10:09:00,2017-07-04 09:55:00,2017-07-04 10:09:00,TRAIN
3,2017-07-04 10:10:00,2017-07-04 09:56:00,2017-07-04 10:10:00,TRAIN
3,2017-07-04 10:11:00,2017-07-04 09:57:00,2017-07-04 10:11:00,TRAIN
3,2017-07-04 10:12:00,2017-07-04 09:58:00,2017-07-04 10:12:00,TRAIN
3,2017-07-04 10:13:00,2017-07-04 09:59:00,2017-07-04 10:13:00,TRAIN
3,2017-07-04 10:14:00,2017-07-04 10:00:00,2017-07-04 10:14:00,TRAIN
3,2017-07-04 10:15:00,2017-07-04 10:01:00,2017-07-04 10:15:00,TRAIN
3,2017-07-04 10:16:00,2017-07-04 10:02:00,2017-07-04 10:16:00,TRAIN
3,2017-07-04 10:17:00,2017-07-04 10:03:00,2017-07-04 10:17:00,TRAIN
3,2017-07-04 10:18:00,2017-07-04 10:04:00,2017-07-04 10:18:00,TRAIN
3,2017-07-04 10:19:00,2017-07-04 10:05:00,2017-07-04 10:19:00,TRAIN
3,2017-07-04 10:20:00,2017-07-04 10:06:00,2017-07-04 10:20:00,TRAIN
3,2017-07-04 10:21:00,2017-07-04 10:07:00,2017-07-04 10:21:00,TRAIN
3,2017-07-04 10:22:00,2017-07-04 10:08:00,2017-07-04 10:22:00,TRAIN
3,2017-07-04 10:23:00,2017-07-04 10:09:00,2017-07-04 10:23:00,TRAIN
3,2017-07-04 10:24:00,2017-07-04 10:10:00,2017-07-04 10:24:00,TRAIN
3,2017-07-04 10:25:00,2017-07-04 10:11:00,2017-07-04 10:25:00,TRAIN
3,2017-07-04 10:26:00,2017-07-04 10:12:00,2017-07-04 10:26:00,TRAIN
3,2017-07-04 10:27:00,2017-07-04 10:13:00,2017-07-04 10:27:00,TRAIN
3,2017-07-04 10:28:00,2017-07-04 10:14:00,2017-07-04 10:28:00,TRAIN
3,2017-07-04 10:29:00,2017-07-04 10:15:00,2017-07-04 10:29:00,TRAIN
3,2017-07-04 10:30:00,2017-07-04 10:16:00,2017-07-04 10:30:00,TRAIN
3,2017-07-04 10:31:00,2017-07-04 10:17:00,2017-07-04 10:31:00,TRAIN
3,2017-07-04 10:32:00,2017-07-04 10:18:00,2017-07-04 10:32:00,TRAIN
3,2017-07-04 10:33:00,2017-07-04 10:19:00,2017-07-04 10:33:00,TRAIN
3,2017-07-04 10:34:00,2017-07-04 10:20:00,2017-07-04 10:34:00,TRAIN
3,2017-07-04 10:35:00,2017-07-04 10:21:00,2017-07-04 10:35:00,TRAIN
3,2017-07-04 10:36:00,2017-07-04 10:22:00,2017-07-04 10:36:00,TRAIN
3,2017-07-04 10:37:00,2017-07-04 10:23:00,2017-07-04 10:37:00,TRAIN
3,2017-07-04 10:38:00,2017-07-04 10:24:00,2017-07-04 10:38:00,TRAIN
3,2017-07-04 10:39:00,2017-07-04 10:25:00,2017-07-04 10:39:00,TRAIN
3,2017-07-04 10:40:00,2017-07-04 10:26:00,2017-07-04 10:40:00,TRAIN
3,2017-07-04 10:41:00,2017-07-04 10:27:00,2017-07-04 10:41:00,TRAIN
3,2017-07-04 10:42:00,2017-07-04 10:28:00,2017-07-04 10:42:00,TRAIN
3,2017-07-04 10:43:00,2017-07-04 10:29:00,2017-07-04 10:43:00,TRAIN
3,2017-07-04 10:44:00,2017-07-04 10:30:00,2017-07-04 10:44:00,TRAIN
3,2017-07-04 10:45:00,2017-07-04 10:31:00,2017-07-04 10:45:00,TRAIN
3,2017-07-04 10:46:00,2017-07-04 10:32:00,2017-07-04 10:46:00,TRAIN
3,2017-07-04 10:47:00,2017-07-04 10:33:00,2017-07-04 10:47:00,TRAIN
3,2017-07-04 10:48:00,2017-07-04 10:34:00,2017-07-04 10:48:00,TRAIN
3,2017-07-04 10:49:00,2017-07-04 10:35:00,2017-07-04 10:49:00,TRAIN
3,2017-07-04 10:50:00,2017-07-04 10:36:00,2017-07-04 10:50:00,TRAIN
3,2017-07-04 10:51:00,2017-07-04 10:37:00,2017-07-04 10:51:00,TRAIN
3,2017-07-04 10:52:00,2017-07-04 10:38:00,2017-07-04 10:52:00,TRAIN
3,2017-07-04 10:53:00,2017-07-04 10:39:00,2017-07-04 10:53:00,TRAIN
3,2017-07-04 10:54:00,2017-07-04 10:40:00,2017-07-04 10:54:00,TRAIN
3,2017-07-04 10:55:00,2017-07-04 10:41:00,2017-07-04 10:55:00,TRAIN
3,2017-07-04 10:56:00,2017-07-04 10:42:00,2017-07-04 10:56:00,TRAIN
3,2017-07-04 10:57:00,2017-07-04 10:43:00,2017-07-04 10:57:00,TRAIN
3,2017-07-04 10:58:00,2017-07-04 10:44:00,2017-07-04 10:58:00,TRAIN
3,2017-07-04 10:59:00,2017-07-04 10:45:00,2017-07-04 10:59:00,TRAIN
3,2017-07-04 11:00:00,2017-07-04 10:46:00,2017-07-04 11:00:00,TRAIN
3,2017-07-04 11:01:00,2017-07-04 10:47:00,2017-07-04 11:01:00,TRAIN
3,2017-07-04 11:02:00,2017-07-04 10:48:00,2017-07-04 11:02:00,TRAIN
3,2017-07-04 11:03:00,2017-07-04 10:49:00,2017-07-04 11:03:00,TRAIN
3,2017-07-04 11:04:00,2017-07-04 10:50:00,2017-07-04 11:04:00,TRAIN
3,2017-07-04 11:05:00,2017-07-04 10:51:00,2017-07-04 11:05:00,TRAIN
3,2017-07-04 11:06:00,2017-07-04 10:52:00,2017-07-04 11:06:00,TRAIN
3,2017-07-04 11:07:00,2017-07-04 10:53:00,2017-07-04 11:07:00,TRAIN
3,2017-07-04 11:08:00,2017-07-04 10:54:00,2017-07-04 11:08:00,TRAIN
3,2017-07-04 11:09:00,2017-07-04 10:55:00,2017-07-04 11:09:00,TRAIN
3,2017-07-04 11:10:00,2017-07-04 10:56:00,2017-07-04 11:10:00,TRAIN
3,2017-07-04 11:11:00,2017-07-04 10:57:00,2017-07-04 11:11:00,TRAIN
3,2017-07-04 11:12:00,2017-07-04 10:58:00,2017-07-04 11:12:00,TRAIN
3,2017-07-04 11:13:00,2017-07-04 10:59:00,2017-07-04 11:13:00,TRAIN
3,2017-07-04 11:14:00,2017-07-04 11:00:00,2017-07-04 11:14:00,TRAIN
3,2017-07-04 11:15:00,2017-07-04 11:01:00,2017-07-04 11:15:00,TRAIN
3,2017-07-04 11:16:00,2017-07-04 11:02:00,2017-07-04 11:16:00,TRAIN
3,2017-07-04 11:17:00,2017-07-04 11:03:00,2017-07-04 11:17:00,TRAIN
3,2017-07-04 11:18:00,2017-07-04 11:04:00,2017-07-04 11:18:00,TRAIN
3,2017-07-04 11:19:00,2017-07-04 11:05:00,2017-07-04 11:19:00,TRAIN
3,2017-07-04 11:20:00,2017-07-04 11:06:00,2017-07-04 11:20:00,TRAIN
3,2017-07-04 11:21:00,2017-07-04 11:07:00,2017-07-04 11:21:00,TRAIN
3,2017-07-04 11:22:00,2017-07-04 11:08:00,2017-07-04 11:22:00,TRAIN
3,2017-07-04 11:23:00,2017-07-04 11:09:00,2017-07-04 11:23:00,TRAIN
3,2017-07-04 11:24:00,2017-07-04 11:10:00,2017-07-04 11:24:00,TRAIN
3,2017-07-04 11:25:00,2017-07-04 11:11:00,2017-07-04 11:25:00,TRAIN
3,2017-07-04 11:26:00,2017-07-04 11:12:00,2017-07-04 11:26:00,TRAIN
3,2017-07-04 11:27:00,2017-07-04 11:13:00,2017-07-04 11:27:00,TRAIN
3,2017-07-04 11:28:00,2017-07-04 11:14:00,2017-07-04 11:28:00,TRAIN
3,2017-07-04 11:29:00,2017-07-04 11:15:00,2017-07-04 11:29:00,TRAIN
3,2017-07-04 11:30:00,2017-07-04 11:16:00,2017-07-04 11:30:00,TRAIN
3,2017-07-04 11:31:00,2017-07-04 11:17:00,2017-07-04 11:31:00,TRAIN
3,2017-07-04 11:32:00,2017-07-04 11:18:00,2017-07-04 11:32:00,TRAIN
3,2017-07-04 11:33:00,2017-07-04 11:19:00,2017-07-04 11:33:00,TRAIN
3,2017-07-04 11:34:00,2017-07-04 11:20:00,2017-07-04 11:34:00,TRAIN
3,2017-07-04 11:35:00,2017-07-04 11:21:00,2017-07-04 11:35:00,TRAIN
3,2017-07-04 11:36:00,2017-07-04 11:22:00,2017-07-04 11:36:00,TRAIN
3,2017-07-04 11:37:00,2017-07-04 11:23:00,2017-07-04 11:37:00,TRAIN
3,2017-07-04 11:38:00,2017-07-04 11:24:00,2017-07-04 11:38:00,TRAIN
3,2017-07-04 11:39:00,2017-07-04 11:25:00,2017-07-04 11:39:00,TRAIN
3,2017-07-04 11:40:00,2017-07-04 11:26:00,2017-07-04 11:40:00,TRAIN
3,2017-07-04 11:41:00,2017-07-04 11:27:00,2017-07-04 11:41:00,TRAIN
3,2017-07-04 11:42:00,2017-07-04 11:28:00,2017-07-04 11:42:00,TRAIN
3,2017-07-04 11:43:00,2017-07-04 11:29:00,2017-07-04 11:43:00,TRAIN
3,2017-07-04 11:44:00,2017-07-04 11:30:00,2017-07-04 11:44:00,TRAIN
3,2017-07-04 11:45:00,2017-07-04 11:31:00,2017-07-04 11:45:00,TRAIN
3,2017-07-04 11:46:00,2017-07-04 11:32:00,2017-07-04 11:46:00,TRAIN
3,2017-07-04 11:47:00,2017-07-04 11:33:00,2017-07-04 11:47:00,TRAIN
3,2017-07-04 11:48:00,2017-07-04 11:34:00,2017-07-04 11:48:00,TRAIN
3,2017-07-04 11:49:00,2017-07-04 11:35:00,2017-07-04 11:49:00,TRAIN
3,2017-07-04 11:50:00,2017-07-04 11:36:00,2017-07-04 11:50:00,TRAIN
3,2017-07-04 11:51:00,2017-07-04 11:37:00,2017-07-04 11:51:00,TRAIN
3,2017-07-04 11:52:00,2017-07-04 11:38:00,2017-07-04 11:52:00,TRAIN
3,2017-07-04 11:53:00,2017-07-04 11:39:00,2017-07-04 11:53:00,TRAIN
3,2017-07-04 11:54:00,2017-07-04 11:40:00,2017-07-04 11:54:00,TRAIN
3,2017-07-04 11:55:00,2017-07-04 11:41:00,2017-07-04 11:55:00,TRAIN
3,2017-07-04 11:56:00,2017-07-04 11:42:00,2017-07-04 11:56:00,TRAIN
3,2017-07-04 11:57:00,2017-07-04 11:43:00,2017-07-04 11:57:00,TRAIN
3,2017-07-04 11:58:00,2017-07-04 11:44:00,2017-07-04 11:58:00,TRAIN
3,2017-07-04 11:59:00,2017-07-04 11:45:00,2017-07-04 11:59:00,TRAIN
3,2017-07-04 12:00:00,2017-07-04 11:46:00,2017-07-04 12:00:00,TRAIN
3,2017-07-04 12:01:00,2017-07-04 11:47:00,2017-07-04 12:01:00,TRAIN
3,2017-07-04 12:02:00,2017-07-04 11:48:00,2017-07-04 12:02:00,TRAIN
3,2017-07-04 12:03:00,2017-07-04 11:49:00,2017-07-04 12:03:00,TRAIN
3,2017-07-04 12:04:00,2017-07-04 11:50:00,2017-07-04 12:04:00,TRAIN
3,2017-07-04 12:05:00,2017-07-04 11:51:00,2017-07-04 12:05:00,TRAIN
3,2017-07-04 12:06:00,2017-07-04 11:52:00,2017-07-04 12:06:00,TRAIN
3,2017-07-04 12:07:00,2017-07-04 11:53:00,2017-07-04 12:07:00,TRAIN
3,2017-07-04 12:08:00,2017-07-04 11:54:00,2017-07-04 12:08:00,TRAIN
3,2017-07-04 12:09:00,2017-07-04 11:55:00,2017-07-04 12:09:00,TRAIN
3,2017-07-04 12:10:00,2017-07-04 11:56:00,2017-07-04 12:10:00,TRAIN
3,2017-07-04 12:11:00,2017-07-04 11:57:00,2017-07-04 12:11:00,TRAIN
3,2017-07-04 12:12:00,2017-07-04 11:58:00,2017-07-04 12:12:00,TRAIN
3,2017-07-04 12:13:00,2017-07-04 11:59:00,2017-07-04 12:13:00,TRAIN
3,2017-07-04 12:14:00,2017-07-04 12:00:00,2017-07-04 12:14:00,TRAIN
3,2017-07-04 12:15:00,2017-07-04 12:01:00,2017-07-04 12:15:00,TRAIN
3,2017-07-04 12:16:00,2017-07-04 12:02:00,2017-07-04 12:16:00,TRAIN
3,2017-07-04 12:17:00,2017-07-04 12:03:00,2017-07-04 12:17:00,TRAIN
3,2017-07-04 12:18:00,2017-07-04 12:04:00,2017-07-04 12:18:00,TRAIN
3,2017-07-04 12:19:00,2017-07-04 12:05:00,2017-07-04 12:19:00,TRAIN
3,2017-07-04 12:20:00,2017-07-04 12:06:00,2017-07-04 12:20:00,TRAIN
3,2017-07-04 12:21:00,2017-07-04 12:07:00,2017-07-04 12:21:00,TRAIN
3,2017-07-04 12:22:00,2017-07-04 12:08:00,2017-07-04 12:22:00,TRAIN
3,2017-07-04 12:23:00,2017-07-04 12:09:00,2017-07-04 12:23:00,TRAIN
3,2017-07-04 12:24:00,2017-07-04 12:10:00,2017-07-04 12:24:00,TRAIN
3,2017-07-04 12:25:00,2017-07-04 12:11:00,2017-07-04 12:25:00,TRAIN
3,2017-07-04 12:26:00,2017-07-04 12:12:00,2017-07-04 12:26:00,TRAIN
3,2017-07-04 12:27:00,2017-07-04 12:13:00,2017-07-04 12:27:00,TRAIN
3,2017-07-04 12:28:00,2017-07-04 12:14:00,2017-07-04 12:28:00,TRAIN
3,2017-07-04 12:29:00,2017-07-04 12:15:00,2017-07-04 12:29:00,TRAIN
4,2017-07-05 01:14:00,2017-07-05 01:00:00,2017-07-05 01:14:00,TRAIN
4,2017-07-05 01:15:00,2017-07-05 01:01:00,2017-07-05 01:15:00,TRAIN
4,2017-07-05 01:16:00,2017-07-05 01:02:00,2017-07-05 01:16:00,TRAIN
4,2017-07-05 01:17:00,2017-07-05 01:03:00,2017-07-05 01:17:00,TRAIN
4,2017-07-05 01:18:00,2017-07-05 01:04:00,2017-07-05 01:18:00,TRAIN
4,2017-07-05 01:19:00,2017-07-05 01:05:00,2017-07-05 01:19:00,TRAIN
4,2017-07-05 01:20:00,2017-07-05 01:06:00,2017-07-05 01:20:00,TRAIN
4,2017-07-05 01:21:00,2017-07-05 01:07:00,2017-07-05 01:21:00,TRAIN
4,2017-07-05 01:22:00,2017-07-05 01:08:00,2017-07-05 01:22:00,TRAIN
4,2017-07-05 01:23:00,2017-07-05 01:09:00,2017-07-05 01:23:00,TRAIN
4,2017-07-05 01:24:00,2017-07-05 01:10:00,2017-07-05 01:24:00,TRAIN
4,2017-07-05 01:25:00,2017-07-05 01:11:00,2017-07-05 01:25:00,TRAIN
4,2017-07-05 01:26:00,2017-07-05 01:12:00,2017-07-05 01:26:00,TRAIN
4,2017-07-05 01:27:00,2017-07-05 01:13:00,2017-07-05 01:27:00,TRAIN
4,2017-07-05 01:28:00,2017-07-05 01:14:00,2017-07-05 01:28:00,TRAIN
4,2017-07-05 01:29:00,2017-07-05 01:15:00,2017-07-05 01:29:00,TRAIN
4,2017-07-05 01:30:00,2017-07-05 01:16:00,2017-07-05 01:30:00,TRAIN
4,2017-07-05 01:31:00,2017-07-05 01:17:00,2017-07-05 01:31:00,TRAIN
4,2017-07-05 01:32:00,2017-07-05 01:18:00,2017-07-05 01:32:00,TRAIN
4,2017-07-05 01:33:00,2017-07-05 01:19:00,2017-07-05 01:33:00,TRAIN
4,2017-07-05 01:34:00,2017-07-05 01:20:00,2017-07-05 01:34:00,TRAIN
4,2017-07-05 01:35:00,2017-07-05 01:21:00,2017-07-05 01:35:00,TRAIN
4,2017-07-05 01:36:00,2017-07-05 01:22:00,2017-07-05 01:36:00,TRAIN
4,2017-07-05 01:37:00,2017-07-05 01:23:00,2017-07-05 01:37:00,TRAIN
4,2017-07-05 01:38:00,2017-07-05 01:24:00,2017-07-05 01:38:00,TRAIN
4,2017-07-05 01:39:00,2017-07-05 01:25:00,2017-07-05 01:39:00,TRAIN
4,2017-07-05 01:40:00,2017-07-05 01:26:00,2017-07-05 01:40:00,TRAIN
4,2017-07-05 01:41:00,2017-07-05 01:27:00,2017-07-05 01:41:00,TRAIN
4,2017-07-05 01:42:00,2017-07-05 01:28:00,2017-07-05 01:42:00,TRAIN
4,2017-07-05 01:43:00,2017-07-05 01:29:00,2017-07-05 01:43:00,TRAIN
4,2017-07-05 01:44:00,2017-07-05 01:30:00,2017-07-05 01:44:00,TRAIN
4,2017-07-05 01:45:00,2017-07-05 01:31:00,2017-07-05 01:45:00,TRAIN
4,2017-07-05 01:46:00,2017-07-05 01:32:00,2017-07-05 01:46:00,TRAIN
4,2017-07-05 01:47:00,2017-07-05 01:33:00,2017-07-05 01:47:00,TRAIN
4,2017-07-05 01:48:00,2017-07-05 01:34:00,2017-07-05 01:48:00,TRAIN
4,2017-07-05 01:49:00,2017-07-05 01:35:00,2017-07-05 01:49:00,TRAIN
4,2017-07-05 01:50:00,2017-07-05 01:36:00,2017-07-05 01:50:00,TRAIN
4,2017-07-05 01:51:00,2017-07-05 01:37:00,2017-07-05 01:51:00,TRAIN
4,2017-07-05 01:52:00,2017-07-05 01:38:00,2017-07-05 01:52:00,TRAIN
4,2017-07-05 01:53:00,2017-07-05 01:39:00,2017-07-05 01:53:00,TRAIN
4,2017-07-05 01:54:00,2017-07-05 01:40:00,2017-07-05 01:54:00,TRAIN
4,2017-07-05 01:55:00,2017-07-05 01:41:00,2017-07-05 01:55:00,TRAIN
4,2017-07-05 01:56:00,2017-07-05 01:42:00,2017-07-05 01:56:00,TRAIN
4,2017-07-05 01:57:00,2017-07-05 01:43:00,2017-07-05 01:57:00,TRAIN
4,2017-07-05 01:58:00,2017-07-05 01:44:00,2017-07-05 01:58:00,TRAIN
4,2017-07-05 01:59:00,2017-07-05 01:45:00,2017-07-05 01:59:00,TRAIN
4,2017-07-05 02:00:00,2017-07-05 01:46:00,2017-07-05 02:00:00,TRAIN
4,2017-07-05 02:01:00,2017-07-05 01:47:00,2017-07-05 02:01:00,TRAIN
4,2017-07-05 02:02:00,2017-07-05 01:48:00,2017-07-05 02:02:00,TRAIN
4,2017-07-05 02:03:00,2017-07-05 01:49:00,2017-07-05 02:03:00,TRAIN
4,2017-07-05 02:04:00,2017-07-05 01:50:00,2017-07-05 02:04:00,TRAIN
4,2017-07-05 02:05:00,2017-07-05 01:51:00,2017-07-05 02:05:00,TRAIN
4,2017-07-05 02:06:00,2017-07-05 01:52:00,2017-07-05 02:06:00,TRAIN
4,2017-07-05 02:07:00,2017-07-05 01:53:00,2017-07-05 02:07:00,TRAIN
4,2017-07-05 02:08:00,2017-07-05 01:54:00,2017-07-05 02:08:00,TRAIN
4,2017-07-05 02:09:00,2017-07-05 01:55:00,2017-07-05 02:09:00,TRAIN
4,2017-07-05 02:10:00,2017-07-05 01:56:00,2017-07-05 02:10:00,TRAIN
4,2017-07-05 02:11:00,2017-07-05 01:57:00,2017-07-05 02:11:00,TRAIN
4,2017-07-05 02:12:00,2017-07-05 01:58:00,2017-07-05 02:12:00,TRAIN
4,2017-07-05 02:13:00,2017-07-05 01:59:00,2017-07-05 02:13:00,TRAIN
4,2017-07-05 02:14:00,2017-07-05 02:00:00,2017-07-05 02:14:00,TRAIN
4,2017-07-05 02:15:00,2017-07-05 02:01:00,2017-07-05 02:15:00,TRAIN
4,2017-07-05 02:16:00,2017-07-05 02:02:00,2017-07-05 02:16:00,TRAIN
4,2017-07-05 02:17:00,2017-07-05 02:03:00,2017-07-05 02:17:00,TRAIN
4,2017-07-05 02:18:00,2017-07-05 02:04:00,2017-07-05 02:18:00,TRAIN
4,2017-07-05 02:19:00,2017-07-05 02:05:00,2017-07-05 02:19:00,TRAIN
4,2017-07-05 02:20:00,2017-07-05 02:06:00,2017-07-05 02:20:00,TRAIN
4,2017-07-05 02:21:00,2017-07-05 02:07:00,2017-07-05 02:21:00,TRAIN
4,2017-07-05 02:22:00,2017-07-05 02:08:00,2017-07-05 02:22:00,TRAIN
4,2017-07-05 02:23:00,2017-07-05 02:09:00,2017-07-05 02:23:00,TRAIN
4,2017-07-05 02:24:00,2017-07-05 02:10:00,2017-07-05 02:24:00,TRAIN
4,2017-07-05 02:25:00,2017-07-05 02:11:00,2017-07-05 02:25:00,TRAIN
4,2017-07-05 02:26:00,2017-07-05 02:12:00,2017-07-05 02:26:00,TRAIN
4,2017-07-05 02:27:00,2017-07-05 02:13:00,2017-07-05 02:27:00,TRAIN
4,2017-07-05 02:28:00,2017-07-05 02:14:00,2017-07-05 02:28:00,TRAIN
4,2017-07-05 02:29:00,2017-07-05 02:15:00,2017-07-05 02:29:00,TRAIN
4,2017-07-05 02:30:00,2017-07-05 02:16:00,2017-07-05 02:30:00,TRAIN
4,2017-07-05 02:31:00,2017-07-05 02:17:00,2017-07-05 02:31:00,TRAIN
4,2017-07-05 02:32:00,2017-07-05 02:18:00,2017-07-05 02:32:00,TRAIN
4,2017-07-05 02:33:00,2017-07-05 02:19:00,2017-07-05 02:33:00,TRAIN
4,2017-07-05 02:34:00,2017-07-05 02:20:00,2017-07-05 02:34:00,TRAIN
4,2017-07-05 02:35:00,2017-07-05 02:21:00,2017-07-05 02:35:00,TRAIN
4,2017-07-05 02:36:00,2017-07-05 02:22:00,2017-07-05 02:36:00,TRAIN
4,2017-07-05 02:37:00,2017-07-05 02:23:00,2017-07-05 02:37:00,TRAIN
4,2017-07-05 02:38:00,2017-07-05 02:24:00,2017-07-05 02:38:00,TRAIN
4,2017-07-05 02:39:00,2017-07-05 02:25:00,2017-07-05 02:39:00,TRAIN
4,2017-07-05 02:40:00,2017-07-05 02:26:00,2017-07-05 02:40:00,TRAIN
4,2017-07-05 02:41:00,2017-07-05 02:27:00,2017-07-05 02:41:00,TRAIN
4,2017-07-05 02:42:00,2017-07-05 02:28:00,2017-07-05 02:42:00,TRAIN
4,2017-07-05 02:43:00,2017-07-05 02:29:00,2017-07-05 02:43:00,TRAIN
4,2017-07-05 02:44:00,2017-07-05 02:30:00,2017-07-05 02:44:00,TRAIN
4,2017-07-05 02:45:00,2017-07-05 02:31:00,2017-07-05 02:45:00,TRAIN
4,2017-07-05 02:46:00,2017-07-05 02:32:00,2017-07-05 02:46:00,TRAIN
4,2017-07-05 02:47:00,2017-07-05 02:33:00,2017-07-05 02:47:00,TRAIN
4,2017-07-05 02:48:00,2017-07-05 02:34:00,2017-07-05 02:48:00,TRAIN
4,2017-07-05 02:49:00,2017-07-05 02:35:00,2017-07-05 02:49:00,TRAIN
4,2017-07-05 02:50:00,2017-07-05 02:36:00,2017-07-05 02:50:00,TRAIN
4,2017-07-05 02:51:00,2017-07-05 02:37:00,2017-07-05 02:51:00,TRAIN
4,2017-07-05 02:52:00,2017-07-05 02:38:00,2017-07-05 02:52:00,TRAIN
4,2017-07-05 02:53:00,2017-07-05 02:39:00,2017-07-05 02:53:00,TRAIN
4,2017-07-05 02:54:00,2017-07-05 02:40:00,2017-07-05 02:54:00,TRAIN
4,2017-07-05 02:55:00,2017-07-05 02:41:00,2017-07-05 02:55:00,TRAIN
4,2017-07-05 02:56:00,2017-07-05 02:42:00,2017-07-05 02:56:00,TRAIN
4,2017-07-05 02:57:00,2017-07-05 02:43:00,2017-07-05 02:57:00,TRAIN
4,2017-07-05 02:58:00,2017-07-05 02:44:00,2017-07-05 02:58:00,TRAIN
4,2017-07-05 02:59:00,2017-07-05 02:45:00,2017-07-05 02:59:00,TRAIN
4,2017-07-05 03:00:00,2017-07-05 02:46:00,2017-07-05 03:00:00,TRAIN
4,2017-07-05 03:01:00,2017-07-05 02:47:00,2017-07-05 03:01:00,TRAIN
4,2017-07-05 03:02:00,2017-07-05 02:48:00,2017-07-05 03:02:00,TRAIN
4,2017-07-05 03:03:00,2017-07-05 02:49:00,2017-07-05 03:03:00,TRAIN
4,2017-07-05 03:04:00,2017-07-05 02:50:00,2017-07-05 03:04:00,TRAIN
4,2017-07-05 03:05:00,2017-07-05 02:51:00,2017-07-05 03:05:00,TRAIN
4,2017-07-05 03:06:00,2017-07-05 02:52:00,2017-07-05 03:06:00,TRAIN
4,2017-07-05 03:07:00,2017-07-05 02:53:00,2017-07-05 03:07:00,TRAIN
4,2017-07-05 03:08:00,2017-07-05 02:54:00,2017-07-05 03:08:00,TRAIN
4,2017-07-05 03:09:00,2017-07-05 02:55:00,2017-07-05 03:09:00,TRAIN
4,2017-07-05 03:10:00,2017-07-05 02:56:00,2017-07-05 03:10:00,TRAIN
4,2017-07-05 03:11:00,2017-07-05 02:57:00,2017-07-05 03:11:00,TRAIN
4,2017-07-05 03:12:00,2017-07-05 02:58:00,2017-07-05 03:12:00,TRAIN
4,2017-07-05 03:13:00,2017-07-05 02:59:00,2017-07-05 03:13:00,TRAIN
4,2017-07-05 03:14:00,2017-07-05 03:00:00,2017-07-05 03:14:00,TRAIN
4,2017-07-05 03:15:00,2017-07-05 03:01:00,2017-07-05 03:15:00,TRAIN
4,2017-07-05 03:16:00,2017-07-05 03:02:00,2017-07-05 03:16:00,TRAIN
4,2017-07-05 03:17:00,2017-07-05 03:03:00,2017-07-05 03:17:00,TRAIN
4,2017-07-05 03:18:00,2017-07-05 03:04:00,2017-07-05 03:18:00,TRAIN
4,2017-07-05 03:19:00,2017-07-05 03:05:00,2017-07-05 03:19:00,TRAIN
4,2017-07-05 03:20:00,2017-07-05 03:06:00,2017-07-05 03:20:00,TRAIN
4,2017-07-05 03:21:00,2017-07-05 03:07:00,2017-07-05 03:21:00,TRAIN
4,2017-07-05 03:22:00,2017-07-05 03:08:00,2017-07-05 03:22:00,TRAIN
4,2017-07-05 03:23:00,2017-07-05 03:09:00,2017-07-05 03:23:00,TRAIN
4,2017-07-05 03:24:00,2017-07-05 03:10:00,2017-07-05 03:24:00,TRAIN
4,2017-07-05 03:25:00,2017-07-05 03:11:00,2017-07-05 03:25:00,TRAIN
4,2017-07-05 03:26:00,2017-07-05 03:12:00,2017-07-05 03:26:00,TRAIN
4,2017-07-05 03:27:00,2017-07-05 03:13:00,2017-07-05 03:27:00,TRAIN
4,2017-07-05 03:28:00,2017-07-05 03:14:00,2017-07-05 03:28:00,TRAIN
4,2017-07-05 03:29:00,2017-07-05 03:15:00,2017-07-05 03:29:00,TRAIN
4,2017-07-05 03:30:00,2017-07-05 03:16:00,2017-07-05 03:30:00,TRAIN
4,2017-07-05 03:31:00,2017-07-05 03:17:00,2017-07-05 03:31:00,TRAIN
4,2017-07-05 03:32:00,2017-07-05 03:18:00,2017-07-05 03:32:00,TRAIN
4,2017-07-05 03:33:00,2017-07-05 03:19:00,2017-07-05 03:33:00,TRAIN
4,2017-07-05 03:34:00,2017-07-05 03:20:00,2017-07-05 03:34:00,TRAIN
4,2017-07-05 03:35:00,2017-07-05 03:21:00,2017-07-05 03:35:00,TRAIN
4,2017-07-05 03:36:00,2017-07-05 03:22:00,2017-07-05 03:36:00,TRAIN
4,2017-07-05 03:37:00,2017-07-05 03:23:00,2017-07-05 03:37:00,TRAIN
4,2017-07-05 03:38:00,2017-07-05 03:24:00,2017-07-05 03:38:00,TRAIN
4,2017-07-05 03:39:00,2017-07-05 03:25:00,2017-07-05 03:39:00,TRAIN
4,2017-07-05 03:40:00,2017-07-05 03:26:00,2017-07-05 03:40:00,TRAIN
4,2017-07-05 03:41:00,2017-07-05 03:27:00,2017-07-05 03:41:00,TRAIN
4,2017-07-05 03:42:00,2017-07-05 03:28:00,2017-07-05 03:42:00,TRAIN
4,2017-07-05 03:43:00,2017-07-05 03:29:00,2017-07-05 03:43:00,TRAIN
4,2017-07-05 03:44:00,2017-07-05 03:30:00,2017-07-05 03:44:00,TRAIN
4,2017-07-05 03:45:00,2017-07-05 03:31:00,2017-07-05 03:45:00,TRAIN
4,2017-07-05 03:46:00,2017-07-05 03:32:00,2017-07-05 03:46:00,TRAIN
4,2017-07-05 03:47:00,2017-07-05 03:33:00,2017-07-05 03:47:00,TRAIN
4,2017-07-05 03:48:00,2017-07-05 03:34:00,2017-07-05 03:48:00,TRAIN
4,2017-07-05 03:49:00,2017-07-05 03:35:00,2017-07-05 03:49:00,TRAIN
4,2017-07-05 03:50:00,2017-07-05 03:36:00,2017-07-05 03:50:00,TRAIN
4,2017-07-05 03:51:00,2017-07-05 03:37:00,2017-07-05 03:51:00,TRAIN
4,2017-07-05 03:52:00,2017-07-05 03:38:00,2017-07-05 03:52:00,TRAIN
4,2017-07-05 03:53:00,2017-07-05 03:39:00,2017-07-05 03:53:00,TRAIN
4,2017-07-05 03:54:00,2017-07-05 03:40:00,2017-07-05 03:54:00,TRAIN
4,2017-07-05 03:55:00,2017-07-05 03:41:00,2017-07-05 03:55:00,TRAIN
4,2017-07-05 03:56:00,2017-07-05 03:42:00,2017-07-05 03:56:00,TRAIN
4,2017-07-05 03:57:00,2017-07-05 03:43:00,2017-07-05 03:57:00,TRAIN
4,2017-07-05 03:58:00,2017-07-05 03:44:00,2017-07-05 03:58:00,TRAIN
4,2017-07-05 03:59:00,2017-07-05 03:45:00,2017-07-05 03:59:00,TRAIN
4,2017-07-05 04:00:00,2017-07-05 03:46:00,2017-07-05 04:00:00,TRAIN
4,2017-07-05 04:01:00,2017-07-05 03:47:00,2017-07-05 04:01:00,TRAIN
4,2017-07-05 04:02:00,2017-07-05 03:48:00,2017-07-05 04:02:00,TRAIN
4,2017-07-05 04:03:00,2017-07-05 03:49:00,2017-07-05 04:03:00,TRAIN
4,2017-07-05 04:04:00,2017-07-05 03:50:00,2017-07-05 04:04:00,TRAIN
4,2017-07-05 04:05:00,2017-07-05 03:51:00,2017-07-05 04:05:00,TRAIN
4,2017-07-05 04:06:00,2017-07-05 03:52:00,2017-07-05 04:06:00,TRAIN
4,2017-07-05 04:07:00,2017-07-05 03:53:00,2017-07-05 04:07:00,TRAIN
4,2017-07-05 04:08:00,2017-07-05 03:54:00,2017-07-05 04:08:00,TRAIN
4,2017-07-05 04:09:00,2017-07-05 03:55:00,2017-07-05 04:09:00,TRAIN
4,2017-07-05 04:10:00,2017-07-05 03:56:00,2017-07-05 04:10:00,TRAIN
4,2017-07-05 04:11:00,2017-07-05 03:57:00,2017-07-05 04:11:00,TRAIN
4,2017-07-05 04:12:00,2017-07-05 03:58:00,2017-07-05 04:12:00,TRAIN
4,2017-07-05 04:13:00,2017-07-05 03:59:00,2017-07-05 04:13:00,TRAIN
4,2017-07-05 04:14:00,2017-07-05 04:00:00,2017-07-05 04:14:00,TRAIN
4,2017-07-05 04:15:00,2017-07-05 04:01:00,2017-07-05 04:15:00,TRAIN
4,2017-07-05 04:16:00,2017-07-05 04:02:00,2017-07-05 04:16:00,TRAIN
4,2017-07-05 04:17:00,2017-07-05 04:03:00,2017-07-05 04:17:00,TRAIN
4,2017-07-05 04:18:00,2017-07-05 04:04:00,2017-07-05 04:18:00,TRAIN
4,2017-07-05 04:19:00,2017-07-05 04:05:00,2017-07-05 04:19:00,TRAIN
4,2017-07-05 04:20:00,2017-07-05 04:06:00,2017-07-05 04:20:00,TRAIN
4,2017-07-05 04:21:00,2017-07-05 04:07:00,2017-07-05 04:21:00,TRAIN
4,2017-07-05 04:22:00,2017-07-05 04:08:00,2017-07-05 04:22:00,TRAIN
4,2017-07-05 04:23:00,2017-07-05 04:09:00,2017-07-05 04:23:00,TRAIN
4,2017-07-05 04:24:00,2017-07-05 04:10:00,2017-07-05 04:24:00,TRAIN
4,2017-07-05 04:25:00,2017-07-05 04:11:00,2017-07-05 04:25:00,TRAIN
4,2017-07-05 04:26:00,2017-07-05 04:12:00,2017-07-05 04:26:00,TRAIN
4,2017-07-05 04:27:00,2017-07-05 04:13:00,2017-07-05 04:27:00,TRAIN
4,2017-07-05 04:28:00,2017-07-05 04:14:00,2017-07-05 04:28:00,TRAIN
4,2017-07-05 04:29:00,2017-07-05 04:15:00,2017-07-05 04:29:00,TRAIN
4,2017-07-05 04:30:00,2017-07-05 04:16:00,2017-07-05 04:30:00,TRAIN
4,2017-07-05 04:31:00,2017-07-05 04:17:00,2017-07-05 04:31:00,TRAIN
4,2017-07-05 04:32:00,2017-07-05 04:18:00,2017-07-05 04:32:00,TRAIN
4,2017-07-05 04:33:00,2017-07-05 04:19:00,2017-07-05 04:33:00,TRAIN
4,2017-07-05 04:34:00,2017-07-05 04:20:00,2017-07-05 04:34:00,TRAIN
4,2017-07-05 04:35:00,2017-07-05 04:21:00,2017-07-05 04:35:00,TRAIN
4,2017-07-05 04:36:00,2017-07-05 04:22:00,2017-07-05 04:36:00,TRAIN
4,2017-07-05 04:37:00,2017-07-05 04:23:00,2017-07-05 04:37:00,TRAIN
4,2017-07-05 04:38:00,2017-07-05 04:24:00,2017-07-05 04:38:00,TRAIN
4,2017-07-05 04:39:00,2017-07-05 04:25:00,2017-07-05 04:39:00,TRAIN
4,2017-07-05 04:40:00,2017-07-05 04:26:00,2017-07-05 04:40:00,TRAIN
5,2017-07-05 08:56:00,2017-07-05 08:42:00,2017-07-05 08:56:00,TRAIN
5,2017-07-05 08:57:00,2017-07-05 08:43:00,2017-07-05 08:57:00,TRAIN
5,2017-07-05 08:58:00,2017-07-05 08:44:00,2017-07-05 08:58:00,TRAIN
5,2017-07-05 08:59:00,2017-07-05 08:45:00,2017-07-05 08:59:00,TRAIN
5,2017-07-05 09:00:00,2017-07-05 08:46:00,2017-07-05 09:00:00,TRAIN
5,2017-07-05 09:01:00,2017-07-05 08:47:00,2017-07-05 09:01:00,TRAIN
5,2017-07-05 09:02:00,2017-07-05 08:48:00,2017-07-05 09:02:00,TRAIN
5,2017-07-05 09:03:00,2017-07-05 08:49:00,2017-07-05 09:03:00,TRAIN
5,2017-07-05 09:04:00,2017-07-05 08:50:00,2017-07-05 09:04:00,TRAIN
5,2017-07-05 09:05:00,2017-07-05 08:51:00,2017-07-05 09:05:00,TRAIN
5,2017-07-05 09:06:00,2017-07-05 08:52:00,2017-07-05 09:06:00,TRAIN
5,2017-07-05 09:07:00,2017-07-05 08:53:00,2017-07-05 09:07:00,TRAIN
5,2017-07-05 09:08:00,2017-07-05 08:54:00,2017-07-05 09:08:00,TRAIN
5,2017-07-05 09:09:00,2017-07-05 08:55:00,2017-07-05 09:09:00,TRAIN
5,2017-07-05 09:10:00,2017-07-05 08:56:00,2017-07-05 09:10:00,TRAIN
5,2017-07-05 09:11:00,2017-07-05 08:57:00,2017-07-05 09:11:00,TRAIN
5,2017-07-05 09:12:00,2017-07-05 08:58:00,2017-07-05 09:12:00,TRAIN
5,2017-07-05 09:13:00,2017-07-05 08:59:00,2017-07-05 09:13:00,TRAIN
5,2017-07-05 09:14:00,2017-07-05 09:00:00,2017-07-05 09:14:00,TRAIN
5,2017-07-05 09:15:00,2017-07-05 09:01:00,2017-07-05 09:15:00,TRAIN
5,2017-07-05 09:16:00,2017-07-05 09:02:00,2017-07-05 09:16:00,TRAIN
5,2017-07-05 09:17:00,2017-07-05 09:03:00,2017-07-05 09:17:00,TRAIN
5,2017-07-05 09:18:00,2017-07-05 09:04:00,2017-07-05 09:18:00,TRAIN
5,2017-07-05 09:19:00,2017-07-05 09:05:00,2017-07-05 09:19:00,TRAIN
5,2017-07-05 09:20:00,2017-07-05 09:06:00,2017-07-05 09:20:00,TRAIN
5,2017-07-05 09:21:00,2017-07-05 09:07:00,2017-07-05 09:21:00,TRAIN
5,2017-07-05 09:22:00,2017-07-05 09:08:00,2017-07-05 09:22:00,TRAIN
5,2017-07-05 09:23:00,2017-07-05 09:09:00,2017-07-05 09:23:00,TRAIN
5,2017-07-05 09:24:00,2017-07-05 09:10:00,2017-07-05 09:24:00,TRAIN
5,2017-07-05 09:25:00,2017-07-05 09:11:00,2017-07-05 09:25:00,TRAIN
5,2017-07-05 09:26:00,2017-07-05 09:12:00,2017-07-05 09:26:00,TRAIN
5,2017-07-05 09:27:00,2017-07-05 09:13:00,2017-07-05 09:27:00,TRAIN
5,2017-07-05 09:28:00,2017-07-05 09:14:00,2017-07-05 09:28:00,TRAIN
5,2017-07-05 09:29:00,2017-07-05 09:15:00,2017-07-05 09:29:00,TRAIN
5,2017-07-05 09:30:00,2017-07-05 09:16:00,2017-07-05 09:30:00,TRAIN
5,2017-07-05 09:31:00,2017-07-05 09:17:00,2017-07-05 09:31:00,TRAIN
5,2017-07-05 09:32:00,2017-07-05 09:18:00,2017-07-05 09:32:00,TRAIN
5,2017-07-05 09:33:00,2017-07-05 09:19:00,2017-07-05 09:33:00,TRAIN
5,2017-07-05 09:34:00,2017-07-05 09:20:00,2017-07-05 09:34:00,TRAIN
5,2017-07-05 09:35:00,2017-07-05 09:21:00,2017-07-05 09:35:00,TRAIN
5,2017-07-05 09:36:00,2017-07-05 09:22:00,2017-07-05 09:36:00,TRAIN
5,2017-07-05 09:37:00,2017-07-05 09:23:00,2017-07-05 09:37:00,TRAIN
5,2017-07-05 09:38:00,2017-07-05 09:24:00,2017-07-05 09:38:00,TRAIN
5,2017-07-05 09:39:00,2017-07-05 09:25:00,2017-07-05 09:39:00,TRAIN
5,2017-07-05 09:40:00,2017-07-05 09:26:00,2017-07-05 09:40:00,TRAIN
5,2017-07-05 09:41:00,2017-07-05 09:27:00,2017-07-05 09:41:00,TRAIN
5,2017-07-05 09:42:00,2017-07-05 09:28:00,2017-07-05 09:42:00,TRAIN
5,2017-07-05 09:43:00,2017-07-05 09:29:00,2017-07-05 09:43:00,TRAIN
5,2017-07-05 09:44:00,2017-07-05 09:30:00,2017-07-05 09:44:00,TRAIN
5,2017-07-05 09:45:00,2017-07-05 09:31:00,2017-07-05 09:45:00,TRAIN
5,2017-07-05 09:46:00,2017-07-05 09:32:00,2017-07-05 09:46:00,TRAIN
5,2017-07-05 09:47:00,2017-07-05 09:33:00,2017-07-05 09:47:00,TRAIN
5,2017-07-05 09:48:00,2017-07-05 09:34:00,2017-07-05 09:48:00,TRAIN
5,2017-07-05 09:49:00,2017-07-05 09:35:00,2017-07-05 09:49:00,TRAIN
5,2017-07-05 09:50:00,2017-07-05 09:36:00,2017-07-05 09:50:00,TRAIN
5,2017-07-05 09:51:00,2017-07-05 09:37:00,2017-07-05 09:51:00,TRAIN
5,2017-07-05 09:52:00,2017-07-05 09:38:00,2017-07-05 09:52:00,TRAIN
5,2017-07-05 09:53:00,2017-07-05 09:39:00,2017-07-05 09:53:00,TRAIN
5,2017-07-05 09:54:00,2017-07-05 09:40:00,2017-07-05 09:54:00,TRAIN
5,2017-07-05 09:55:00,2017-07-05 09:41:00,2017-07-05 09:55:00,TRAIN
5,2017-07-05 09:56:00,2017-07-05 09:42:00,2017-07-05 09:56:00,TRAIN
5,2017-07-05 09:57:00,2017-07-05 09:43:00,2017-07-05 09:57:00,TRAIN
5,2017-07-05 09:58:00,2017-07-05 09:44:00,2017-07-05 09:58:00,TRAIN
5,2017-07-05 09:59:00,2017-07-05 09:45:00,2017-07-05 09:59:00,TRAIN
5,2017-07-05 10:00:00,2017-07-05 09:46:00,2017-07-05 10:00:00,TRAIN
5,2017-07-05 10:01:00,2017-07-05 09:47:00,2017-07-05 10:01:00,TRAIN
5,2017-07-05 10:02:00,2017-07-05 09:48:00,2017-07-05 10:02:00,TRAIN
5,2017-07-05 10:03:00,2017-07-05 09:49:00,2017-07-05 10:03:00,TRAIN
5,2017-07-05 10:04:00,2017-07-05 09:50:00,2017-07-05 10:04:00,TRAIN
5,2017-07-05 10:05:00,2017-07-05 09:51:00,2017-07-05 10:05:00,TRAIN
5,2017-07-05 10:06:00,2017-07-05 09:52:00,2017-07-05 10:06:00,TRAIN
5,2017-07-05 10:07:00,2017-07-05 09:53:00,2017-07-05 10:07:00,TRAIN
5,2017-07-05 10:08:00,2017-07-05 09:54:00,2017-07-05 10:08:00,TRAIN
5,2017-07-05 10:09:00,2017-07-05 09:55:00,2017-07-05 10:09:00,TRAIN
5,2017-07-05 10:10:00,2017-07-05 09:56:00,2017-07-05 10:10:00,TRAIN
5,2017-07-05 10:11:00,2017-07-05 09:57:00,2017-07-05 10:11:00,TRAIN
5,2017-07-05 10:12:00,2017-07-05 09:58:00,2017-07-05 10:12:00,TRAIN
5,2017-07-05 10:13:00,2017-07-05 09:59:00,2017-07-05 10:13:00,TRAIN
5,2017-07-05 10:14:00,2017-07-05 10:00:00,2017-07-05 10:14:00,TRAIN
5,2017-07-05 10:15:00,2017-07-05 10:01:00,2017-07-05 10:15:00,TRAIN
5,2017-07-05 10:16:00,2017-07-05 10:02:00,2017-07-05 10:16:00,TRAIN
5,2017-07-05 10:17:00,2017-07-05 10:03:00,2017-07-05 10:17:00,TRAIN
5,2017-07-05 10:18:00,2017-07-05 10:04:00,2017-07-05 10:18:00,TRAIN
5,2017-07-05 10:19:00,2017-07-05 10:05:00,2017-07-05 10:19:00,TRAIN
5,2017-07-05 10:20:00,2017-07-05 10:06:00,2017-07-05 10:20:00,TRAIN
5,2017-07-05 10:21:00,2017-07-05 10:07:00,2017-07-05 10:21:00,TRAIN
5,2017-07-05 10:22:00,2017-07-05 10:08:00,2017-07-05 10:22:00,TRAIN
5,2017-07-05 10:23:00,2017-07-05 10:09:00,2017-07-05 10:23:00,TRAIN
5,2017-07-05 10:24:00,2017-07-05 10:10:00,2017-07-05 10:24:00,TRAIN
5,2017-07-05 10:25:00,2017-07-05 10:11:00,2017-07-05 10:25:00,TRAIN
5,2017-07-05 10:26:00,2017-07-05 10:12:00,2017-07-05 10:26:00,TRAIN
5,2017-07-05 10:27:00,2017-07-05 10:13:00,2017-07-05 10:27:00,TRAIN
5,2017-07-05 10:28:00,2017-07-05 10:14:00,2017-07-05 10:28:00,TRAIN
5,2017-07-05 10:29:00,2017-07-05 10:15:00,2017-07-05 10:29:00,TRAIN
5,2017-07-05 10:30:00,2017-07-05 10:16:00,2017-07-05 10:30:00,TRAIN
5,2017-07-05 10:31:00,2017-07-05 10:17:00,2017-07-05 10:31:00,TRAIN
5,2017-07-05 10:32:00,2017-07-05 10:18:00,2017-07-05 10:32:00,TRAIN
5,2017-07-05 10:33:00,2017-07-05 10:19:00,2017-07-05 10:33:00,TRAIN
5,2017-07-05 10:34:00,2017-07-05 10:20:00,2017-07-05 10:34:00,TRAIN
5,2017-07-05 10:35:00,2017-07-05 10:21:00,2017-07-05 10:35:00,TRAIN
5,2017-07-05 10:36:00,2017-07-05 10:22:00,2017-07-05 10:36:00,TRAIN
5,2017-07-05 10:37:00,2017-07-05 10:23:00,2017-07-05 10:37:00,TRAIN
5,2017-07-05 10:38:00,2017-07-05 10:24:00,2017-07-05 10:38:00,TRAIN
5,2017-07-05 10:39:00,2017-07-05 10:25:00,2017-07-05 10:39:00,TRAIN
5,2017-07-05 10:40:00,2017-07-05 10:26:00,2017-07-05 10:40:00,TRAIN
5,2017-07-05 10:41:00,2017-07-05 10:27:00,2017-07-05 10:41:00,TRAIN
5,2017-07-05 10:42:00,2017-07-05 10:28:00,2017-07-05 10:42:00,TRAIN
5,2017-07-05 10:43:00,2017-07-05 10:29:00,2017-07-05 10:43:00,TRAIN
5,2017-07-05 10:44:00,2017-07-05 10:30:00,2017-07-05 10:44:00,TRAIN
5,2017-07-05 10:45:00,2017-07-05 10:31:00,2017-07-05 10:45:00,TRAIN
5,2017-07-05 10:46:00,2017-07-05 10:32:00,2017-07-05 10:46:00,TRAIN
5,2017-07-05 10:47:00,2017-07-05 10:33:00,2017-07-05 10:47:00,TRAIN
5,2017-07-05 10:48:00,2017-07-05 10:34:00,2017-07-05 10:48:00,TRAIN
5,2017-07-05 10:49:00,2017-07-05 10:35:00,2017-07-05 10:49:00,TRAIN
5,2017-07-05 10:50:00,2017-07-05 10:36:00,2017-07-05 10:50:00,TRAIN
5,2017-07-05 10:51:00,2017-07-05 10:37:00,2017-07-05 10:51:00,TRAIN
5,2017-07-05 10:52:00,2017-07-05 10:38:00,2017-07-05 10:52:00,TRAIN
5,2017-07-05 10:53:00,2017-07-05 10:39:00,2017-07-05 10:53:00,TRAIN
5,2017-07-05 10:54:00,2017-07-05 10:40:00,2017-07-05 10:54:00,TRAIN
5,2017-07-05 10:55:00,2017-07-05 10:41:00,2017-07-05 10:55:00,TRAIN
5,2017-07-05 10:56:00,2017-07-05 10:42:00,2017-07-05 10:56:00,TRAIN
5,2017-07-05 10:57:00,2017-07-05 10:43:00,2017-07-05 10:57:00,TRAIN
5,2017-07-05 10:58:00,2017-07-05 10:44:00,2017-07-05 10:58:00,TRAIN
5,2017-07-05 10:59:00,2017-07-05 10:45:00,2017-07-05 10:59:00,TRAIN
5,2017-07-05 11:00:00,2017-07-05 10:46:00,2017-07-05 11:00:00,TRAIN
5,2017-07-05 11:01:00,2017-07-05 10:47:00,2017-07-05 11:01:00,TRAIN
5,2017-07-05 11:02:00,2017-07-05 10:48:00,2017-07-05 11:02:00,TRAIN
5,2017-07-05 11:03:00,2017-07-05 10:49:00,2017-07-05 11:03:00,TRAIN
5,2017-07-05 11:04:00,2017-07-05 10:50:00,2017-07-05 11:04:00,TRAIN
5,2017-07-05 11:05:00,2017-07-05 10:51:00,2017-07-05 11:05:00,TRAIN
5,2017-07-05 11:06:00,2017-07-05 10:52:00,2017-07-05 11:06:00,TRAIN
5,2017-07-05 11:07:00,2017-07-05 10:53:00,2017-07-05 11:07:00,TRAIN
5,2017-07-05 11:08:00,2017-07-05 10:54:00,2017-07-05 11:08:00,TRAIN
5,2017-07-05 11:09:00,2017-07-05 10:55:00,2017-07-05 11:09:00,TRAIN
5,2017-07-05 11:10:00,2017-07-05 10:56:00,2017-07-05 11:10:00,TRAIN
5,2017-07-05 11:11:00,2017-07-05 10:57:00,2017-07-05 11:11:00,TRAIN
5,2017-07-05 11:12:00,2017-07-05 10:58:00,2017-07-05 11:12:00,TRAIN
5,2017-07-05 11:13:00,2017-07-05 10:59:00,2017-07-05 11:13:00,TRAIN
5,2017-07-05 11:14:00,2017-07-05 11:00:00,2017-07-05 11:14:00,TRAIN
5,2017-07-05 11:15:00,2017-07-05 11:01:00,2017-07-05 11:15:00,TRAIN
5,2017-07-05 11:16:00,2017-07-05 11:02:00,2017-07-05 11:16:00,TRAIN
5,2017-07-05 11:17:00,2017-07-05 11:03:00,2017-07-05 11:17:00,TRAIN
5,2017-07-05 11:18:00,2017-07-05 11:04:00,2017-07-05 11:18:00,TRAIN
5,2017-07-05 11:19:00,2017-07-05 11:05:00,2017-07-05 11:19:00,TRAIN
5,2017-07-05 11:20:00,2017-07-05 11:06:00,2017-07-05 11:20:00,TRAIN
5,2017-07-05 11:21:00,2017-07-05 11:07:00,2017-07-05 11:21:00,TRAIN
5,2017-07-05 11:22:00,2017-07-05 11:08:00,2017-07-05 11:22:00,TRAIN
5,2017-07-05 11:23:00,2017-07-05 11:09:00,2017-07-05 11:23:00,TRAIN
5,2017-07-05 11:24:00,2017-07-05 11:10:00,2017-07-05 11:24:00,TRAIN
5,2017-07-05 11:25:00,2017-07-05 11:11:00,2017-07-05 11:25:00,TRAIN
5,2017-07-05 11:26:00,2017-07-05 11:12:00,2017-07-05 11:26:00,TRAIN
5,2017-07-05 11:27:00,2017-07-05 11:13:00,2017-07-05 11:27:00,TRAIN
5,2017-07-05 11:28:00,2017-07-05 11:14:00,2017-07-05 11:28:00,TRAIN
5,2017-07-05 11:29:00,2017-07-05 11:15:00,2017-07-05 11:29:00,TRAIN
5,2017-07-05 11:30:00,2017-07-05 11:16:00,2017-07-05 11:30:00,TRAIN
5,2017-07-05 11:31:00,2017-07-05 11:17:00,2017-07-05 11:31:00,TRAIN
5,2017-07-05 11:32:00,2017-07-05 11:18:00,2017-07-05 11:32:00,TRAIN
5,2017-07-05 11:33:00,2017-07-05 11:19:00,2017-07-05 11:33:00,TRAIN
5,2017-07-05 11:34:00,2017-07-05 11:20:00,2017-07-05 11:34:00,TRAIN
5,2017-07-05 11:35:00,2017-07-05 11:21:00,2017-07-05 11:35:00,TRAIN
5,2017-07-05 11:36:00,2017-07-05 11:22:00,2017-07-05 11:36:00,TRAIN
5,2017-07-05 11:37:00,2017-07-05 11:23:00,2017-07-05 11:37:00,TRAIN
5,2017-07-05 11:38:00,2017-07-05 11:24:00,2017-07-05 11:38:00,TRAIN
5,2017-07-05 11:39:00,2017-07-05 11:25:00,2017-07-05 11:39:00,TRAIN
5,2017-07-05 11:40:00,2017-07-05 11:26:00,2017-07-05 11:40:00,TRAIN
5,2017-07-05 11:41:00,2017-07-05 11:27:00,2017-07-05 11:41:00,TRAIN
5,2017-07-05 11:42:00,2017-07-05 11:28:00,2017-07-05 11:42:00,TRAIN
5,2017-07-05 11:43:00,2017-07-05 11:29:00,2017-07-05 11:43:00,TRAIN
5,2017-07-05 11:44:00,2017-07-05 11:30:00,2017-07-05 11:44:00,TRAIN
5,2017-07-05 11:45:00,2017-07-05 11:31:00,2017-07-05 11:45:00,TRAIN
5,2017-07-05 11:46:00,2017-07-05 11:32:00,2017-07-05 11:46:00,TRAIN
5,2017-07-05 11:47:00,2017-07-05 11:33:00,2017-07-05 11:47:00,TRAIN
5,2017-07-05 11:48:00,2017-07-05 11:34:00,2017-07-05 11:48:00,TRAIN
5,2017-07-05 11:49:00,2017-07-05 11:35:00,2017-07-05 11:49:00,TRAIN
5,2017-07-05 11:50:00,2017-07-05 11:36:00,2017-07-05 11:50:00,TRAIN
5,2017-07-05 11:51:00,2017-07-05 11:37:00,2017-07-05 11:51:00,TRAIN
5,2017-07-05 11:52:00,2017-07-05 11:38:00,2017-07-05 11:52:00,TRAIN
5,2017-07-05 11:53:00,2017-07-05 11:39:00,2017-07-05 11:53:00,TRAIN
5,2017-07-05 11:54:00,2017-07-05 11:40:00,2017-07-05 11:54:00,TRAIN
5,2017-07-05 11:55:00,2017-07-05 11:41:00,2017-07-05 11:55:00,TRAIN
5,2017-07-05 11:56:00,2017-07-05 11:42:00,2017-07-05 11:56:00,TRAIN
5,2017-07-05 11:57:00,2017-07-05 11:43:00,2017-07-05 11:57:00,TRAIN
5,2017-07-05 11:58:00,2017-07-05 11:44:00,2017-07-05 11:58:00,TRAIN
5,2017-07-05 11:59:00,2017-07-05 11:45:00,2017-07-05 11:59:00,TRAIN
5,2017-07-05 12:00:00,2017-07-05 11:46:00,2017-07-05 12:00:00,TRAIN
5,2017-07-05 12:01:00,2017-07-05 11:47:00,2017-07-05 12:01:00,TRAIN
5,2017-07-05 12:02:00,2017-07-05 11:48:00,2017-07-05 12:02:00,TRAIN
5,2017-07-05 12:03:00,2017-07-05 11:49:00,2017-07-05 12:03:00,TRAIN
5,2017-07-05 12:04:00,2017-07-05 11:50:00,2017-07-05 12:04:00,TRAIN
5,2017-07-05 12:05:00,2017-07-05 11:51:00,2017-07-05 12:05:00,TRAIN
5,2017-07-05 12:06:00,2017-07-05 11:52:00,2017-07-05 12:06:00,TRAIN
5,2017-07-05 12:07:00,2017-07-05 11:53:00,2017-07-05 12:07:00,TRAIN
5,2017-07-05 12:08:00,2017-07-05 11:54:00,2017-07-05 12:08:00,TRAIN
5,2017-07-05 12:09:00,2017-07-05 11:55:00,2017-07-05 12:09:00,TRAIN
5,2017-07-05 12:10:00,2017-07-05 11:56:00,2017-07-05 12:10:00,TRAIN
5,2017-07-05 12:11:00,2017-07-05 11:57:00,2017-07-05 12:11:00,TRAIN
5,2017-07-05 12:12:00,2017-07-05 11:58:00,2017-07-05 12:12:00,TRAIN
5,2017-07-05 12:13:00,2017-07-05 11:59:00,2017-07-05 12:13:00,TRAIN
5,2017-07-05 12:14:00,2017-07-05 12:00:00,2017-07-05 12:14:00,TRAIN
5,2017-07-05 12:15:00,2017-07-05 12:01:00,2017-07-05 12:15:00,TRAIN
5,2017-07-05 12:16:00,2017-07-05 12:02:00,2017-07-05 12:16:00,TRAIN
5,2017-07-05 12:17:00,2017-07-05 12:03:00,2017-07-05 12:17:00,TRAIN
5,2017-07-05 12:18:00,2017-07-05 12:04:00,2017-07-05 12:18:00,TRAIN
5,2017-07-05 12:19:00,2017-07-05 12:05:00,2017-07-05 12:19:00,TRAIN
5,2017-07-05 12:20:00,2017-07-05 12:06:00,2017-07-05 12:20:00,TRAIN
5,2017-07-05 12:21:00,2017-07-05 12:07:00,2017-07-05 12:21:00,TRAIN
5,2017-07-05 12:22:00,2017-07-05 12:08:00,2017-07-05 12:22:00,TRAIN
5,2017-07-05 12:23:00,2017-07-05 12:09:00,2017-07-05 12:23:00,TRAIN
5,2017-07-05 12:24:00,2017-07-05 12:10:00,2017-07-05 12:24:00,TRAIN
5,2017-07-05 12:25:00,2017-07-05 12:11:00,2017-07-05 12:25:00,TRAIN
5,2017-07-05 12:26:00,2017-07-05 12:12:00,2017-07-05 12:26:00,TRAIN
5,2017-07-05 12:27:00,2017-07-05 12:13:00,2017-07-05 12:27:00,TRAIN
5,2017-07-05 12:28:00,2017-07-05 12:14:00,2017-07-05 12:28:00,TRAIN
5,2017-07-05 12:29:00,2017-07-05 12:15:00,2017-07-05 12:29:00,TRAIN
6,2017-07-06 01:14:00,2017-07-06 01:00:00,2017-07-06 01:14:00,VALIDATION
6,2017-07-06 01:15:00,2017-07-06 01:01:00,2017-07-06 01:15:00,VALIDATION
6,2017-07-06 01:16:00,2017-07-06 01:02:00,2017-07-06 01:16:00,VALIDATION
6,2017-07-06 01:17:00,2017-07-06 01:03:00,2017-07-06 01:17:00,VALIDATION
6,2017-07-06 01:18:00,2017-07-06 01:04:00,2017-07-06 01:18:00,VALIDATION
6,2017-07-06 01:19:00,2017-07-06 01:05:00,2017-07-06 01:19:00,VALIDATION
6,2017-07-06 01:20:00,2017-07-06 01:06:00,2017-07-06 01:20:00,VALIDATION
6,2017-07-06 01:21:00,2017-07-06 01:07:00,2017-07-06 01:21:00,VALIDATION
6,2017-07-06 01:22:00,2017-07-06 01:08:00,2017-07-06 01:22:00,VALIDATION
6,2017-07-06 01:23:00,2017-07-06 01:09:00,2017-07-06 01:23:00,VALIDATION
6,2017-07-06 01:24:00,2017-07-06 01:10:00,2017-07-06 01:24:00,VALIDATION
6,2017-07-06 01:25:00,2017-07-06 01:11:00,2017-07-06 01:25:00,VALIDATION
6,2017-07-06 01:26:00,2017-07-06 01:12:00,2017-07-06 01:26:00,VALIDATION
6,2017-07-06 01:27:00,2017-07-06 01:13:00,2017-07-06 01:27:00,VALIDATION
6,2017-07-06 01:28:00,2017-07-06 01:14:00,2017-07-06 01:28:00,VALIDATION
6,2017-07-06 01:29:00,2017-07-06 01:15:00,2017-07-06 01:29:00,VALIDATION
6,2017-07-06 01:30:00,2017-07-06 01:16:00,2017-07-06 01:30:00,VALIDATION
6,2017-07-06 01:31:00,2017-07-06 01:17:00,2017-07-06 01:31:00,VALIDATION
6,2017-07-06 01:32:00,2017-07-06 01:18:00,2017-07-06 01:32:00,VALIDATION
6,2017-07-06 01:33:00,2017-07-06 01:19:00,2017-07-06 01:33:00,VALIDATION
6,2017-07-06 01:34:00,2017-07-06 01:20:00,2017-07-06 01:34:00,VALIDATION
6,2017-07-06 01:35:00,2017-07-06 01:21:00,2017-07-06 01:35:00,VALIDATION
6,2017-07-06 01:36:00,2017-07-06 01:22:00,2017-07-06 01:36:00,VALIDATION
6,2017-07-06 01:37:00,2017-07-06 01:23:00,2017-07-06 01:37:00,VALIDATION
6,2017-07-06 01:38:00,2017-07-06 01:24:00,2017-07-06 01:38:00,VALIDATION
6,2017-07-06 01:39:00,2017-07-06 01:25:00,2017-07-06 01:39:00,VALIDATION
6,2017-07-06 01:40:00,2017-07-06 01:26:00,2017-07-06 01:40:00,VALIDATION
6,2017-07-06 01:41:00,2017-07-06 01:27:00,2017-07-06 01:41:00,VALIDATION
6,2017-07-06 01:42:00,2017-07-06 01:28:00,2017-07-06 01:42:00,VALIDATION
6,2017-07-06 01:43:00,2017-07-06 01:29:00,2017-07-06 01:43:00,VALIDATION
6,2017-07-06 01:44:00,2017-07-06 01:30:00,2017-07-06 01:44:00,VALIDATION
6,2017-07-06 01:45:00,2017-07-06 01:31:00,2017-07-06 01:45:00,VALIDATION
6,2017-07-06 01:46:00,2017-07-06 01:32:00,2017-07-06 01:46:00,VALIDATION
6,2017-07-06 01:47:00,2017-07-06 01:33:00,2017-07-06 01:47:00,VALIDATION
6,2017-07-06 01:48:00,2017-07-06 01:34:00,2017-07-06 01:48:00,VALIDATION
6,2017-07-06 01:49:00,2017-07-06 01:35:00,2017-07-06 01:49:00,VALIDATION
6,2017-07-06 01:50:00,2017-07-06 01:36:00,2017-07-06 01:50:00,VALIDATION
6,2017-07-06 01:51:00,2017-07-06 01:37:00,2017-07-06 01:51:00,VALIDATION
6,2017-07-06 01:52:00,2017-07-06 01:38:00,2017-07-06 01:52:00,VALIDATION
6,2017-07-06 01:53:00,2017-07-06 01:39:00,2017-07-06 01:53:00,VALIDATION
6,2017-07-06 01:54:00,2017-07-06 01:40:00,2017-07-06 01:54:00,VALIDATION
6,2017-07-06 01:55:00,2017-07-06 01:41:00,2017-07-06 01:55:00,VALIDATION
6,2017-07-06 01:56:00,2017-07-06 01:42:00,2017-07-06 01:56:00,VALIDATION
6,2017-07-06 01:57:00,2017-07-06 01:43:00,2017-07-06 01:57:00,VALIDATION
6,2017-07-06 01:58:00,2017-07-06 01:44:00,2017-07-06 01:58:00,VALIDATION
6,2017-07-06 01:59:00,2017-07-06 01:45:00,2017-07-06 01:59:00,VALIDATION
6,2017-07-06 02:00:00,2017-07-06 01:46:00,2017-07-06 02:00:00,VALIDATION
6,2017-07-06 02:01:00,2017-07-06 01:47:00,2017-07-06 02:01:00,VALIDATION
6,2017-07-06 02:02:00,2017-07-06 01:48:00,2017-07-06 02:02:00,VALIDATION
6,2017-07-06 02:03:00,2017-07-06 01:49:00,2017-07-06 02:03:00,VALIDATION
6,2017-07-06 02:04:00,2017-07-06 01:50:00,2017-07-06 02:04:00,VALIDATION
6,2017-07-06 02:05:00,2017-07-06 01:51:00,2017-07-06 02:05:00,VALIDATION
6,2017-07-06 02:06:00,2017-07-06 01:52:00,2017-07-06 02:06:00,VALIDATION
6,2017-07-06 02:07:00,2017-07-06 01:53:00,2017-07-06 02:07:00,VALIDATION
6,2017-07-06 02:08:00,2017-07-06 01:54:00,2017-07-06 02:08:00,VALIDATION
6,2017-07-06 02:09:00,2017-07-06 01:55:00,2017-07-06 02:09:00,VALIDATION
6,2017-07-06 02:10:00,2017-07-06 01:56:00,2017-07-06 02:10:00,VALIDATION
6,2017-07-06 02:11:00,2017-07-06 01:57:00,2017-07-06 02:11:00,VALIDATION
6,2017-07-06 02:12:00,2017-07-06 01:58:00,2017-07-06 02:12:00,VALIDATION
6,2017-07-06 02:13:00,2017-07-06 01:59:00,2017-07-06 02:13:00,VALIDATION
6,2017-07-06 02:14:00,2017-07-06 02:00:00,2017-07-06 02:14:00,VALIDATION
6,2017-07-06 02:15:00,2017-07-06 02:01:00,2017-07-06 02:15:00,VALIDATION
6,2017-07-06 02:16:00,2017-07-06 02:02:00,2017-07-06 02:16:00,VALIDATION
6,2017-07-06 02:17:00,2017-07-06 02:03:00,2017-07-06 02:17:00,VALIDATION
6,2017-07-06 02:18:00,2017-07-06 02:04:00,2017-07-06 02:18:00,VALIDATION
6,2017-07-06 02:19:00,2017-07-06 02:05:00,2017-07-06 02:19:00,VALIDATION
6,2017-07-06 02:20:00,2017-07-06 02:06:00,2017-07-06 02:20:00,VALIDATION
6,2017-07-06 02:21:00,2017-07-06 02:07:00,2017-07-06 02:21:00,VALIDATION
6,2017-07-06 02:22:00,2017-07-06 02:08:00,2017-07-06 02:22:00,VALIDATION
6,2017-07-06 02:23:00,2017-07-06 02:09:00,2017-07-06 02:23:00,VALIDATION
6,2017-07-06 02:24:00,2017-07-06 02:10:00,2017-07-06 02:24:00,VALIDATION
6,2017-07-06 02:25:00,2017-07-06 02:11:00,2017-07-06 02:25:00,VALIDATION
6,2017-07-06 02:26:00,2017-07-06 02:12:00,2017-07-06 02:26:00,VALIDATION
6,2017-07-06 02:27:00,2017-07-06 02:13:00,2017-07-06 02:27:00,VALIDATION
6,2017-07-06 02:28:00,2017-07-06 02:14:00,2017-07-06 02:28:00,VALIDATION
6,2017-07-06 02:29:00,2017-07-06 02:15:00,2017-07-06 02:29:00,VALIDATION
6,2017-07-06 02:30:00,2017-07-06 02:16:00,2017-07-06 02:30:00,VALIDATION
6,2017-07-06 02:31:00,2017-07-06 02:17:00,2017-07-06 02:31:00,VALIDATION
6,2017-07-06 02:32:00,2017-07-06 02:18:00,2017-07-06 02:32:00,VALIDATION
6,2017-07-06 02:33:00,2017-07-06 02:19:00,2017-07-06 02:33:00,VALIDATION
6,2017-07-06 02:34:00,2017-07-06 02:20:00,2017-07-06 02:34:00,VALIDATION
6,2017-07-06 02:35:00,2017-07-06 02:21:00,2017-07-06 02:35:00,VALIDATION
6,2017-07-06 02:36:00,2017-07-06 02:22:00,2017-07-06 02:36:00,VALIDATION
6,2017-07-06 02:37:00,2017-07-06 02:23:00,2017-07-06 02:37:00,VALIDATION
6,2017-07-06 02:38:00,2017-07-06 02:24:00,2017-07-06 02:38:00,VALIDATION
6,2017-07-06 02:39:00,2017-07-06 02:25:00,2017-07-06 02:39:00,VALIDATION
6,2017-07-06 02:40:00,2017-07-06 02:26:00,2017-07-06 02:40:00,VALIDATION
6,2017-07-06 02:41:00,2017-07-06 02:27:00,2017-07-06 02:41:00,VALIDATION
6,2017-07-06 02:42:00,2017-07-06 02:28:00,2017-07-06 02:42:00,VALIDATION
6,2017-07-06 02:43:00,2017-07-06 02:29:00,2017-07-06 02:43:00,VALIDATION
6,2017-07-06 02:44:00,2017-07-06 02:30:00,2017-07-06 02:44:00,VALIDATION
6,2017-07-06 02:45:00,2017-07-06 02:31:00,2017-07-06 02:45:00,VALIDATION
6,2017-07-06 02:46:00,2017-07-06 02:32:00,2017-07-06 02:46:00,VALIDATION
6,2017-07-06 02:47:00,2017-07-06 02:33:00,2017-07-06 02:47:00,VALIDATION
6,2017-07-06 02:48:00,2017-07-06 02:34:00,2017-07-06 02:48:00,VALIDATION
6,2017-07-06 02:49:00,2017-07-06 02:35:00,2017-07-06 02:49:00,VALIDATION
6,2017-07-06 02:50:00,2017-07-06 02:36:00,2017-07-06 02:50:00,VALIDATION
6,2017-07-06 02:51:00,2017-07-06 02:37:00,2017-07-06 02:51:00,VALIDATION
6,2017-07-06 02:52:00,2017-07-06 02:38:00,2017-07-06 02:52:00,VALIDATION
6,2017-07-06 02:53:00,2017-07-06 02:39:00,2017-07-06 02:53:00,VALIDATION
6,2017-07-06 02:54:00,2017-07-06 02:40:00,2017-07-06 02:54:00,VALIDATION
6,2017-07-06 02:55:00,2017-07-06 02:41:00,2017-07-06 02:55:00,VALIDATION
6,2017-07-06 02:56:00,2017-07-06 02:42:00,2017-07-06 02:56:00,VALIDATION
6,2017-07-06 02:57:00,2017-07-06 02:43:00,2017-07-06 02:57:00,VALIDATION
6,2017-07-06 02:58:00,2017-07-06 02:44:00,2017-07-06 02:58:00,VALIDATION
6,2017-07-06 02:59:00,2017-07-06 02:45:00,2017-07-06 02:59:00,VALIDATION
6,2017-07-06 03:00:00,2017-07-06 02:46:00,2017-07-06 03:00:00,VALIDATION
6,2017-07-06 03:01:00,2017-07-06 02:47:00,2017-07-06 03:01:00,VALIDATION
6,2017-07-06 03:02:00,2017-07-06 02:48:00,2017-07-06 03:02:00,VALIDATION
6,2017-07-06 03:03:00,2017-07-06 02:49:00,2017-07-06 03:03:00,VALIDATION
6,2017-07-06 03:04:00,2017-07-06 02:50:00,2017-07-06 03:04:00,VALIDATION
6,2017-07-06 03:05:00,2017-07-06 02:51:00,2017-07-06 03:05:00,VALIDATION
6,2017-07-06 03:06:00,2017-07-06 02:52:00,2017-07-06 03:06:00,VALIDATION
6,2017-07-06 03:07:00,2017-07-06 02:53:00,2017-07-06 03:07:00,VALIDATION
6,2017-07-06 03:08:00,2017-07-06 02:54:00,2017-07-06 03:08:00,VALIDATION
6,2017-07-06 03:09:00,2017-07-06 02:55:00,2017-07-06 03:09:00,VALIDATION
6,2017-07-06 03:10:00,2017-07-06 02:56:00,2017-07-06 03:10:00,VALIDATION
6,2017-07-06 03:11:00,2017-07-06 02:57:00,2017-07-06 03:11:00,VALIDATION
6,2017-07-06 03:12:00,2017-07-06 02:58:00,2017-07-06 03:12:00,VALIDATION
6,2017-07-06 03:13:00,2017-07-06 02:59:00,2017-07-06 03:13:00,VALIDATION
6,2017-07-06 03:14:00,2017-07-06 03:00:00,2017-07-06 03:14:00,VALIDATION
6,2017-07-06 03:15:00,2017-07-06 03:01:00,2017-07-06 03:15:00,VALIDATION
6,2017-07-06 03:16:00,2017-07-06 03:02:00,2017-07-06 03:16:00,VALIDATION
6,2017-07-06 03:17:00,2017-07-06 03:03:00,2017-07-06 03:17:00,VALIDATION
6,2017-07-06 03:18:00,2017-07-06 03:04:00,2017-07-06 03:18:00,VALIDATION
6,2017-07-06 03:19:00,2017-07-06 03:05:00,2017-07-06 03:19:00,VALIDATION
6,2017-07-06 03:20:00,2017-07-06 03:06:00,2017-07-06 03:20:00,VALIDATION
6,2017-07-06 03:21:00,2017-07-06 03:07:00,2017-07-06 03:21:00,VALIDATION
6,2017-07-06 03:22:00,2017-07-06 03:08:00,2017-07-06 03:22:00,VALIDATION
6,2017-07-06 03:23:00,2017-07-06 03:09:00,2017-07-06 03:23:00,VALIDATION
6,2017-07-06 03:24:00,2017-07-06 03:10:00,2017-07-06 03:24:00,VALIDATION
6,2017-07-06 03:25:00,2017-07-06 03:11:00,2017-07-06 03:25:00,VALIDATION
6,2017-07-06 03:26:00,2017-07-06 03:12:00,2017-07-06 03:26:00,VALIDATION
6,2017-07-06 03:27:00,2017-07-06 03:13:00,2017-07-06 03:27:00,VALIDATION
6,2017-07-06 03:28:00,2017-07-06 03:14:00,2017-07-06 03:28:00,VALIDATION
6,2017-07-06 03:29:00,2017-07-06 03:15:00,2017-07-06 03:29:00,VALIDATION
6,2017-07-06 03:30:00,2017-07-06 03:16:00,2017-07-06 03:30:00,VALIDATION
6,2017-07-06 03:31:00,2017-07-06 03:17:00,2017-07-06 03:31:00,VALIDATION
6,2017-07-06 03:32:00,2017-07-06 03:18:00,2017-07-06 03:32:00,VALIDATION
6,2017-07-06 03:33:00,2017-07-06 03:19:00,2017-07-06 03:33:00,VALIDATION
6,2017-07-06 03:34:00,2017-07-06 03:20:00,2017-07-06 03:34:00,VALIDATION
6,2017-07-06 03:35:00,2017-07-06 03:21:00,2017-07-06 03:35:00,VALIDATION
6,2017-07-06 03:36:00,2017-07-06 03:22:00,2017-07-06 03:36:00,VALIDATION
6,2017-07-06 03:37:00,2017-07-06 03:23:00,2017-07-06 03:37:00,VALIDATION
6,2017-07-06 03:38:00,2017-07-06 03:24:00,2017-07-06 03:38:00,VALIDATION
6,2017-07-06 03:39:00,2017-07-06 03:25:00,2017-07-06 03:39:00,VALIDATION
6,2017-07-06 03:40:00,2017-07-06 03:26:00,2017-07-06 03:40:00,VALIDATION
6,2017-07-06 03:41:00,2017-07-06 03:27:00,2017-07-06 03:41:00,VALIDATION
6,2017-07-06 03:42:00,2017-07-06 03:28:00,2017-07-06 03:42:00,VALIDATION
6,2017-07-06 03:43:00,2017-07-06 03:29:00,2017-07-06 03:43:00,VALIDATION
6,2017-07-06 03:44:00,2017-07-06 03:30:00,2017-07-06 03:44:00,VALIDATION
6,2017-07-06 03:45:00,2017-07-06 03:31:00,2017-07-06 03:45:00,VALIDATION
6,2017-07-06 03:46:00,2017-07-06 03:32:00,2017-07-06 03:46:00,VALIDATION
6,2017-07-06 03:47:00,2017-07-06 03:33:00,2017-07-06 03:47:00,VALIDATION
6,2017-07-06 03:48:00,2017-07-06 03:34:00,2017-07-06 03:48:00,VALIDATION
6,2017-07-06 03:49:00,2017-07-06 03:35:00,2017-07-06 03:49:00,VALIDATION
6,2017-07-06 03:50:00,2017-07-06 03:36:00,2017-07-06 03:50:00,VALIDATION
6,2017-07-06 03:51:00,2017-07-06 03:37:00,2017-07-06 03:51:00,VALIDATION
6,2017-07-06 03:52:00,2017-07-06 03:38:00,2017-07-06 03:52:00,VALIDATION
6,2017-07-06 03:53:00,2017-07-06 03:39:00,2017-07-06 03:53:00,VALIDATION
6,2017-07-06 03:54:00,2017-07-06 03:40:00,2017-07-06 03:54:00,VALIDATION
6,2017-07-06 03:55:00,2017-07-06 03:41:00,2017-07-06 03:55:00,VALIDATION
6,2017-07-06 03:56:00,2017-07-06 03:42:00,2017-07-06 03:56:00,VALIDATION
6,2017-07-06 03:57:00,2017-07-06 03:43:00,2017-07-06 03:57:00,VALIDATION
6,2017-07-06 03:58:00,2017-07-06 03:44:00,2017-07-06 03:58:00,VALIDATION
6,2017-07-06 03:59:00,2017-07-06 03:45:00,2017-07-06 03:59:00,VALIDATION
6,2017-07-06 04:00:00,2017-07-06 03:46:00,2017-07-06 04:00:00,VALIDATION
6,2017-07-06 04:01:00,2017-07-06 03:47:00,2017-07-06 04:01:00,VALIDATION
6,2017-07-06 04:02:00,2017-07-06 03:48:00,2017-07-06 04:02:00,VALIDATION
6,2017-07-06 04:03:00,2017-07-06 03:49:00,2017-07-06 04:03:00,VALIDATION
6,2017-07-06 04:04:00,2017-07-06 03:50:00,2017-07-06 04:04:00,VALIDATION
6,2017-07-06 04:05:00,2017-07-06 03:51:00,2017-07-06 04:05:00,VALIDATION
6,2017-07-06 04:06:00,2017-07-06 03:52:00,2017-07-06 04:06:00,VALIDATION
6,2017-07-06 04:07:00,2017-07-06 03:53:00,2017-07-06 04:07:00,VALIDATION
6,2017-07-06 04:08:00,2017-07-06 03:54:00,2017-07-06 04:08:00,VALIDATION
6,2017-07-06 04:09:00,2017-07-06 03:55:00,2017-07-06 04:09:00,VALIDATION
6,2017-07-06 04:10:00,2017-07-06 03:56:00,2017-07-06 04:10:00,VALIDATION
6,2017-07-06 04:11:00,2017-07-06 03:57:00,2017-07-06 04:11:00,VALIDATION
6,2017-07-06 04:12:00,2017-07-06 03:58:00,2017-07-06 04:12:00,VALIDATION
6,2017-07-06 04:13:00,2017-07-06 03:59:00,2017-07-06 04:13:00,VALIDATION
6,2017-07-06 04:14:00,2017-07-06 04:00:00,2017-07-06 04:14:00,VALIDATION
6,2017-07-06 04:15:00,2017-07-06 04:01:00,2017-07-06 04:15:00,VALIDATION
6,2017-07-06 04:16:00,2017-07-06 04:02:00,2017-07-06 04:16:00,VALIDATION
6,2017-07-06 04:17:00,2017-07-06 04:03:00,2017-07-06 04:17:00,VALIDATION
6,2017-07-06 04:18:00,2017-07-06 04:04:00,2017-07-06 04:18:00,VALIDATION
6,2017-07-06 04:19:00,2017-07-06 04:05:00,2017-07-06 04:19:00,VALIDATION
6,2017-07-06 04:20:00,2017-07-06 04:06:00,2017-07-06 04:20:00,VALIDATION
6,2017-07-06 04:21:00,2017-07-06 04:07:00,2017-07-06 04:21:00,VALIDATION
6,2017-07-06 04:22:00,2017-07-06 04:08:00,2017-07-06 04:22:00,VALIDATION
6,2017-07-06 04:23:00,2017-07-06 04:09:00,2017-07-06 04:23:00,VALIDATION
6,2017-07-06 04:24:00,2017-07-06 04:10:00,2017-07-06 04:24:00,VALIDATION
6,2017-07-06 04:25:00,2017-07-06 04:11:00,2017-07-06 04:25:00,VALIDATION
6,2017-07-06 04:26:00,2017-07-06 04:12:00,2017-07-06 04:26:00,VALIDATION
6,2017-07-06 04:27:00,2017-07-06 04:13:00,2017-07-06 04:27:00,VALIDATION
6,2017-07-06 04:28:00,2017-07-06 04:14:00,2017-07-06 04:28:00,VALIDATION
6,2017-07-06 04:29:00,2017-07-06 04:15:00,2017-07-06 04:29:00,VALIDATION
6,2017-07-06 04:30:00,2017-07-06 04:16:00,2017-07-06 04:30:00,VALIDATION
6,2017-07-06 04:31:00,2017-07-06 04:17:00,2017-07-06 04:31:00,VALIDATION
6,2017-07-06 04:32:00,2017-07-06 04:18:00,2017-07-06 04:32:00,VALIDATION
6,2017-07-06 04:33:00,2017-07-06 04:19:00,2017-07-06 04:33:00,VALIDATION
6,2017-07-06 04:34:00,2017-07-06 04:20:00,2017-07-06 04:34:00,VALIDATION
7,2017-07-06 09:13:00,2017-07-06 08:59:00,2017-07-06 09:13:00,VALIDATION
7,2017-07-06 09:14:00,2017-07-06 09:00:00,2017-07-06 09:14:00,VALIDATION
7,2017-07-06 09:15:00,2017-07-06 09:01:00,2017-07-06 09:15:00,VALIDATION
7,2017-07-06 09:16:00,2017-07-06 09:02:00,2017-07-06 09:16:00,VALIDATION
7,2017-07-06 09:17:00,2017-07-06 09:03:00,2017-07-06 09:17:00,VALIDATION
7,2017-07-06 09:18:00,2017-07-06 09:04:00,2017-07-06 09:18:00,VALIDATION
7,2017-07-06 09:19:00,2017-07-06 09:05:00,2017-07-06 09:19:00,VALIDATION
7,2017-07-06 09:20:00,2017-07-06 09:06:00,2017-07-06 09:20:00,VALIDATION
7,2017-07-06 09:21:00,2017-07-06 09:07:00,2017-07-06 09:21:00,VALIDATION
7,2017-07-06 09:22:00,2017-07-06 09:08:00,2017-07-06 09:22:00,VALIDATION
7,2017-07-06 09:23:00,2017-07-06 09:09:00,2017-07-06 09:23:00,VALIDATION
7,2017-07-06 09:24:00,2017-07-06 09:10:00,2017-07-06 09:24:00,VALIDATION
7,2017-07-06 09:25:00,2017-07-06 09:11:00,2017-07-06 09:25:00,VALIDATION
7,2017-07-06 09:26:00,2017-07-06 09:12:00,2017-07-06 09:26:00,VALIDATION
7,2017-07-06 09:27:00,2017-07-06 09:13:00,2017-07-06 09:27:00,VALIDATION
7,2017-07-06 09:28:00,2017-07-06 09:14:00,2017-07-06 09:28:00,VALIDATION
7,2017-07-06 09:29:00,2017-07-06 09:15:00,2017-07-06 09:29:00,VALIDATION
7,2017-07-06 09:30:00,2017-07-06 09:16:00,2017-07-06 09:30:00,VALIDATION
7,2017-07-06 09:31:00,2017-07-06 09:17:00,2017-07-06 09:31:00,VALIDATION
7,2017-07-06 09:32:00,2017-07-06 09:18:00,2017-07-06 09:32:00,VALIDATION
7,2017-07-06 09:33:00,2017-07-06 09:19:00,2017-07-06 09:33:00,VALIDATION
7,2017-07-06 09:34:00,2017-07-06 09:20:00,2017-07-06 09:34:00,VALIDATION
7,2017-07-06 09:35:00,2017-07-06 09:21:00,2017-07-06 09:35:00,VALIDATION
7,2017-07-06 09:36:00,2017-07-06 09:22:00,2017-07-06 09:36:00,VALIDATION
7,2017-07-06 09:37:00,2017-07-06 09:23:00,2017-07-06 09:37:00,VALIDATION
7,2017-07-06 09:38:00,2017-07-06 09:24:00,2017-07-06 09:38:00,VALIDATION
7,2017-07-06 09:39:00,2017-07-06 09:25:00,2017-07-06 09:39:00,VALIDATION
7,2017-07-06 09:40:00,2017-07-06 09:26:00,2017-07-06 09:40:00,VALIDATION
7,2017-07-06 09:41:00,2017-07-06 09:27:00,2017-07-06 09:41:00,VALIDATION
7,2017-07-06 09:42:00,2017-07-06 09:28:00,2017-07-06 09:42:00,VALIDATION
7,2017-07-06 09:43:00,2017-07-06 09:29:00,2017-07-06 09:43:00,VALIDATION
7,2017-07-06 09:44:00,2017-07-06 09:30:00,2017-07-06 09:44:00,VALIDATION
7,2017-07-06 09:45:00,2017-07-06 09:31:00,2017-07-06 09:45:00,VALIDATION
7,2017-07-06 09:46:00,2017-07-06 09:32:00,2017-07-06 09:46:00,VALIDATION
7,2017-07-06 09:47:00,2017-07-06 09:33:00,2017-07-06 09:47:00,VALIDATION
7,2017-07-06 09:48:00,2017-07-06 09:34:00,2017-07-06 09:48:00,VALIDATION
7,2017-07-06 09:49:00,2017-07-06 09:35:00,2017-07-06 09:49:00,VALIDATION
7,2017-07-06 09:50:00,2017-07-06 09:36:00,2017-07-06 09:50:00,VALIDATION
7,2017-07-06 09:51:00,2017-07-06 09:37:00,2017-07-06 09:51:00,VALIDATION
7,2017-07-06 09:52:00,2017-07-06 09:38:00,2017-07-06 09:52:00,VALIDATION
7,2017-07-06 09:53:00,2017-07-06 09:39:00,2017-07-06 09:53:00,VALIDATION
7,2017-07-06 09:54:00,2017-07-06 09:40:00,2017-07-06 09:54:00,VALIDATION
7,2017-07-06 09:55:00,2017-07-06 09:41:00,2017-07-06 09:55:00,VALIDATION
7,2017-07-06 09:56:00,2017-07-06 09:42:00,2017-07-06 09:56:00,VALIDATION
7,2017-07-06 09:57:00,2017-07-06 09:43:00,2017-07-06 09:57:00,VALIDATION
7,2017-07-06 09:58:00,2017-07-06 09:44:00,2017-07-06 09:58:00,VALIDATION
7,2017-07-06 09:59:00,2017-07-06 09:45:00,2017-07-06 09:59:00,VALIDATION
7,2017-07-06 10:00:00,2017-07-06 09:46:00,2017-07-06 10:00:00,VALIDATION
7,2017-07-06 10:01:00,2017-07-06 09:47:00,2017-07-06 10:01:00,VALIDATION
7,2017-07-06 10:02:00,2017-07-06 09:48:00,2017-07-06 10:02:00,VALIDATION
7,2017-07-06 10:03:00,2017-07-06 09:49:00,2017-07-06 10:03:00,VALIDATION
7,2017-07-06 10:04:00,2017-07-06 09:50:00,2017-07-06 10:04:00,VALIDATION
7,2017-07-06 10:05:00,2017-07-06 09:51:00,2017-07-06 10:05:00,VALIDATION
7,2017-07-06 10:06:00,2017-07-06 09:52:00,2017-07-06 10:06:00,VALIDATION
7,2017-07-06 10:07:00,2017-07-06 09:53:00,2017-07-06 10:07:00,VALIDATION
7,2017-07-06 10:08:00,2017-07-06 09:54:00,2017-07-06 10:08:00,VALIDATION
7,2017-07-06 10:09:00,2017-07-06 09:55:00,2017-07-06 10:09:00,VALIDATION
7,2017-07-06 10:10:00,2017-07-06 09:56:00,2017-07-06 10:10:00,VALIDATION
7,2017-07-06 10:11:00,2017-07-06 09:57:00,2017-07-06 10:11:00,VALIDATION
7,2017-07-06 10:12:00,2017-07-06 09:58:00,2017-07-06 10:12:00,VALIDATION
7,2017-07-06 10:13:00,2017-07-06 09:59:00,2017-07-06 10:13:00,VALIDATION
7,2017-07-06 10:14:00,2017-07-06 10:00:00,2017-07-06 10:14:00,VALIDATION
7,2017-07-06 10:15:00,2017-07-06 10:01:00,2017-07-06 10:15:00,VALIDATION
7,2017-07-06 10:16:00,2017-07-06 10:02:00,2017-07-06 10:16:00,VALIDATION
7,2017-07-06 10:17:00,2017-07-06 10:03:00,2017-07-06 10:17:00,VALIDATION
7,2017-07-06 10:18:00,2017-07-06 10:04:00,2017-07-06 10:18:00,VALIDATION
7,2017-07-06 10:19:00,2017-07-06 10:05:00,2017-07-06 10:19:00,VALIDATION
7,2017-07-06 10:20:00,2017-07-06 10:06:00,2017-07-06 10:20:00,VALIDATION
7,2017-07-06 10:21:00,2017-07-06 10:07:00,2017-07-06 10:21:00,VALIDATION
7,2017-07-06 10:22:00,2017-07-06 10:08:00,2017-07-06 10:22:00,VALIDATION
7,2017-07-06 10:23:00,2017-07-06 10:09:00,2017-07-06 10:23:00,VALIDATION
7,2017-07-06 10:24:00,2017-07-06 10:10:00,2017-07-06 10:24:00,VALIDATION
7,2017-07-06 10:25:00,2017-07-06 10:11:00,2017-07-06 10:25:00,VALIDATION
7,2017-07-06 10:26:00,2017-07-06 10:12:00,2017-07-06 10:26:00,VALIDATION
7,2017-07-06 10:27:00,2017-07-06 10:13:00,2017-07-06 10:27:00,VALIDATION
7,2017-07-06 10:28:00,2017-07-06 10:14:00,2017-07-06 10:28:00,VALIDATION
7,2017-07-06 10:29:00,2017-07-06 10:15:00,2017-07-06 10:29:00,VALIDATION
7,2017-07-06 10:30:00,2017-07-06 10:16:00,2017-07-06 10:30:00,VALIDATION
7,2017-07-06 10:31:00,2017-07-06 10:17:00,2017-07-06 10:31:00,VALIDATION
7,2017-07-06 10:32:00,2017-07-06 10:18:00,2017-07-06 10:32:00,VALIDATION
7,2017-07-06 10:33:00,2017-07-06 10:19:00,2017-07-06 10:33:00,VALIDATION
7,2017-07-06 10:34:00,2017-07-06 10:20:00,2017-07-06 10:34:00,VALIDATION
7,2017-07-06 10:35:00,2017-07-06 10:21:00,2017-07-06 10:35:00,VALIDATION
7,2017-07-06 10:36:00,2017-07-06 10:22:00,2017-07-06 10:36:00,VALIDATION
7,2017-07-06 10:37:00,2017-07-06 10:23:00,2017-07-06 10:37:00,VALIDATION
7,2017-07-06 10:38:00,2017-07-06 10:24:00,2017-07-06 10:38:00,VALIDATION
7,2017-07-06 10:39:00,2017-07-06 10:25:00,2017-07-06 10:39:00,VALIDATION
7,2017-07-06 10:40:00,2017-07-06 10:26:00,2017-07-06 10:40:00,VALIDATION
7,2017-07-06 10:41:00,2017-07-06 10:27:00,2017-07-06 10:41:00,VALIDATION
7,2017-07-06 10:42:00,2017-07-06 10:28:00,2017-07-06 10:42:00,VALIDATION
7,2017-07-06 10:43:00,2017-07-06 10:29:00,2017-07-06 10:43:00,VALIDATION
7,2017-07-06 10:44:00,2017-07-06 10:30:00,2017-07-06 10:44:00,VALIDATION
7,2017-07-06 10:45:00,2017-07-06 10:31:00,2017-07-06 10:45:00,VALIDATION
7,2017-07-06 10:46:00,2017-07-06 10:32:00,2017-07-06 10:46:00,VALIDATION
7,2017-07-06 10:47:00,2017-07-06 10:33:00,2017-07-06 10:47:00,VALIDATION
7,2017-07-06 10:48:00,2017-07-06 10:34:00,2017-07-06 10:48:00,VALIDATION
7,2017-07-06 10:49:00,2017-07-06 10:35:00,2017-07-06 10:49:00,VALIDATION
7,2017-07-06 10:50:00,2017-07-06 10:36:00,2017-07-06 10:50:00,VALIDATION
7,2017-07-06 10:51:00,2017-07-06 10:37:00,2017-07-06 10:51:00,VALIDATION
7,2017-07-06 10:52:00,2017-07-06 10:38:00,2017-07-06 10:52:00,VALIDATION
7,2017-07-06 10:53:00,2017-07-06 10:39:00,2017-07-06 10:53:00,VALIDATION
7,2017-07-06 10:54:00,2017-07-06 10:40:00,2017-07-06 10:54:00,VALIDATION
7,2017-07-06 10:55:00,2017-07-06 10:41:00,2017-07-06 10:55:00,VALIDATION
7,2017-07-06 10:56:00,2017-07-06 10:42:00,2017-07-06 10:56:00,VALIDATION
7,2017-07-06 10:57:00,2017-07-06 10:43:00,2017-07-06 10:57:00,VALIDATION
7,2017-07-06 10:58:00,2017-07-06 10:44:00,2017-07-06 10:58:00,VALIDATION
7,2017-07-06 10:59:00,2017-07-06 10:45:00,2017-07-06 10:59:00,VALIDATION
7,2017-07-06 11:00:00,2017-07-06 10:46:00,2017-07-06 11:00:00,VALIDATION
7,2017-07-06 11:01:00,2017-07-06 10:47:00,2017-07-06 11:01:00,VALIDATION
7,2017-07-06 11:02:00,2017-07-06 10:48:00,2017-07-06 11:02:00,VALIDATION
7,2017-07-06 11:03:00,2017-07-06 10:49:00,2017-07-06 11:03:00,VALIDATION
7,2017-07-06 11:04:00,2017-07-06 10:50:00,2017-07-06 11:04:00,VALIDATION
7,2017-07-06 11:05:00,2017-07-06 10:51:00,2017-07-06 11:05:00,VALIDATION
7,2017-07-06 11:06:00,2017-07-06 10:52:00,2017-07-06 11:06:00,VALIDATION
7,2017-07-06 11:07:00,2017-07-06 10:53:00,2017-07-06 11:07:00,VALIDATION
7,2017-07-06 11:08:00,2017-07-06 10:54:00,2017-07-06 11:08:00,VALIDATION
7,2017-07-06 11:09:00,2017-07-06 10:55:00,2017-07-06 11:09:00,VALIDATION
7,2017-07-06 11:10:00,2017-07-06 10:56:00,2017-07-06 11:10:00,VALIDATION
7,2017-07-06 11:11:00,2017-07-06 10:57:00,2017-07-06 11:11:00,VALIDATION
7,2017-07-06 11:12:00,2017-07-06 10:58:00,2017-07-06 11:12:00,VALIDATION
7,2017-07-06 11:13:00,2017-07-06 10:59:00,2017-07-06 11:13:00,VALIDATION
7,2017-07-06 11:14:00,2017-07-06 11:00:00,2017-07-06 11:14:00,VALIDATION
7,2017-07-06 11:15:00,2017-07-06 11:01:00,2017-07-06 11:15:00,VALIDATION
7,2017-07-06 11:16:00,2017-07-06 11:02:00,2017-07-06 11:16:00,VALIDATION
7,2017-07-06 11:17:00,2017-07-06 11:03:00,2017-07-06 11:17:00,VALIDATION
7,2017-07-06 11:18:00,2017-07-06 11:04:00,2017-07-06 11:18:00,VALIDATION
7,2017-07-06 11:19:00,2017-07-06 11:05:00,2017-07-06 11:19:00,VALIDATION
7,2017-07-06 11:20:00,2017-07-06 11:06:00,2017-07-06 11:20:00,VALIDATION
7,2017-07-06 11:21:00,2017-07-06 11:07:00,2017-07-06 11:21:00,VALIDATION
7,2017-07-06 11:22:00,2017-07-06 11:08:00,2017-07-06 11:22:00,VALIDATION
7,2017-07-06 11:23:00,2017-07-06 11:09:00,2017-07-06 11:23:00,VALIDATION
7,2017-07-06 11:24:00,2017-07-06 11:10:00,2017-07-06 11:24:00,VALIDATION
7,2017-07-06 11:25:00,2017-07-06 11:11:00,2017-07-06 11:25:00,VALIDATION
7,2017-07-06 11:26:00,2017-07-06 11:12:00,2017-07-06 11:26:00,VALIDATION
7,2017-07-06 11:27:00,2017-07-06 11:13:00,2017-07-06 11:27:00,VALIDATION
7,2017-07-06 11:28:00,2017-07-06 11:14:00,2017-07-06 11:28:00,VALIDATION
7,2017-07-06 11:29:00,2017-07-06 11:15:00,2017-07-06 11:29:00,VALIDATION
7,2017-07-06 11:30:00,2017-07-06 11:16:00,2017-07-06 11:30:00,VALIDATION
7,2017-07-06 11:31:00,2017-07-06 11:17:00,2017-07-06 11:31:00,VALIDATION
7,2017-07-06 11:32:00,2017-07-06 11:18:00,2017-07-06 11:32:00,VALIDATION
7,2017-07-06 11:33:00,2017-07-06 11:19:00,2017-07-06 11:33:00,VALIDATION
7,2017-07-06 11:34:00,2017-07-06 11:20:00,2017-07-06 11:34:00,VALIDATION
7,2017-07-06 11:35:00,2017-07-06 11:21:00,2017-07-06 11:35:00,VALIDATION
7,2017-07-06 11:36:00,2017-07-06 11:22:00,2017-07-06 11:36:00,VALIDATION
7,2017-07-06 11:37:00,2017-07-06 11:23:00,2017-07-06 11:37:00,VALIDATION
7,2017-07-06 11:38:00,2017-07-06 11:24:00,2017-07-06 11:38:00,VALIDATION
7,2017-07-06 11:39:00,2017-07-06 11:25:00,2017-07-06 11:39:00,VALIDATION
7,2017-07-06 11:40:00,2017-07-06 11:26:00,2017-07-06 11:40:00,VALIDATION
7,2017-07-06 11:41:00,2017-07-06 11:27:00,2017-07-06 11:41:00,VALIDATION
7,2017-07-06 11:42:00,2017-07-06 11:28:00,2017-07-06 11:42:00,VALIDATION
7,2017-07-06 11:43:00,2017-07-06 11:29:00,2017-07-06 11:43:00,VALIDATION
7,2017-07-06 11:44:00,2017-07-06 11:30:00,2017-07-06 11:44:00,VALIDATION
7,2017-07-06 11:45:00,2017-07-06 11:31:00,2017-07-06 11:45:00,VALIDATION
7,2017-07-06 11:46:00,2017-07-06 11:32:00,2017-07-06 11:46:00,VALIDATION
7,2017-07-06 11:47:00,2017-07-06 11:33:00,2017-07-06 11:47:00,VALIDATION
7,2017-07-06 11:48:00,2017-07-06 11:34:00,2017-07-06 11:48:00,VALIDATION
7,2017-07-06 11:49:00,2017-07-06 11:35:00,2017-07-06 11:49:00,VALIDATION
7,2017-07-06 11:50:00,2017-07-06 11:36:00,2017-07-06 11:50:00,VALIDATION
7,2017-07-06 11:51:00,2017-07-06 11:37:00,2017-07-06 11:51:00,VALIDATION
7,2017-07-06 11:52:00,2017-07-06 11:38:00,2017-07-06 11:52:00,VALIDATION
7,2017-07-06 11:53:00,2017-07-06 11:39:00,2017-07-06 11:53:00,VALIDATION
7,2017-07-06 11:54:00,2017-07-06 11:40:00,2017-07-06 11:54:00,VALIDATION
7,2017-07-06 11:55:00,2017-07-06 11:41:00,2017-07-06 11:55:00,VALIDATION
7,2017-07-06 11:56:00,2017-07-06 11:42:00,2017-07-06 11:56:00,VALIDATION
7,2017-07-06 11:57:00,2017-07-06 11:43:00,2017-07-06 11:57:00,VALIDATION
7,2017-07-06 11:58:00,2017-07-06 11:44:00,2017-07-06 11:58:00,VALIDATION
7,2017-07-06 11:59:00,2017-07-06 11:45:00,2017-07-06 11:59:00,VALIDATION
7,2017-07-06 12:00:00,2017-07-06 11:46:00,2017-07-06 12:00:00,VALIDATION
7,2017-07-06 12:01:00,2017-07-06 11:47:00,2017-07-06 12:01:00,VALIDATION
7,2017-07-06 12:02:00,2017-07-06 11:48:00,2017-07-06 12:02:00,VALIDATION
7,2017-07-06 12:03:00,2017-07-06 11:49:00,2017-07-06 12:03:00,VALIDATION
7,2017-07-06 12:04:00,2017-07-06 11:50:00,2017-07-06 12:04:00,VALIDATION
7,2017-07-06 12:05:00,2017-07-06 11:51:00,2017-07-06 12:05:00,VALIDATION
7,2017-07-06 12:06:00,2017-07-06 11:52:00,2017-07-06 12:06:00,VALIDATION
7,2017-07-06 12:07:00,2017-07-06 11:53:00,2017-07-06 12:07:00,VALIDATION
7,2017-07-06 12:08:00,2017-07-06 11:54:00,2017-07-06 12:08:00,VALIDATION
7,2017-07-06 12:09:00,2017-07-06 11:55:00,2017-07-06 12:09:00,VALIDATION
7,2017-07-06 12:10:00,2017-07-06 11:56:00,2017-07-06 12:10:00,VALIDATION
7,2017-07-06 12:11:00,2017-07-06 11:57:00,2017-07-06 12:11:00,VALIDATION
7,2017-07-06 12:12:00,2017-07-06 11:58:00,2017-07-06 12:12:00,VALIDATION
7,2017-07-06 12:13:00,2017-07-06 11:59:00,2017-07-06 12:13:00,VALIDATION
7,2017-07-06 12:14:00,2017-07-06 12:00:00,2017-07-06 12:14:00,VALIDATION
7,2017-07-06 12:15:00,2017-07-06 12:01:00,2017-07-06 12:15:00,VALIDATION
7,2017-07-06 12:16:00,2017-07-06 12:02:00,2017-07-06 12:16:00,VALIDATION
7,2017-07-06 12:17:00,2017-07-06 12:03:00,2017-07-06 12:17:00,VALIDATION
7,2017-07-06 12:18:00,2017-07-06 12:04:00,2017-07-06 12:18:00,VALIDATION
7,2017-07-06 12:19:00,2017-07-06 12:05:00,2017-07-06 12:19:00,VALIDATION
7,2017-07-06 12:20:00,2017-07-06 12:06:00,2017-07-06 12:20:00,VALIDATION
7,2017-07-06 12:21:00,2017-07-06 12:07:00,2017-07-06 12:21:00,VALIDATION
7,2017-07-06 12:22:00,2017-07-06 12:08:00,2017-07-06 12:22:00,VALIDATION
7,2017-07-06 12:23:00,2017-07-06 12:09:00,2017-07-06 12:23:00,VALIDATION
7,2017-07-06 12:24:00,2017-07-06 12:10:00,2017-07-06 12:24:00,VALIDATION
7,2017-07-06 12:25:00,2017-07-06 12:11:00,2017-07-06 12:25:00,VALIDATION
7,2017-07-06 12:26:00,2017-07-06 12:12:00,2017-07-06 12:26:00,VALIDATION
7,2017-07-06 12:27:00,2017-07-06 12:13:00,2017-07-06 12:27:00,VALIDATION
7,2017-07-06 12:28:00,2017-07-06 12:14:00,2017-07-06 12:28:00,VALIDATION
7,2017-07-06 12:29:00,2017-07-06 12:15:00,2017-07-06 12:29:00,VALIDATION
8,2017-07-07 01:14:00,2017-07-07 01:00:00,2017-07-07 01:14:00,TEST
8,2017-07-07 01:15:00,2017-07-07 01:01:00,2017-07-07 01:15:00,TEST
8,2017-07-07 01:16:00,2017-07-07 01:02:00,2017-07-07 01:16:00,TEST
8,2017-07-07 01:17:00,2017-07-07 01:03:00,2017-07-07 01:17:00,TEST
8,2017-07-07 01:18:00,2017-07-07 01:04:00,2017-07-07 01:18:00,TEST
8,2017-07-07 01:19:00,2017-07-07 01:05:00,2017-07-07 01:19:00,TEST
8,2017-07-07 01:20:00,2017-07-07 01:06:00,2017-07-07 01:20:00,TEST
8,2017-07-07 01:21:00,2017-07-07 01:07:00,2017-07-07 01:21:00,TEST
8,2017-07-07 01:22:00,2017-07-07 01:08:00,2017-07-07 01:22:00,TEST
8,2017-07-07 01:23:00,2017-07-07 01:09:00,2017-07-07 01:23:00,TEST
8,2017-07-07 01:24:00,2017-07-07 01:10:00,2017-07-07 01:24:00,TEST
8,2017-07-07 01:25:00,2017-07-07 01:11:00,2017-07-07 01:25:00,TEST
8,2017-07-07 01:26:00,2017-07-07 01:12:00,2017-07-07 01:26:00,TEST
8,2017-07-07 01:27:00,2017-07-07 01:13:00,2017-07-07 01:27:00,TEST
8,2017-07-07 01:28:00,2017-07-07 01:14:00,2017-07-07 01:28:00,TEST
8,2017-07-07 01:29:00,2017-07-07 01:15:00,2017-07-07 01:29:00,TEST
8,2017-07-07 01:30:00,2017-07-07 01:16:00,2017-07-07 01:30:00,TEST
8,2017-07-07 01:31:00,2017-07-07 01:17:00,2017-07-07 01:31:00,TEST
8,2017-07-07 01:32:00,2017-07-07 01:18:00,2017-07-07 01:32:00,TEST
8,2017-07-07 01:33:00,2017-07-07 01:19:00,2017-07-07 01:33:00,TEST
8,2017-07-07 01:34:00,2017-07-07 01:20:00,2017-07-07 01:34:00,TEST
8,2017-07-07 01:35:00,2017-07-07 01:21:00,2017-07-07 01:35:00,TEST
8,2017-07-07 01:36:00,2017-07-07 01:22:00,2017-07-07 01:36:00,TEST
8,2017-07-07 01:37:00,2017-07-07 01:23:00,2017-07-07 01:37:00,TEST
8,2017-07-07 01:38:00,2017-07-07 01:24:00,2017-07-07 01:38:00,TEST
8,2017-07-07 01:39:00,2017-07-07 01:25:00,2017-07-07 01:39:00,TEST
8,2017-07-07 01:40:00,2017-07-07 01:26:00,2017-07-07 01:40:00,TEST
8,2017-07-07 01:41:00,2017-07-07 01:27:00,2017-07-07 01:41:00,TEST
8,2017-07-07 01:42:00,2017-07-07 01:28:00,2017-07-07 01:42:00,TEST
8,2017-07-07 01:43:00,2017-07-07 01:29:00,2017-07-07 01:43:00,TEST
8,2017-07-07 01:44:00,2017-07-07 01:30:00,2017-07-07 01:44:00,TEST
8,2017-07-07 01:45:00,2017-07-07 01:31:00,2017-07-07 01:45:00,TEST
8,2017-07-07 01:46:00,2017-07-07 01:32:00,2017-07-07 01:46:00,TEST
8,2017-07-07 01:47:00,2017-07-07 01:33:00,2017-07-07 01:47:00,TEST
8,2017-07-07 01:48:00,2017-07-07 01:34:00,2017-07-07 01:48:00,TEST
8,2017-07-07 01:49:00,2017-07-07 01:35:00,2017-07-07 01:49:00,TEST
8,2017-07-07 01:50:00,2017-07-07 01:36:00,2017-07-07 01:50:00,TEST
8,2017-07-07 01:51:00,2017-07-07 01:37:00,2017-07-07 01:51:00,TEST
8,2017-07-07 01:52:00,2017-07-07 01:38:00,2017-07-07 01:52:00,TEST
8,2017-07-07 01:53:00,2017-07-07 01:39:00,2017-07-07 01:53:00,TEST
8,2017-07-07 01:54:00,2017-07-07 01:40:00,2017-07-07 01:54:00,TEST
8,2017-07-07 01:55:00,2017-07-07 01:41:00,2017-07-07 01:55:00,TEST
8,2017-07-07 01:56:00,2017-07-07 01:42:00,2017-07-07 01:56:00,TEST
8,2017-07-07 01:57:00,2017-07-07 01:43:00,2017-07-07 01:57:00,TEST
8,2017-07-07 01:58:00,2017-07-07 01:44:00,2017-07-07 01:58:00,TEST
8,2017-07-07 01:59:00,2017-07-07 01:45:00,2017-07-07 01:59:00,TEST
8,2017-07-07 02:00:00,2017-07-07 01:46:00,2017-07-07 02:00:00,TEST
8,2017-07-07 02:01:00,2017-07-07 01:47:00,2017-07-07 02:01:00,TEST
8,2017-07-07 02:02:00,2017-07-07 01:48:00,2017-07-07 02:02:00,TEST
8,2017-07-07 02:03:00,2017-07-07 01:49:00,2017-07-07 02:03:00,TEST
8,2017-07-07 02:04:00,2017-07-07 01:50:00,2017-07-07 02:04:00,TEST
8,2017-07-07 02:05:00,2017-07-07 01:51:00,2017-07-07 02:05:00,TEST
8,2017-07-07 02:06:00,2017-07-07 01:52:00,2017-07-07 02:06:00,TEST
8,2017-07-07 02:07:00,2017-07-07 01:53:00,2017-07-07 02:07:00,TEST
8,2017-07-07 02:08:00,2017-07-07 01:54:00,2017-07-07 02:08:00,TEST
8,2017-07-07 02:09:00,2017-07-07 01:55:00,2017-07-07 02:09:00,TEST
8,2017-07-07 02:10:00,2017-07-07 01:56:00,2017-07-07 02:10:00,TEST
8,2017-07-07 02:11:00,2017-07-07 01:57:00,2017-07-07 02:11:00,TEST
8,2017-07-07 02:12:00,2017-07-07 01:58:00,2017-07-07 02:12:00,TEST
8,2017-07-07 02:13:00,2017-07-07 01:59:00,2017-07-07 02:13:00,TEST
8,2017-07-07 02:14:00,2017-07-07 02:00:00,2017-07-07 02:14:00,TEST
8,2017-07-07 02:15:00,2017-07-07 02:01:00,2017-07-07 02:15:00,TEST
8,2017-07-07 02:16:00,2017-07-07 02:02:00,2017-07-07 02:16:00,TEST
8,2017-07-07 02:17:00,2017-07-07 02:03:00,2017-07-07 02:17:00,TEST
8,2017-07-07 02:18:00,2017-07-07 02:04:00,2017-07-07 02:18:00,TEST
8,2017-07-07 02:19:00,2017-07-07 02:05:00,2017-07-07 02:19:00,TEST
8,2017-07-07 02:20:00,2017-07-07 02:06:00,2017-07-07 02:20:00,TEST
8,2017-07-07 02:21:00,2017-07-07 02:07:00,2017-07-07 02:21:00,TEST
8,2017-07-07 02:22:00,2017-07-07 02:08:00,2017-07-07 02:22:00,TEST
8,2017-07-07 02:23:00,2017-07-07 02:09:00,2017-07-07 02:23:00,TEST
8,2017-07-07 02:24:00,2017-07-07 02:10:00,2017-07-07 02:24:00,TEST
8,2017-07-07 02:25:00,2017-07-07 02:11:00,2017-07-07 02:25:00,TEST
8,2017-07-07 02:26:00,2017-07-07 02:12:00,2017-07-07 02:26:00,TEST
8,2017-07-07 02:27:00,2017-07-07 02:13:00,2017-07-07 02:27:00,TEST
8,2017-07-07 02:28:00,2017-07-07 02:14:00,2017-07-07 02:28:00,TEST
8,2017-07-07 02:29:00,2017-07-07 02:15:00,2017-07-07 02:29:00,TEST
8,2017-07-07 02:30:00,2017-07-07 02:16:00,2017-07-07 02:30:00,TEST
8,2017-07-07 02:31:00,2017-07-07 02:17:00,2017-07-07 02:31:00,TEST
8,2017-07-07 02:32:00,2017-07-07 02:18:00,2017-07-07 02:32:00,TEST
8,2017-07-07 02:33:00,2017-07-07 02:19:00,2017-07-07 02:33:00,TEST
8,2017-07-07 02:34:00,2017-07-07 02:20:00,2017-07-07 02:34:00,TEST
8,2017-07-07 02:35:00,2017-07-07 02:21:00,2017-07-07 02:35:00,TEST
8,2017-07-07 02:36:00,2017-07-07 02:22:00,2017-07-07 02:36:00,TEST
8,2017-07-07 02:37:00,2017-07-07 02:23:00,2017-07-07 02:37:00,TEST
8,2017-07-07 02:38:00,2017-07-07 02:24:00,2017-07-07 02:38:00,TEST
8,2017-07-07 02:39:00,2017-07-07 02:25:00,2017-07-07 02:39:00,TEST
8,2017-07-07 02:40:00,2017-07-07 02:26:00,2017-07-07 02:40:00,TEST
8,2017-07-07 02:41:00,2017-07-07 02:27:00,2017-07-07 02:41:00,TEST
8,2017-07-07 02:42:00,2017-07-07 02:28:00,2017-07-07 02:42:00,TEST
8,2017-07-07 02:43:00,2017-07-07 02:29:00,2017-07-07 02:43:00,TEST
8,2017-07-07 02:44:00,2017-07-07 02:30:00,2017-07-07 02:44:00,TEST
8,2017-07-07 02:45:00,2017-07-07 02:31:00,2017-07-07 02:45:00,TEST
8,2017-07-07 02:46:00,2017-07-07 02:32:00,2017-07-07 02:46:00,TEST
8,2017-07-07 02:47:00,2017-07-07 02:33:00,2017-07-07 02:47:00,TEST
8,2017-07-07 02:48:00,2017-07-07 02:34:00,2017-07-07 02:48:00,TEST
8,2017-07-07 02:49:00,2017-07-07 02:35:00,2017-07-07 02:49:00,TEST
8,2017-07-07 02:50:00,2017-07-07 02:36:00,2017-07-07 02:50:00,TEST
8,2017-07-07 02:51:00,2017-07-07 02:37:00,2017-07-07 02:51:00,TEST
8,2017-07-07 02:52:00,2017-07-07 02:38:00,2017-07-07 02:52:00,TEST
8,2017-07-07 02:53:00,2017-07-07 02:39:00,2017-07-07 02:53:00,TEST
8,2017-07-07 02:54:00,2017-07-07 02:40:00,2017-07-07 02:54:00,TEST
8,2017-07-07 02:55:00,2017-07-07 02:41:00,2017-07-07 02:55:00,TEST
8,2017-07-07 02:56:00,2017-07-07 02:42:00,2017-07-07 02:56:00,TEST
8,2017-07-07 02:57:00,2017-07-07 02:43:00,2017-07-07 02:57:00,TEST
8,2017-07-07 02:58:00,2017-07-07 02:44:00,2017-07-07 02:58:00,TEST
8,2017-07-07 02:59:00,2017-07-07 02:45:00,2017-07-07 02:59:00,TEST
8,2017-07-07 03:00:00,2017-07-07 02:46:00,2017-07-07 03:00:00,TEST
8,2017-07-07 03:01:00,2017-07-07 02:47:00,2017-07-07 03:01:00,TEST
8,2017-07-07 03:02:00,2017-07-07 02:48:00,2017-07-07 03:02:00,TEST
8,2017-07-07 03:03:00,2017-07-07 02:49:00,2017-07-07 03:03:00,TEST
8,2017-07-07 03:04:00,2017-07-07 02:50:00,2017-07-07 03:04:00,TEST
8,2017-07-07 03:05:00,2017-07-07 02:51:00,2017-07-07 03:05:00,TEST
8,2017-07-07 03:06:00,2017-07-07 02:52:00,2017-07-07 03:06:00,TEST
8,2017-07-07 03:07:00,2017-07-07 02:53:00,2017-07-07 03:07:00,TEST
8,2017-07-07 03:08:00,2017-07-07 02:54:00,2017-07-07 03:08:00,TEST
8,2017-07-07 03:09:00,2017-07-07 02:55:00,2017-07-07 03:09:00,TEST
8,2017-07-07 03:10:00,2017-07-07 02:56:00,2017-07-07 03:10:00,TEST
8,2017-07-07 03:11:00,2017-07-07 02:57:00,2017-07-07 03:11:00,TEST
8,2017-07-07 03:12:00,2017-07-07 02:58:00,2017-07-07 03:12:00,TEST
8,2017-07-07 03:13:00,2017-07-07 02:59:00,2017-07-07 03:13:00,TEST
8,2017-07-07 03:14:00,2017-07-07 03:00:00,2017-07-07 03:14:00,TEST
8,2017-07-07 03:15:00,2017-07-07 03:01:00,2017-07-07 03:15:00,TEST
8,2017-07-07 03:16:00,2017-07-07 03:02:00,2017-07-07 03:16:00,TEST
8,2017-07-07 03:17:00,2017-07-07 03:03:00,2017-07-07 03:17:00,TEST
8,2017-07-07 03:18:00,2017-07-07 03:04:00,2017-07-07 03:18:00,TEST
8,2017-07-07 03:19:00,2017-07-07 03:05:00,2017-07-07 03:19:00,TEST
8,2017-07-07 03:20:00,2017-07-07 03:06:00,2017-07-07 03:20:00,TEST
8,2017-07-07 03:21:00,2017-07-07 03:07:00,2017-07-07 03:21:00,TEST
8,2017-07-07 03:22:00,2017-07-07 03:08:00,2017-07-07 03:22:00,TEST
8,2017-07-07 03:23:00,2017-07-07 03:09:00,2017-07-07 03:23:00,TEST
8,2017-07-07 03:24:00,2017-07-07 03:10:00,2017-07-07 03:24:00,TEST
8,2017-07-07 03:25:00,2017-07-07 03:11:00,2017-07-07 03:25:00,TEST
8,2017-07-07 03:26:00,2017-07-07 03:12:00,2017-07-07 03:26:00,TEST
8,2017-07-07 03:27:00,2017-07-07 03:13:00,2017-07-07 03:27:00,TEST
8,2017-07-07 03:28:00,2017-07-07 03:14:00,2017-07-07 03:28:00,TEST
8,2017-07-07 03:29:00,2017-07-07 03:15:00,2017-07-07 03:29:00,TEST
8,2017-07-07 03:30:00,2017-07-07 03:16:00,2017-07-07 03:30:00,TEST
8,2017-07-07 03:31:00,2017-07-07 03:17:00,2017-07-07 03:31:00,TEST
8,2017-07-07 03:32:00,2017-07-07 03:18:00,2017-07-07 03:32:00,TEST
8,2017-07-07 03:33:00,2017-07-07 03:19:00,2017-07-07 03:33:00,TEST
8,2017-07-07 03:34:00,2017-07-07 03:20:00,2017-07-07 03:34:00,TEST
8,2017-07-07 03:35:00,2017-07-07 03:21:00,2017-07-07 03:35:00,TEST
8,2017-07-07 03:36:00,2017-07-07 03:22:00,2017-07-07 03:36:00,TEST
8,2017-07-07 03:37:00,2017-07-07 03:23:00,2017-07-07 03:37:00,TEST
8,2017-07-07 03:38:00,2017-07-07 03:24:00,2017-07-07 03:38:00,TEST
8,2017-07-07 03:39:00,2017-07-07 03:25:00,2017-07-07 03:39:00,TEST
8,2017-07-07 03:40:00,2017-07-07 03:26:00,2017-07-07 03:40:00,TEST
8,2017-07-07 03:41:00,2017-07-07 03:27:00,2017-07-07 03:41:00,TEST
8,2017-07-07 03:42:00,2017-07-07 03:28:00,2017-07-07 03:42:00,TEST
8,2017-07-07 03:43:00,2017-07-07 03:29:00,2017-07-07 03:43:00,TEST
8,2017-07-07 03:44:00,2017-07-07 03:30:00,2017-07-07 03:44:00,TEST
8,2017-07-07 03:45:00,2017-07-07 03:31:00,2017-07-07 03:45:00,TEST
8,2017-07-07 03:46:00,2017-07-07 03:32:00,2017-07-07 03:46:00,TEST
8,2017-07-07 03:47:00,2017-07-07 03:33:00,2017-07-07 03:47:00,TEST
8,2017-07-07 03:48:00,2017-07-07 03:34:00,2017-07-07 03:48:00,TEST
8,2017-07-07 03:49:00,2017-07-07 03:35:00,2017-07-07 03:49:00,TEST
8,2017-07-07 03:50:00,2017-07-07 03:36:00,2017-07-07 03:50:00,TEST
8,2017-07-07 03:51:00,2017-07-07 03:37:00,2017-07-07 03:51:00,TEST
8,2017-07-07 03:52:00,2017-07-07 03:38:00,2017-07-07 03:52:00,TEST
8,2017-07-07 03:53:00,2017-07-07 03:39:00,2017-07-07 03:53:00,TEST
8,2017-07-07 03:54:00,2017-07-07 03:40:00,2017-07-07 03:54:00,TEST
8,2017-07-07 03:55:00,2017-07-07 03:41:00,2017-07-07 03:55:00,TEST
8,2017-07-07 03:56:00,2017-07-07 03:42:00,2017-07-07 03:56:00,TEST
8,2017-07-07 03:57:00,2017-07-07 03:43:00,2017-07-07 03:57:00,TEST
8,2017-07-07 03:58:00,2017-07-07 03:44:00,2017-07-07 03:58:00,TEST
8,2017-07-07 03:59:00,2017-07-07 03:45:00,2017-07-07 03:59:00,TEST
8,2017-07-07 04:00:00,2017-07-07 03:46:00,2017-07-07 04:00:00,TEST
8,2017-07-07 04:01:00,2017-07-07 03:47:00,2017-07-07 04:01:00,TEST
8,2017-07-07 04:02:00,2017-07-07 03:48:00,2017-07-07 04:02:00,TEST
8,2017-07-07 04:03:00,2017-07-07 03:49:00,2017-07-07 04:03:00,TEST
8,2017-07-07 04:04:00,2017-07-07 03:50:00,2017-07-07 04:04:00,TEST
8,2017-07-07 04:05:00,2017-07-07 03:51:00,2017-07-07 04:05:00,TEST
8,2017-07-07 04:06:00,2017-07-07 03:52:00,2017-07-07 04:06:00,TEST
8,2017-07-07 04:07:00,2017-07-07 03:53:00,2017-07-07 04:07:00,TEST
8,2017-07-07 04:08:00,2017-07-07 03:54:00,2017-07-07 04:08:00,TEST
8,2017-07-07 04:09:00,2017-07-07 03:55:00,2017-07-07 04:09:00,TEST
8,2017-07-07 04:10:00,2017-07-07 03:56:00,2017-07-07 04:10:00,TEST
8,2017-07-07 04:11:00,2017-07-07 03:57:00,2017-07-07 04:11:00,TEST
8,2017-07-07 04:12:00,2017-07-07 03:58:00,2017-07-07 04:12:00,TEST
8,2017-07-07 04:13:00,2017-07-07 03:59:00,2017-07-07 04:13:00,TEST
8,2017-07-07 04:14:00,2017-07-07 04:00:00,2017-07-07 04:14:00,TEST
8,2017-07-07 04:15:00,2017-07-07 04:01:00,2017-07-07 04:15:00,TEST
8,2017-07-07 04:16:00,2017-07-07 04:02:00,2017-07-07 04:16:00,TEST
8,2017-07-07 04:17:00,2017-07-07 04:03:00,2017-07-07 04:17:00,TEST
8,2017-07-07 04:18:00,2017-07-07 04:04:00,2017-07-07 04:18:00,TEST
8,2017-07-07 04:19:00,2017-07-07 04:05:00,2017-07-07 04:19:00,TEST
8,2017-07-07 04:20:00,2017-07-07 04:06:00,2017-07-07 04:20:00,TEST
8,2017-07-07 04:21:00,2017-07-07 04:07:00,2017-07-07 04:21:00,TEST
8,2017-07-07 04:22:00,2017-07-07 04:08:00,2017-07-07 04:22:00,TEST
8,2017-07-07 04:23:00,2017-07-07 04:09:00,2017-07-07 04:23:00,TEST
8,2017-07-07 04:24:00,2017-07-07 04:10:00,2017-07-07 04:24:00,TEST
8,2017-07-07 04:25:00,2017-07-07 04:11:00,2017-07-07 04:25:00,TEST
8,2017-07-07 04:26:00,2017-07-07 04:12:00,2017-07-07 04:26:00,TEST
8,2017-07-07 04:27:00,2017-07-07 04:13:00,2017-07-07 04:27:00,TEST
8,2017-07-07 04:28:00,2017-07-07 04:14:00,2017-07-07 04:28:00,TEST
8,2017-07-07 04:29:00,2017-07-07 04:15:00,2017-07-07 04:29:00,TEST
8,2017-07-07 04:30:00,2017-07-07 04:16:00,2017-07-07 04:30:00,TEST
8,2017-07-07 04:31:00,2017-07-07 04:17:00,2017-07-07 04:31:00,TEST
8,2017-07-07 04:32:00,2017-07-07 04:18:00,2017-07-07 04:32:00,TEST
9,2017-07-07 09:13:00,2017-07-07 08:59:00,2017-07-07 09:13:00,TEST
9,2017-07-07 09:14:00,2017-07-07 09:00:00,2017-07-07 09:14:00,TEST
9,2017-07-07 09:15:00,2017-07-07 09:01:00,2017-07-07 09:15:00,TEST
9,2017-07-07 09:16:00,2017-07-07 09:02:00,2017-07-07 09:16:00,TEST
9,2017-07-07 09:17:00,2017-07-07 09:03:00,2017-07-07 09:17:00,TEST
9,2017-07-07 09:18:00,2017-07-07 09:04:00,2017-07-07 09:18:00,TEST
9,2017-07-07 09:19:00,2017-07-07 09:05:00,2017-07-07 09:19:00,TEST
9,2017-07-07 09:20:00,2017-07-07 09:06:00,2017-07-07 09:20:00,TEST
9,2017-07-07 09:21:00,2017-07-07 09:07:00,2017-07-07 09:21:00,TEST
9,2017-07-07 09:22:00,2017-07-07 09:08:00,2017-07-07 09:22:00,TEST
9,2017-07-07 09:23:00,2017-07-07 09:09:00,2017-07-07 09:23:00,TEST
9,2017-07-07 09:24:00,2017-07-07 09:10:00,2017-07-07 09:24:00,TEST
9,2017-07-07 09:25:00,2017-07-07 09:11:00,2017-07-07 09:25:00,TEST
9,2017-07-07 09:26:00,2017-07-07 09:12:00,2017-07-07 09:26:00,TEST
9,2017-07-07 09:27:00,2017-07-07 09:13:00,2017-07-07 09:27:00,TEST
9,2017-07-07 09:28:00,2017-07-07 09:14:00,2017-07-07 09:28:00,TEST
9,2017-07-07 09:29:00,2017-07-07 09:15:00,2017-07-07 09:29:00,TEST
9,2017-07-07 09:30:00,2017-07-07 09:16:00,2017-07-07 09:30:00,TEST
9,2017-07-07 09:31:00,2017-07-07 09:17:00,2017-07-07 09:31:00,TEST
9,2017-07-07 09:32:00,2017-07-07 09:18:00,2017-07-07 09:32:00,TEST
9,2017-07-07 09:33:00,2017-07-07 09:19:00,2017-07-07 09:33:00,TEST
9,2017-07-07 09:34:00,2017-07-07 09:20:00,2017-07-07 09:34:00,TEST
9,2017-07-07 09:35:00,2017-07-07 09:21:00,2017-07-07 09:35:00,TEST
9,2017-07-07 09:36:00,2017-07-07 09:22:00,2017-07-07 09:36:00,TEST
9,2017-07-07 09:37:00,2017-07-07 09:23:00,2017-07-07 09:37:00,TEST
9,2017-07-07 09:38:00,2017-07-07 09:24:00,2017-07-07 09:38:00,TEST
9,2017-07-07 09:39:00,2017-07-07 09:25:00,2017-07-07 09:39:00,TEST
9,2017-07-07 09:40:00,2017-07-07 09:26:00,2017-07-07 09:40:00,TEST
9,2017-07-07 09:41:00,2017-07-07 09:27:00,2017-07-07 09:41:00,TEST
9,2017-07-07 09:42:00,2017-07-07 09:28:00,2017-07-07 09:42:00,TEST
9,2017-07-07 09:43:00,2017-07-07 09:29:00,2017-07-07 09:43:00,TEST
9,2017-07-07 09:44:00,2017-07-07 09:30:00,2017-07-07 09:44:00,TEST
9,2017-07-07 09:45:00,2017-07-07 09:31:00,2017-07-07 09:45:00,TEST
9,2017-07-07 09:46:00,2017-07-07 09:32:00,2017-07-07 09:46:00,TEST
9,2017-07-07 09:47:00,2017-07-07 09:33:00,2017-07-07 09:47:00,TEST
9,2017-07-07 09:48:00,2017-07-07 09:34:00,2017-07-07 09:48:00,TEST
9,2017-07-07 09:49:00,2017-07-07 09:35:00,2017-07-07 09:49:00,TEST
9,2017-07-07 09:50:00,2017-07-07 09:36:00,2017-07-07 09:50:00,TEST
9,2017-07-07 09:51:00,2017-07-07 09:37:00,2017-07-07 09:51:00,TEST
9,2017-07-07 09:52:00,2017-07-07 09:38:00,2017-07-07 09:52:00,TEST
9,2017-07-07 09:53:00,2017-07-07 09:39:00,2017-07-07 09:53:00,TEST
9,2017-07-07 09:54:00,2017-07-07 09:40:00,2017-07-07 09:54:00,TEST
9,2017-07-07 09:55:00,2017-07-07 09:41:00,2017-07-07 09:55:00,TEST
9,2017-07-07 09:56:00,2017-07-07 09:42:00,2017-07-07 09:56:00,TEST
9,2017-07-07 09:57:00,2017-07-07 09:43:00,2017-07-07 09:57:00,TEST
9,2017-07-07 09:58:00,2017-07-07 09:44:00,2017-07-07 09:58:00,TEST
9,2017-07-07 09:59:00,2017-07-07 09:45:00,2017-07-07 09:59:00,TEST
9,2017-07-07 10:00:00,2017-07-07 09:46:00,2017-07-07 10:00:00,TEST
9,2017-07-07 10:01:00,2017-07-07 09:47:00,2017-07-07 10:01:00,TEST
9,2017-07-07 10:02:00,2017-07-07 09:48:00,2017-07-07 10:02:00,TEST
9,2017-07-07 10:03:00,2017-07-07 09:49:00,2017-07-07 10:03:00,TEST
9,2017-07-07 10:04:00,2017-07-07 09:50:00,2017-07-07 10:04:00,TEST
9,2017-07-07 10:05:00,2017-07-07 09:51:00,2017-07-07 10:05:00,TEST
9,2017-07-07 10:06:00,2017-07-07 09:52:00,2017-07-07 10:06:00,TEST
9,2017-07-07 10:07:00,2017-07-07 09:53:00,2017-07-07 10:07:00,TEST
9,2017-07-07 10:08:00,2017-07-07 09:54:00,2017-07-07 10:08:00,TEST
9,2017-07-07 10:09:00,2017-07-07 09:55:00,2017-07-07 10:09:00,TEST
9,2017-07-07 10:10:00,2017-07-07 09:56:00,2017-07-07 10:10:00,TEST
9,2017-07-07 10:11:00,2017-07-07 09:57:00,2017-07-07 10:11:00,TEST
9,2017-07-07 10:12:00,2017-07-07 09:58:00,2017-07-07 10:12:00,TEST
9,2017-07-07 10:13:00,2017-07-07 09:59:00,2017-07-07 10:13:00,TEST
9,2017-07-07 10:14:00,2017-07-07 10:00:00,2017-07-07 10:14:00,TEST
9,2017-07-07 10:15:00,2017-07-07 10:01:00,2017-07-07 10:15:00,TEST
9,2017-07-07 10:16:00,2017-07-07 10:02:00,2017-07-07 10:16:00,TEST
9,2017-07-07 10:17:00,2017-07-07 10:03:00,2017-07-07 10:17:00,TEST
9,2017-07-07 10:18:00,2017-07-07 10:04:00,2017-07-07 10:18:00,TEST
9,2017-07-07 10:19:00,2017-07-07 10:05:00,2017-07-07 10:19:00,TEST
9,2017-07-07 10:20:00,2017-07-07 10:06:00,2017-07-07 10:20:00,TEST
9,2017-07-07 10:21:00,2017-07-07 10:07:00,2017-07-07 10:21:00,TEST
9,2017-07-07 10:22:00,2017-07-07 10:08:00,2017-07-07 10:22:00,TEST
9,2017-07-07 10:23:00,2017-07-07 10:09:00,2017-07-07 10:23:00,TEST
9,2017-07-07 10:24:00,2017-07-07 10:10:00,2017-07-07 10:24:00,TEST
9,2017-07-07 10:25:00,2017-07-07 10:11:00,2017-07-07 10:25:00,TEST
9,2017-07-07 10:26:00,2017-07-07 10:12:00,2017-07-07 10:26:00,TEST
9,2017-07-07 10:27:00,2017-07-07 10:13:00,2017-07-07 10:27:00,TEST
9,2017-07-07 10:28:00,2017-07-07 10:14:00,2017-07-07 10:28:00,TEST
9,2017-07-07 10:29:00,2017-07-07 10:15:00,2017-07-07 10:29:00,TEST
9,2017-07-07 10:30:00,2017-07-07 10:16:00,2017-07-07 10:30:00,TEST
9,2017-07-07 10:31:00,2017-07-07 10:17:00,2017-07-07 10:31:00,TEST
9,2017-07-07 10:32:00,2017-07-07 10:18:00,2017-07-07 10:32:00,TEST
9,2017-07-07 10:33:00,2017-07-07 10:19:00,2017-07-07 10:33:00,TEST
9,2017-07-07 10:34:00,2017-07-07 10:20:00,2017-07-07 10:34:00,TEST
9,2017-07-07 10:35:00,2017-07-07 10:21:00,2017-07-07 10:35:00,TEST
9,2017-07-07 10:36:00,2017-07-07 10:22:00,2017-07-07 10:36:00,TEST
9,2017-07-07 10:37:00,2017-07-07 10:23:00,2017-07-07 10:37:00,TEST
9,2017-07-07 10:38:00,2017-07-07 10:24:00,2017-07-07 10:38:00,TEST
9,2017-07-07 10:39:00,2017-07-07 10:25:00,2017-07-07 10:39:00,TEST
9,2017-07-07 10:40:00,2017-07-07 10:26:00,2017-07-07 10:40:00,TEST
9,2017-07-07 10:41:00,2017-07-07 10:27:00,2017-07-07 10:41:00,TEST
9,2017-07-07 10:42:00,2017-07-07 10:28:00,2017-07-07 10:42:00,TEST
9,2017-07-07 10:43:00,2017-07-07 10:29:00,2017-07-07 10:43:00,TEST
9,2017-07-07 10:44:00,2017-07-07 10:30:00,2017-07-07 10:44:00,TEST
9,2017-07-07 10:45:00,2017-07-07 10:31:00,2017-07-07 10:45:00,TEST
9,2017-07-07 10:46:00,2017-07-07 10:32:00,2017-07-07 10:46:00,TEST
9,2017-07-07 10:47:00,2017-07-07 10:33:00,2017-07-07 10:47:00,TEST
9,2017-07-07 10:48:00,2017-07-07 10:34:00,2017-07-07 10:48:00,TEST
9,2017-07-07 10:49:00,2017-07-07 10:35:00,2017-07-07 10:49:00,TEST
9,2017-07-07 10:50:00,2017-07-07 10:36:00,2017-07-07 10:50:00,TEST
9,2017-07-07 10:51:00,2017-07-07 10:37:00,2017-07-07 10:51:00,TEST
9,2017-07-07 10:52:00,2017-07-07 10:38:00,2017-07-07 10:52:00,TEST
9,2017-07-07 10:53:00,2017-07-07 10:39:00,2017-07-07 10:53:00,TEST
9,2017-07-07 10:54:00,2017-07-07 10:40:00,2017-07-07 10:54:00,TEST
9,2017-07-07 10:55:00,2017-07-07 10:41:00,2017-07-07 10:55:00,TEST
9,2017-07-07 10:56:00,2017-07-07 10:42:00,2017-07-07 10:56:00,TEST
9,2017-07-07 10:57:00,2017-07-07 10:43:00,2017-07-07 10:57:00,TEST
9,2017-07-07 10:58:00,2017-07-07 10:44:00,2017-07-07 10:58:00,TEST
9,2017-07-07 10:59:00,2017-07-07 10:45:00,2017-07-07 10:59:00,TEST
9,2017-07-07 11:00:00,2017-07-07 10:46:00,2017-07-07 11:00:00,TEST
9,2017-07-07 11:01:00,2017-07-07 10:47:00,2017-07-07 11:01:00,TEST
9,2017-07-07 11:02:00,2017-07-07 10:48:00,2017-07-07 11:02:00,TEST
9,2017-07-07 11:03:00,2017-07-07 10:49:00,2017-07-07 11:03:00,TEST
9,2017-07-07 11:04:00,2017-07-07 10:50:00,2017-07-07 11:04:00,TEST
9,2017-07-07 11:05:00,2017-07-07 10:51:00,2017-07-07 11:05:00,TEST
9,2017-07-07 11:06:00,2017-07-07 10:52:00,2017-07-07 11:06:00,TEST
9,2017-07-07 11:07:00,2017-07-07 10:53:00,2017-07-07 11:07:00,TEST
9,2017-07-07 11:08:00,2017-07-07 10:54:00,2017-07-07 11:08:00,TEST
9,2017-07-07 11:09:00,2017-07-07 10:55:00,2017-07-07 11:09:00,TEST
9,2017-07-07 11:10:00,2017-07-07 10:56:00,2017-07-07 11:10:00,TEST
9,2017-07-07 11:11:00,2017-07-07 10:57:00,2017-07-07 11:11:00,TEST
9,2017-07-07 11:12:00,2017-07-07 10:58:00,2017-07-07 11:12:00,TEST
9,2017-07-07 11:13:00,2017-07-07 10:59:00,2017-07-07 11:13:00,TEST
9,2017-07-07 11:14:00,2017-07-07 11:00:00,2017-07-07 11:14:00,TEST
9,2017-07-07 11:15:00,2017-07-07 11:01:00,2017-07-07 11:15:00,TEST
9,2017-07-07 11:16:00,2017-07-07 11:02:00,2017-07-07 11:16:00,TEST
9,2017-07-07 11:17:00,2017-07-07 11:03:00,2017-07-07 11:17:00,TEST
9,2017-07-07 11:18:00,2017-07-07 11:04:00,2017-07-07 11:18:00,TEST
9,2017-07-07 11:19:00,2017-07-07 11:05:00,2017-07-07 11:19:00,TEST
9,2017-07-07 11:20:00,2017-07-07 11:06:00,2017-07-07 11:20:00,TEST
9,2017-07-07 11:21:00,2017-07-07 11:07:00,2017-07-07 11:21:00,TEST
9,2017-07-07 11:22:00,2017-07-07 11:08:00,2017-07-07 11:22:00,TEST
9,2017-07-07 11:23:00,2017-07-07 11:09:00,2017-07-07 11:23:00,TEST
9,2017-07-07 11:24:00,2017-07-07 11:10:00,2017-07-07 11:24:00,TEST
9,2017-07-07 11:25:00,2017-07-07 11:11:00,2017-07-07 11:25:00,TEST
9,2017-07-07 11:26:00,2017-07-07 11:12:00,2017-07-07 11:26:00,TEST
9,2017-07-07 11:27:00,2017-07-07 11:13:00,2017-07-07 11:27:00,TEST
9,2017-07-07 11:28:00,2017-07-07 11:14:00,2017-07-07 11:28:00,TEST
9,2017-07-07 11:29:00,2017-07-07 11:15:00,2017-07-07 11:29:00,TEST
9,2017-07-07 11:30:00,2017-07-07 11:16:00,2017-07-07 11:30:00,TEST
9,2017-07-07 11:31:00,2017-07-07 11:17:00,2017-07-07 11:31:00,TEST
9,2017-07-07 11:32:00,2017-07-07 11:18:00,2017-07-07 11:32:00,TEST
9,2017-07-07 11:33:00,2017-07-07 11:19:00,2017-07-07 11:33:00,TEST
9,2017-07-07 11:34:00,2017-07-07 11:20:00,2017-07-07 11:34:00,TEST
9,2017-07-07 11:35:00,2017-07-07 11:21:00,2017-07-07 11:35:00,TEST
9,2017-07-07 11:36:00,2017-07-07 11:22:00,2017-07-07 11:36:00,TEST
9,2017-07-07 11:37:00,2017-07-07 11:23:00,2017-07-07 11:37:00,TEST
9,2017-07-07 11:38:00,2017-07-07 11:24:00,2017-07-07 11:38:00,TEST
9,2017-07-07 11:39:00,2017-07-07 11:25:00,2017-07-07 11:39:00,TEST
9,2017-07-07 11:40:00,2017-07-07 11:26:00,2017-07-07 11:40:00,TEST
9,2017-07-07 11:41:00,2017-07-07 11:27:00,2017-07-07 11:41:00,TEST
9,2017-07-07 11:42:00,2017-07-07 11:28:00,2017-07-07 11:42:00,TEST
9,2017-07-07 11:43:00,2017-07-07 11:29:00,2017-07-07 11:43:00,TEST
9,2017-07-07 11:44:00,2017-07-07 11:30:00,2017-07-07 11:44:00,TEST
9,2017-07-07 11:45:00,2017-07-07 11:31:00,2017-07-07 11:45:00,TEST
9,2017-07-07 11:46:00,2017-07-07 11:32:00,2017-07-07 11:46:00,TEST
9,2017-07-07 11:47:00,2017-07-07 11:33:00,2017-07-07 11:47:00,TEST
9,2017-07-07 11:48:00,2017-07-07 11:34:00,2017-07-07 11:48:00,TEST
9,2017-07-07 11:49:00,2017-07-07 11:35:00,2017-07-07 11:49:00,TEST
9,2017-07-07 11:50:00,2017-07-07 11:36:00,2017-07-07 11:50:00,TEST
9,2017-07-07 11:51:00,2017-07-07 11:37:00,2017-07-07 11:51:00,TEST
9,2017-07-07 11:52:00,2017-07-07 11:38:00,2017-07-07 11:52:00,TEST
9,2017-07-07 11:53:00,2017-07-07 11:39:00,2017-07-07 11:53:00,TEST
9,2017-07-07 11:54:00,2017-07-07 11:40:00,2017-07-07 11:54:00,TEST
9,2017-07-07 11:55:00,2017-07-07 11:41:00,2017-07-07 11:55:00,TEST
9,2017-07-07 11:56:00,2017-07-07 11:42:00,2017-07-07 11:56:00,TEST
9,2017-07-07 11:57:00,2017-07-07 11:43:00,2017-07-07 11:57:00,TEST
9,2017-07-07 11:58:00,2017-07-07 11:44:00,2017-07-07 11:58:00,TEST
9,2017-07-07 11:59:00,2017-07-07 11:45:00,2017-07-07 11:59:00,TEST
9,2017-07-07 12:00:00,2017-07-07 11:46:00,2017-07-07 12:00:00,TEST
9,2017-07-07 12:01:00,2017-07-07 11:47:00,2017-07-07 12:01:00,TEST
9,2017-07-07 12:02:00,2017-07-07 11:48:00,2017-07-07 12:02:00,TEST
9,2017-07-07 12:03:00,2017-07-07 11:49:00,2017-07-07 12:03:00,TEST
9,2017-07-07 12:04:00,2017-07-07 11:50:00,2017-07-07 12:04:00,TEST
9,2017-07-07 12:05:00,2017-07-07 11:51:00,2017-07-07 12:05:00,TEST
9,2017-07-07 12:06:00,2017-07-07 11:52:00,2017-07-07 12:06:00,TEST
9,2017-07-07 12:07:00,2017-07-07 11:53:00,2017-07-07 12:07:00,TEST
9,2017-07-07 12:08:00,2017-07-07 11:54:00,2017-07-07 12:08:00,TEST
9,2017-07-07 12:09:00,2017-07-07 11:55:00,2017-07-07 12:09:00,TEST
9,2017-07-07 12:10:00,2017-07-07 11:56:00,2017-07-07 12:10:00,TEST
9,2017-07-07 12:11:00,2017-07-07 11:57:00,2017-07-07 12:11:00,TEST
9,2017-07-07 12:12:00,2017-07-07 11:58:00,2017-07-07 12:12:00,TEST
9,2017-07-07 12:13:00,2017-07-07 11:59:00,2017-07-07 12:13:00,TEST
9,2017-07-07 12:14:00,2017-07-07 12:00:00,2017-07-07 12:14:00,TEST
9,2017-07-07 12:15:00,2017-07-07 12:01:00,2017-07-07 12:15:00,TEST
9,2017-07-07 12:16:00,2017-07-07 12:02:00,2017-07-07 12:16:00,TEST
9,2017-07-07 12:17:00,2017-07-07 12:03:00,2017-07-07 12:17:00,TEST
9,2017-07-07 12:18:00,2017-07-07 12:04:00,2017-07-07 12:18:00,TEST
9,2017-07-07 12:19:00,2017-07-07 12:05:00,2017-07-07 12:19:00,TEST
9,2017-07-07 12:20:00,2017-07-07 12:06:00,2017-07-07 12:20:00,TEST
9,2017-07-07 12:21:00,2017-07-07 12:07:00,2017-07-07 12:21:00,TEST
9,2017-07-07 12:22:00,2017-07-07 12:08:00,2017-07-07 12:22:00,TEST
9,2017-07-07 12:23:00,2017-07-07 12:09:00,2017-07-07 12:23:00,TEST
9,2017-07-07 12:24:00,2017-07-07 12:10:00,2017-07-07 12:24:00,TEST
9,2017-07-07 12:25:00,2017-07-07 12:11:00,2017-07-07 12:25:00,TEST
9,2017-07-07 12:26:00,2017-07-07 12:12:00,2017-07-07 12:26:00,TEST
9,2017-07-07 12:27:00,2017-07-07 12:13:00,2017-07-07 12:27:00,TEST
9,2017-07-07 12:28:00,2017-07-07 12:14:00,2017-07-07 12:28:00,TEST
9,2017-07-07 12:29:00,2017-07-07 12:15:00,2017-07-07 12:29:00,TEST
